,,Название,"Цены
Заполняйте только при создании нового товара. Изменить цену существующего товара можно в разделе «Цены и акции → Обновить цены»",,,"Платное продвижение
Самые популярные способы поднять конверсию",,,"Информация о товаре
Блок можно не заполнять, если товар продается на Ozon и вы заполнили поле SKU","Дополнительная информация о товаре
Блок можно не заполнять, если товар продается на Ozon и вы заполнили либо поле SKU, либо блок ""Информация о товаре""",,,,,,,,"Одинаковые характеристики
Для всех вариантов товара, которые вы хотите объединить на одной карточке, укажите одинаковые значения в этих полях",,"Характеристики вариантов
Вы можете заполнить эти поля как одинаковыми значениями (если в этой характеристике вариант не отличается от других) или разными (если отличается)",,,"Характеристики
Блок можно не заполнять, если товар продается на Ozon и вы заполнили либо поле SKU, либо блок ""Информация о товаре""",,,,,,,,,,,,,,,,,,,,,,,,,,,,,,,,
№,Артикул*,Название товара,"Цена, руб.*","Цена до скидки, руб.","НДС, %*",Рассрочка,Баллы за отзывы,SKU,Штрихкод (Серийный номер / EAN),"Вес в упаковке, г*","Ширина упаковки, мм*","Высота упаковки, мм*","Длина упаковки, мм*",Ссылка на главное фото*,Ссылки на дополнительные фото,Ссылки на фото 360,Артикул фото,Бренд*,Название модели (для объединения в одну карточку)*,"Вес товара, г",Единиц в одном товаре,Количество заводских упаковок,Тип*,Предназначено для*,Срок годности в днях*,Возраст животного,#Хештеги,Аннотация,Rich-контент JSON,Ключевые слова,Название группы,"Размер упаковки (Длина х Ширина х Высота), см",Упаковка,Комплектация,ТН ВЭД коды ЕАЭС,Страна-изготовитель,Вид лакомства,Вкус корма для животных,Жесткость,Ветеринарная диета,Класс корма,"Содержание мяса, субпродуктов, %",Основной ингредиент,Минеральные вещества,Размер животного,Особые потребности,Особенности,Условия хранения,"Энергетическая ценность, ккал/100 г","Белки, г/100 г","Жиры, г/100 г",Состав,"Учет ФГИС ""Меркурий""",Ошибка,Предупреждение
,Обязательное поле,,Обязательное поле,,Обязательное поле,,,,,Обязательное поле,Обязательное поле,Обязательное поле,Обязательное поле,Обязательное поле,,,,"Обязательное поле
ϟ  Влияет на продвижение",Обязательное поле,,,,Обязательное поле,"Обязательное поле
Ⓜ️ Не более 3 вариантов",Обязательное поле,"Рекомендуем к заполнению
Ⓜ️ Не более 3 вариантов",,,,,,,Ⓜ️ Не более 3 вариантов,,,Ⓜ️ Не более 3 вариантов,Ⓜ️ Не более 4 вариантов,Ⓜ️ Не более 4 вариантов,,Ⓜ️ Не более 3 вариантов,,,,,Ⓜ️ Не более 3 вариантов,Ⓜ️ Не более 3 вариантов,Ⓜ️ Не более 3 вариантов,Ⓜ️ Не более 3 вариантов,,,,,,,
,Введите артикул товара или его номер в вашей базе. Артикул должен быть уникальным в рамках вашего ассортимента. https://seller-edu.ozon.ru/docs/work-with-goods/trebovaniya-k-kartochkam-tovarov/articyl-tovara.html,"Ознакомьтесь с Требованиями к названию, чтобы указать правильное название товара и пройти модерацию. Вы можете не заполнять это поле — тогда название составится автоматически из обязательных характеристик: тип + бренд + модель + важные характеристики для категории. https://seller-edu.ozon.ru/docs/nazvanie.html","Цена, которую покупатель увидит на сайте Ozon.
Если на товар есть скидка, укажите цену после ее применения ","Цена, от которой рассчитывается процент скидки. Отображается зачёркнутой рядом с актуальной ценой и помогает создать ощущение выгодной покупки. ","Укажите ставку НДС. Если товар не облагается НДС, или вы не платите НДС – укажите Не облагается ","Добавим товару пометку «Рассрочка 0–0–6» и будем отображать в специальных подборках. Дисконт удерживается только за проданные товары вместе с другими комиссиями, а Ozon сразу переводит вам полную стоимость товара. Редактировать список добавленных товаров можно в разделе «Цены и акции → Мои акции» ",Будем начислять покупателям баллы за отзывы. Товары с отзывами добавляют в корзину до 2 раз чаще. Настроить акцию можно в разделе «Товары → Отзывы покупателей → [Новая акция] Отзывы за баллы для новых товаров» ,"Заполните поле, если такой товар уже продается на Ozon. Тогда блоки справа можно не заполнять ",Введите штрихкод товара от производителя. В случае если у товара несколько штрихкодов укажите их через точку с запятой. Например: H123456;CH789012;1234567AB. https://docs.ozon.ru/partners/zagruzka-tovarov/rabota-so-shtrihkodami,"Можем взять дополнительную плату, если ОВХ отличаются от реальных. Укажите вес единицы товара в граммах вместе с упаковкой, в которой будете отправлять товар. Введите только число ","Можем взять дополнительную плату, если ОВХ отличаются от реальных. Измерьте в миллиметрах любую сторону товара в упаковке, в которой будете отправлять:

- Изделия неправильной формы — от одного края до другого
- Комплект из нескольких товаров сложите стопкой
- Одежду, текстиль и наборы для вышивания сложите пополам в упаковке https://seller-edu.ozon.ru/docs/work-with-goods/trebovaniya-k-kartochkam-tovarov/ovh.html#как-правильно-измерить-длину-ширину-и-высоту","Можем взять дополнительную плату, если ОВХ отличаются от реальных. Измерьте в миллиметрах любую сторону товара в упаковке, в которой будете отправлять:

- Изделия неправильной формы — от одного края до другого
- Комплект из нескольких товаров сложите стопкой
- Одежду, текстиль и наборы для вышивания сложите пополам в упаковке https://seller-edu.ozon.ru/docs/work-with-goods/trebovaniya-k-kartochkam-tovarov/ovh.html#как-правильно-измерить-длину-ширину-и-высоту","Можем взять дополнительную плату, если ОВХ отличаются от реальных. Измерьте в миллиметрах любую сторону товара в упаковке, в которой будете отправлять:

- Изделия неправильной формы — от одного края до другого
- Комплект из нескольких товаров сложите стопкой
- Одежду, текстиль и наборы для вышивания сложите пополам в упаковке https://seller-edu.ozon.ru/docs/work-with-goods/trebovaniya-k-kartochkam-tovarov/ovh.html#как-правильно-измерить-длину-ширину-и-высоту","Вы можете загрузить товары в xls-шаблоне и API без фото, а потом загрузить фото через карточку товара или раздел «Обновить изображения»

Требования к изображениям

- формат: jpeg, jpg, png;
- разрешение: от 200px на 200px до 4320px на 7680px;
- размер: не привышает 10МБ;
- фон: белый или светлый. Для белых или прозрачных товаров допустим черный фон. Для категории товаров Одежда, обувь и аксессуары фон серый (#f2f3f5);
название: не может содержать символы «/» и «_».Нельзя использовать
- изображения алкоголя;
- эскизы товара (например, 3D-модели);
- любые надписи (цены, логотипы, водяные знаки, контакты и пр);
- чёрно-белые фото, фото с рамками и полосками;
- размытые, нерезкие, некачественные фото;
- фотографии сделанные в «домашних условиях»: на фоне ковра, мебели с тенями от других предметов.

Требования к фото 18+
На изображениях должны быть размыты или скрыты другим образом интимные части тела.

Если найдём в карточке запрещённую информацию, возьмём плату за обработку каждого нарушения.
Подробнее https://seller-edu.ozon.ru/work-with-goods/zagruzka-tovarov/creating-goods/oshibki-pri-rabote-s-kartochkami#%D0%BA%D0%B0%D0%BA%D0%B8%D0%B5-%D0%BE%D1%88%D0%B8%D0%B1%D0%BA%D0%B8-%D1%81%D1%87%D0%B8%D1%82%D0%B0%D0%B5%D0%BC-%D0%BA%D1%80%D0%B8%D1%82%D0%B8%D1%87%D0%BD%D1%8B%D0%BC%D0%B8

Краткое требование к ссылкам

Для загрузки главного фото можно добавить только одну ссылку, лишние ссылки не будут использованы.

Прямая ссылка на изображение

По ссылкам должны открываться и скачиваться только сами изображения. Обычно такие ссылки заканчиваются символами: *.jpeg, *.jpg, *.png, но есть исключение – ссылки на Яндекс.Диск. Они доступны в формате https://yadi.sk/i/qUXcCwzmryWINw или https://disk.yandex.ru/i/qUXcCwzmryWINw

Правильная ссылка:
- не содержит дополнительных портов;
- не ведет на HTML-страницу с изображением. Например, нельзя указывать ссылку на обзор товара, в котором есть фотографии;
- не требует авторизации для доступа к изображению.

Подробнее о требованиях можно узнать в https://seller-edu.ozon.ru/work-with-goods/trebovaniya-k-kartochkam-tovarov/media/foto-i-video-tovara","Вы можете загрузить товары в xls-шаблоне и API без фото, а потом загрузить фото через карточку товара или раздел «Обновить изображения»

Требования к изображениям

- формат: jpeg, jpg, png;
- разрешение: от 200px на 200px до 4320px на 7680px;
- размер: не превышает 10МБ;
- фон: белый или светлый. Для белых или прозрачных товаров допустим черный фон. Для категории товаров Одежда, обувь и аксессуары фон серый (#f2f3f5).
- название: не может содержать символ «/».Нельзя использовать
- изображения алкоголя;
- эскизы товара (например, 3D-модели);
- любые надписи (цены, логотипы, водяные знаки, контакты и пр);
- чёрно-белые фото, фото с рамками и полосками;
- размытые, нерезкие, некачественные фото;
- фотографии сделанные в «домашних условиях»: на фоне ковра, мебели с тенями от других предметов.

Требования к фото 18+
На изображениях должны быть размыты или скрыты другим образом интимные части тела.

Если найдём в карточке запрещённую информацию, возьмём плату за обработку каждого нарушения.
Подробнее https://seller-edu.ozon.ru/work-with-goods/zagruzka-tovarov/creating-goods/oshibki-pri-rabote-s-kartochkami#%D0%BA%D0%B0%D0%BA%D0%B8%D0%B5-%D0%BE%D1%88%D0%B8%D0%B1%D0%BA%D0%B8-%D1%81%D1%87%D0%B8%D1%82%D0%B0%D0%B5%D0%BC-%D0%BA%D1%80%D0%B8%D1%82%D0%B8%D1%87%D0%BD%D1%8B%D0%BC%D0%B8

Краткое требование к ссылкам

Прямая ссылка на изображение
Если загружаете дополнительные фотографии по отдельности, поочерёдно прикрепите ссылки для каждого изображения. Ограничение по количеству – 14 штук. По ссылкам должны открываться и скачиваться только сами изображения. Обычно такие ссылки заканчиваются символами: *.jpeg, *.jpg, *.png, но есть исключение – ссылки на Яндекс.Диск. Они доступны в формате https://yadi.sk/i/qUXcCwzmryWINw или https://disk.yandex.ru/i/qUXcCwzmryWINw. Разделите ссылки пробелом или знаком переноса строки.

Правильная ссылка:
- не содержит дополнительных портов;
- не ведет на HTML-страницу с изображением. Например, нельзя указывать ссылку на обзор товара, в котором есть фотографии;
- не требует авторизации для доступа к изображению.

Ссылка на папку с изображениями
Можно использовать ссылку на папку с изображениями на Я.Диске. Например, https://yadi.sk/d/qUXcCwzmryWINw или https://disk.yandex.ru/d/qUXcCwzmryWINw

В качестве дополнительных фото будут использованы 14 изображений из папки.  Если вы хотите, чтобы картинки загрузились в нужном порядке, пронумеруйте их названия. Например, «1», «2», «3» или «фото1», «фото2», «фото3».

Подробнее о требованиях можно узнать в https://seller-edu.ozon.ru/work-with-goods/trebovaniya-k-kartochkam-tovarov/media/foto-i-video-tovara","Требования к изображениям

- формат: jpeg, jpg, png;
- разрешение: от 200px на 200px до 4320px на 7680px;
- размер: не привышает 10МБ;
- фон: белый или светлый. Для белых или прозрачных товаров допустим черный фон. Для категории товаров Одежда, обувь и аксессуары фон серый (#f2f3f5).
- название: не может содержать символ «/».

Подробнее о требованиях можно узнать в инструкции https://seller-edu.ozon.ru/docs/work-with-goods/trebovania/trebovania-k-izobrazheniyam.html

Нельзя использовать
- изображения алкоголя;
- эскизы товара (например, 3D-модели);
- любые надписи (цены, логотипы, водяные знаки, контакты и пр);
- чёрно-белые фото, фото с рамками и полосками;
- размытые, нерезкие, некачественные фото;
- фотографии сделанные в «домашних условиях»: на фоне ковра, мебели с тенями от других предметов.

Требования к фото 18+
На изображениях должны быть размыты или скрыты другим образом интимные части тела.

Если найдём в карточке запрещённую информацию, возьмём плату за обработку каждого нарушения.
Подробнее https://seller-edu.ozon.ru/work-with-goods/zagruzka-tovarov/creating-goods/oshibki-pri-rabote-s-kartochkami#%D0%BA%D0%B0%D0%BA%D0%B8%D0%B5-%D0%BE%D1%88%D0%B8%D0%B1%D0%BA%D0%B8-%D1%81%D1%87%D0%B8%D1%82%D0%B0%D0%B5%D0%BC-%D0%BA%D1%80%D0%B8%D1%82%D0%B8%D1%87%D0%BD%D1%8B%D0%BC%D0%B8

Краткое требование к ссылкам

Ссылка на папку с изображениями (рекомендуем использовать)
Можно использовать ссылку на папку с изображениями на Я.Диске. Например, https://yadi.sk/d/qUXcCwzmryWINw или https://disk.yandex.ru/d/qUXcCwzmryWINw.
Убедитесь, что в вашей папке имеется от 15 до 70 изображений. Если вы хотите, чтобы картинки загрузились в правильном порядке, пронумеруйте их названия. Например, «1», «2», «3» или «фото1», «фото2», «фото3».

Ссылка на одно изображение
Если загружаете фотографии по отдельности, поочерёдно прикрепите ссылки для каждого изображения. Ограничение по количеству – от 15 до 70 штук, но мы рекомендуем добавлять от 36 до 70. По ссылкам должны открываться и скачиваться только сами изображения. Обычно такие ссылки заканчиваются символами: *.jpeg, *.jpg, *.png, но есть исключение – ссылки на Яндекс.Диск. Они доступны в формате https://yadi.sk/i/qUXcCwzmryWINw или https://disk.yandex.ru/i/qUXcCwzmryWINw. Разделите ссылки пробелом или знаком переноса строки.

Правильная ссылка:
- не содержит дополнительных портов;
- не ведет на HTML-страницу с изображением. Например, нельзя указывать ссылку на обзор товара, в котором есть фотографии;
- не требует авторизации для доступа к изображению. ","Название файла с изображением товара.
 Запрещенные символы: ""/"" и ""_"". ","Среди брендов есть
продвигаемые — в вашем личном кабинете отмечаем их значком молнии. Товары таких брендов заметнее для покупателей, чем похожие товары конкурентов.

Продвижение платное —
управляйте им в разделе «Товары и цены -> Бренды --> Мои бренды».","Заполните данное поле любым одинаковым значением на товарах, которые хотите объединить. И по разному, если товары нужно разъединить. Объединение произойдет при условии, что товары имеют одинаковый Тип и Бренд, и хотя бы одна вариативная характеристика заполнена по разному на всех товарах в объединении. ",Вес товара без упаковки (нетто) в граммах в расчете на 1 SKU. Можно указать только целое число или десятичную дробь. Разделитель - точка. ,"Количество единиц товара, которое будет продано клиенту за указанную цену. Например, 6 бутылок воды в одной упаковке или 12 паучей корма в одной упаковке. Если продаете товар поштучно, укажите в этом поле 1. Можно указать только целое число. ","Сколько заводских упаковок продаёте под этим SKU. Пример: 24 банки детского пюре запаяны в 1 упаковку на заводе и в таком же виде продаются в других магазинах — укажите значение 1. 
Другой пример: завод выпускает лампочки в упаковках по 1 или 10 штук, а вы решили продавать по 3 лампочки и запаяли их в одну упаковку — значение атрибута будет 3 ","Выберите из списка наиболее подходящий тип товара. Типы участвуют в распределении товаров по категориям на сайте Ozon. Чтобы правильно указать тип, найдите на сайте Ozon товары, похожие на ваш, и укажите в этом поле такой же тип. ","Выберите одно или несколько значений из списка. В xls-файле варианты заполняются через точку с запятой (;) без пробелов. Эта характеристика влияет на навигацию на сайте, поэтому важно указать животных корректно. ","Срок годности, установленный производителем. Согласно оферте, общий срок годности поставляемого товара на склад FBO не должен быть менее 120 дней, в связи с чем товары могут быть не приняты при поставках по FBO. Правила по срокам годности для фулфилмент-центров Ozon и дарксторов Ozon fresh могут различаться. С регламентами по продаже со склада Ozon можно ознакомиться в ""Базе знаний"". ","Выберите из списка или укажите вручную. Можно добавить несколько значений через точку с запятой. Если точка с запятой есть в значении атрибута, поместите знак в кавычки "";"". ","Хештеги работают так же, как в соцсетях: покупатели могут нажать на них в карточке или написать в поиске. Укажите тут тренд, стиль или тематику. Например, для одежды #oldmoney #kpop #бохо, для мебели #скандинавский_стиль #минимализм #лофт. Не добавляйте бренды, параметры или название товара.  Хештег должен начинаться со знака # и содержать только буквы и цифры. Если хештег состоит из 2+ слов, соедините их нижним подчеркиванием. Длина — не более 30 символов. Укажите не больше 30 хештегов, разделяйте пробелом ","Описание товара, маркетинговый текст ","Добавьте расширенное описание товара с фото и видео по шаблону в формате JSON. Подробнее о заполнении этой характеристики можно узнать в статье ""Rich-контент"" в ""Базе знаний"". ","Через точку с запятой укажите ключевые слова и словосочетания, которые описывают ваш товар. Используйте только соответствующие фактическому товару значения. ","Введите одинаковое значение в этом атрибуте для объединения товаров в группу ""Похожие"". Обратите внимание, что товары в группе собираются в рамках одной категории второго уровня в личном кабинете. Если у товаров будет указано одно Название группы, но они находятся в разных категориях - вы получите несколько объединений товаров. Подробнее об объединении в Похожие можно прочитать здесь: https://seller-edu.ozon.ru/work-with-goods/zagruzka-tovarov/obedinenie-tovarov/pohojie-tovary ","Размеры сторон товара в упаковке в сантиметрах. Формат заполнения: ДхШхВ, где Д - длина, Ш - ширина, В - высота. Без единиц измерения. Пример: 7х6х1.5. ","Выберите одно или несколько значений из выпадающего списка, но не более 3-х. В xls-файле варианты заполняются через точку с запятой (;) без пробелов. ","Перечислите, что входит в комплект вместе с товаром: инструкция, чехол, комплект проводов и т.п. Не дублируйте сюда значения других характеристик (аннотацию, тип или количество в упаковке). Если вы поставляете товар без дополнительной комплектации, не заполняйте эту характеристику.  ","Выберите одно значение из списка. Если вы не знаете, какой код нужно указать, то вам необходимо обратиться к таможенной службе или таможенному представителю. ","Выберите из списка или укажите вручную. Можно добавить несколько значений через точку с запятой. Если точка с запятой есть в значении атрибута, поместите знак в кавычки "";"". ","Выберите из списка или укажите вручную. Можно добавить несколько значений через точку с запятой. Если точка с запятой есть в значении атрибута, поместите знак в кавычки "";"". ","Выберите из списка один или несколько основных ингредиентов, из которых изготовлен корм (не более 4).Например, курица или лосось.
 ",Выберите из списка. Можно указать только одно значение. ,"Выберите одно или несколько значений из выпадающего списка, но не более 3-х. В xls-файле варианты заполняются через точку с запятой (;) без пробелов.
 ",Выберите из списка. Можно указать только одно значение. ,Можно указать только целое число или десятичную дробь. Разделитель — точка. ,Выберите из списка. Можно указать только одно значение. ,"Минеральные вещества, содержащиеся в продукте. ","Выберите из списка или укажите вручную. Можно добавить несколько значений через точку с запятой. Если точка с запятой есть в значении атрибута, поместите знак в кавычки "";"". ","Если товар предназначен для животных с определенными особенностями, выберите одно или несколько значений из списка, но не более 3. В xls-файле варианты заполняются через точку с запятой (;) без пробелов. ","Выберите одно или несколько результатов из списка, но не более 3-х. В xls-файле варианты создаются через точку с запятой (;) без пробелов. ","Выберите одно или несколько значений из выпадающего списка, но не более 3-х. В xls-файле варианты заполняются через точку с запятой (;) без пробелов. ",Можно указать только целое число или десятичную дробь. Разделитель — точка. ,Можно указать только целое число или десятичную дробь. Разделитель — точка. ,Можно указать только целое число или десятичную дробь. Разделитель — точка. ,"Подробный состав продукта. Включите все сведения, указанные на упаковке/этикетке. ","
 ",Критичная ошибка в характеристиках товара. Товар с ошибками не будет продаваться. ,Устаревшее или незаполненное значение в характеристиках товара. Возникает при изменениях в атрибутной модели и не влияет на продажу товара. 
1,SPRD-41133,"Полнорационный сухой корм для собак 12 кг Meatline Medium Adult 1,5 см (рыба 20%, говядина 7%) протеин 25,5%","10,109.00","14,441.00",Не облагается,Нет,Нет,,4610305411331,12010,440,100,750,https://cdn1.ozone.ru/s3/multimedia-1-j/7672101895.jpg,"https://cdn1.ozone.ru/s3/multimedia-1-v/7672101763.jpg
https://cdn1.ozone.ru/s3/multimedia-1-v/7412263339.jpg
https://cdn1.ozone.ru/s3/multimedia-1-j/7412263327.jpg
https://cdn1.ozone.ru/s3/multimedia-1-a/7412263318.jpg
https://cdn1.ozone.ru/s3/multimedia-1-u/7412263338.jpg
https://cdn1.ozone.ru/s3/multimedia-1-i/7412263362.jpg
https://cdn1.ozone.ru/s3/multimedia-1-r/7412263371.jpg
https://cdn1.ozone.ru/s3/multimedia-1-x/7412263377.jpg
https://cdn1.ozone.ru/s3/multimedia-1-9/7412263317.jpg",,,SHEPHERD,корм,12000,1,1,Корм сухой,Для собак,546,Для взрослых,#натуральныйкорм,"Сухой полнорационный корм для собак с рыбой и говядиной<br/><br/>ЗДОРОВЫЙ ПИТОМЕЦ - СЧАСТЛИВЫЙ ХОЗЯИН!<br/><br/>Представляем вашему вниманию премиальный сухой корм с рыбой и говядиной - идеальное питание для вашего четвероногого друга!<br/><br/>Почему выбирают именно нас:<br/><br/>• Богатый белковый состав: 20% отборной рыбы и 7% говядины обеспечивают мощную мышечную массу<br/><br/>• Пробиотики и клетчатка для идеального пищеварения<br/><br/>• Комплекс для суставов: хондроитин + глюкозамин<br/><br/>• Формула блестящей шерсти: жирные кислоты и витамины<br/><br/>• Сердечная защита: таурин для крепкого сердца<br/><br/>• Иммуноподдержка: лизин для естественной защиты<br/><br/>• Контроль веса: L-карнитин для поддержания идеальной формы<br/><br/>• Антиоксиданты для защиты на клеточном уровне<br/><br/>🔍 Тщательно сбалансированный состав учитывает все потребности взрослых собак любых пород.<br/><br/>Закажите прямо сейчас и подарите своему питомцу:<ul><li>Энергию для активных игр</li><li>Сильные и здоровые суставы</li><li>Блестящую шерсть</li><li>Крепкое сердце</li><li>Надежную защиту иммунитета</li></ul>📦Легко хранить, дозировать и использовать.",,сухой корм для собак;корм для собак;корм для пожилых собак;корм с говядиной;для собак средних пород;корм собачий;собачий корм;собака;для собак;корм для собак сухой;,,75 x 44 x 10,Пакет,,"2309101100 - МАРКИРОВКА РФ - Корм для собак или кошек, расфасованный, не содержащий крахмал, или содержащий 10 мас.% или менее крахмала, не содержащий молочных продуктов или содержащий менее 10 мас.% молочных продуктов",Россия,,Рыба;Говядина,,,Премиум,,Рыба,"Fe (железо) 5000 г/т, Cu (медь) 600 г/т, Zn (цинк) 3000 г/т, Mn (магний) 2000 г/т, Co (кобальт) 20 г/т, Йод (I), Селен (Se), Глюкозамин, Кальций (Ca), фосфор (F), Лизин, L-карнитин, Таурин, Лецитин, Хондроитин, бета – каротин.",Средний,Защита суставов;Профилактика зубного налета;Уход за кожей и шерстью,Без ГМО;Без ароматизаторов;Без искусственных красителей,В сухом темном месте,,,,"Дегидрированное мясо и рыба 27% (рыба 20%, говядина 7%), жир куриный, печеночный гидролизат (вкусоароматическая добавка), кукуруза, пшеница,  витаминно-минеральный премикс, автолизат пивных дрожжей (источник пребиотиков MOS), холинхлорид, поваренная соль, DL-метионин, антиоксидант.",Нет,,
2,SPRD-02917,"Бычий корень ""Тюльпан"" 500 г SHEPHERD TM","4,917.00","7,024.00",Не облагается,Нет,Нет,,4680614029176,510,300,80,170,https://cdn1.ozone.ru/s3/multimedia-1-i/7380106794.jpg,"https://cdn1.ozone.ru/s3/multimedia-1-0/7514037900.jpg
https://cdn1.ozone.ru/s3/multimedia-1-r/7380106695.jpg
https://cdn1.ozone.ru/s3/multimedia-1-l/7246224453.jpg
https://cdn1.ozone.ru/s3/multimedia-1-8/7380134252.jpg
https://cdn1.ozone.ru/s3/multimedia-1-2/7246224470.jpg
https://cdn1.ozone.ru/s3/multimedia-1-m/7246224454.jpg
https://cdn1.ozone.ru/s3/multimedia-1-k/7380106688.jpg
https://cdn1.ozone.ru/s3/multimedia-1-7/7380134071.jpg
https://cdn1.ozone.ru/s3/multimedia-1-x/7246224465.jpg
https://cdn1.ozone.ru/s3/multimedia-1-h/7246224485.jpg
https://cdn1.ozone.ru/s3/multimedia-1-c/7380134220.jpg
https://cdn1.ozone.ru/s3/multimedia-1-f/7380106791.jpg
https://cdn1.ozone.ru/s3/multimedia-1-p/7246224457.jpg
https://cdn1.ozone.ru/s3/multimedia-1-0/7380106776.jpg
https://cdn1.ozone.ru/s3/multimedia-1-0/7380134280.jpg
https://cdn1.ozone.ru/s3/multimedia-1-o/7380106764.jpg
https://cdn1.ozone.ru/s3/multimedia-1-l/7380106689.jpg
https://cdn1.ozone.ru/s3/multimedia-1-7/7380134359.jpg
https://cdn1.ozone.ru/s3/multimedia-1-s/7380106696.jpg",,,SHEPHERD,тюльпан,500,,,Лакомство,Для собак,546,Для маленьких;Для взрослых;Для пожилых,,"Забота о здоровье и удовольствие в одном угощении! <br/><br/>Говяжий корень ""Тюльпан"" – это 100% натуральный продукт, который поддерживает здоровье зубов, десен и общее самочувствие вашего питомца.<br/><br/>Почему выбирают нас?<ul><li>Собственное производство. Благодаря собственному производству мы контролируем каждый этап создания продукта, чтобы вы получили только самое лучшее</li></ul><ul><li> 100% натуральный состав. Без добавок, красителей и консервантов.</li><li>Здоровье зубов. Хрустящая текстура очищает налет, предотвращает камень и массирует десны. </li><li>Богат белком. Поддерживает мышцы и обмен веществ. </li><li> Успокаивает и развлекает. Длительное жевание снижает стресс и удовлетворяет желание грызть.</li></ul>Закажите говяжий корень ""Тюльпан"" прямо сейчас!",,лакомства для собак;для собак;лакомства для собак мелких пород;лакомство для собак мелких пород;для собак лакомство;для собак мелких пород;лакомство для собак;вкусняшки для собак;лакомства для собак крупных пород;вкусняшки для собак средних пород;бычий корень для собак мелких пород;бычий корень;собачьи вкусняшки;лакомства для собак крупных;собачье лакомство;вкусняшки для собак мелких;лакомство для собак средних;,,,Вакуумная упаковка,,"2309109000 - МАРКИРОВКА РФ - Прочий корм для собак или кошек, расфасованный для розничной продажи",Россия,Корень;Кость из жил,Говядина,,,,,Мясо,,Средний;Крупный,Предупреждение стрессов;Профилактика зубного налета,Без ГМО;Без ароматизаторов;Без вкусовых добавок,При температуре от +4`С до +25`С,216,42.6,5,100% бычий корень,Нет,,
3,SPRD-02652,Аорта говяжья 1000г натуральное лакомство для собак,"3,800.00","9,934.00",Не облагается,Нет,Нет,,4680614026526,1020,30,400,400,https://cdn1.ozone.ru/s3/multimedia-1-6/7237271454.jpg,"https://cdn1.ozone.ru/s3/multimedia-1-o/7237271436.jpg
https://cdn1.ozone.ru/s3/multimedia-1-a/7237271458.jpg
https://cdn1.ozone.ru/s3/multimedia-1-2/7235006510.jpg
https://cdn1.ozone.ru/s3/multimedia-1-z/7235006471.jpg
https://cdn1.ozone.ru/s3/multimedia-1-s/7235006500.jpg
https://cdn1.ozone.ru/s3/multimedia-1-j/7235006563.jpg
https://cdn1.ozone.ru/s3/multimedia-1-1/7235006545.jpg
https://cdn1.ozone.ru/s3/multimedia-1-7/7235006551.jpg
https://cdn1.ozone.ru/s3/multimedia-1-s/7237271440.jpg
https://cdn1.ozone.ru/s3/multimedia-1-0/7237271448.jpg
https://cdn1.ozone.ru/s3/multimedia-1-u/7237271442.jpg
https://cdn1.ozone.ru/s3/multimedia-1-e/7237271426.jpg
https://cdn1.ozone.ru/s3/multimedia-1-3/7237271451.jpg
https://cdn1.ozone.ru/s3/multimedia-1-f/7237271427.jpg
https://cdn1.ozone.ru/s3/multimedia-1-t/7237271441.jpg
https://cdn1.ozone.ru/s3/multimedia-1-h/7237271429.jpg",,,SHEPHERD,"Аорта говяжья , натуральный сушёный для собак.",1000,1,,Лакомство,Для собак,365,Для взрослых;Для маленьких;Для пожилых,#лакомствадлясобак #вкусняшкидлясобак #длясреднихпород,"Ищете лакомства для собак, которое не только порадует вашего питомца, но и принесет пользу его здоровью?<br/><br/>Попробуйте нашу говяжью аорту —  натуральный продукт, насыщенный аминокислотами, микроэлементами и коллагеном. Это лакомство подходит для собак всех возрастов и размеров!<br/><br/>Польза:<ul><li>Питательные вещества. Является источником аминокислот, необходимых для роста и восстановления тканей. Укрепляют не только иммунную систему и помогают поддерживать энергетический баланс вашего питомца, но и является вкусняшкой для собак.</li><li>Здоровье суставов. Высокое содержание коллагена способствует укреплению хрящевой ткани и повышает её эластичность. Это особенно важно для активных собак и пожилых питомцев, у которых могут возникать проблемы с суставами и костями.</li><li>Гигиена полости рта. Текстура аорты помогает удалять зубной налет и массировать десны, предотвращая образование зубного камня и улучшая здоровье полости рта.</li><li> Долгоиграющее лакомство спаситель вашего дома. Пока ваш питомец занимается вкусной погрызушкой ваша мебель и обувь будет в целости.</li></ul>Мы обладаем многолетним опытом и знаем, как заботиться о ваших питомцах.<ul><li>Удобная упаковка. Лакомства удобно хранить и брать с собой в поездки или на прогулки.<br/><br/>Почему стоит взять несколько вкусов?<ul><li>Разнообразие. Ваш питомец забудет о скучных перекусах, если вы будете чередовать разные вкусы!</li><li>Эксперименты. Найдите тот самый любимый вкус, который станет хитом у вашего друга!</li><li>Соблюдение баланса. Разнообразие помогает обеспечить поступление всех необходимых витаминов и минералов.</li></ul></li></ul>","{
  ""content"": [
    {
      ""widgetName"": ""raShowcase"",
      ""type"": ""billboard"",
      ""blocks"": [
        {
          ""imgLink"": ""https://www.ozon.ru/seller/shepherd-1468751/products/?miniapp=seller_1468751"",
          ""img"": {
            ""src"": ""https://cdn1.ozone.ru/s3/multimedia-1-k/7430505860.jpg"",
            ""srcMobile"": ""https://cdn1.ozone.ru/s3/multimedia-1-k/7430505860.jpg"",
            ""alt"": """",
            ""position"": ""width_one_third"",
            ""positionMobile"": ""width_full"",
            ""widthMobile"": 1182,
            ""heightMobile"": 1182
          },
          ""title"": {
            ""items"": [
              {
                ""type"": ""text"",
                ""content"": ""Shepherd TM""
              }
            ],
            ""size"": ""size7"",
            ""align"": ""center"",
            ""color"": ""color1""
          },
          ""text"": {
            ""size"": ""size2"",
            ""align"": ""center"",
            ""color"": ""color1"",
            ""items"": [
              {
                ""type"": ""text"",
                ""content"": ""Мы специализируемся на производстве\r""
              },
              {
                ""type"": ""br""
              },
              {
                ""type"": ""text"",
                ""content"": ""100% натуральных лакомств и сбалансированных рационов для животных.""
              },
              {
                ""type"": ""br""
              },
              {
                ""type"": ""text"",
                ""content"": ""У нас большой выбор на любой вкус. Ваши питомцы останутся довольны.""
              },
              {
                ""type"": ""br""
              }
            ]
          }
        }
      ]
    },
    {
      ""widgetName"": ""raTextBlock"",
      ""title"": {
        ""items"": [
          {
            ""type"": ""text"",
            ""content"": ""Аорта говяжья для собак""
          }
        ],
        ""size"": ""size7"",
        ""color"": ""color1"",
        ""align"": ""center""
      },
      ""theme"": ""tertiary"",
      ""padding"": ""type2"",
      ""gapSize"": ""s"",
      ""text"": {
        ""size"": ""size2"",
        ""align"": ""left"",
        ""color"": ""color1"",
        ""items"": [
          {
            ""type"": ""text"",
            ""content"": ""Ищете идеальное лакомство, которое не только порадует вашего питомца, но и принесет пользу его здоровью? \r""
          },
          {
            ""type"": ""br""
          },
          {
            ""type"": ""text"",
            ""content"": ""\r""
          },
          {
            ""type"": ""br""
          },
          {
            ""type"": ""text"",
            ""content"": ""Попробуйте нашу говяжью аорту — 100% натуральный продукт, насыщенный аминокислотами, микроэлементами и коллагеном. Это лакомство подходит для собак всех возрастов и размеров!\r""
          },
          {
            ""type"": ""br""
          },
          {
            ""type"": ""text"",
            ""content"": ""\r""
          },
          {
            ""type"": ""br""
          },
          {
            ""type"": ""text"",
            ""content"": ""Польза:\r""
          },
          {
            ""type"": ""br""
          },
          {
            ""type"": ""text"",
            ""content"": ""Питательные вещества. Аорта является источником аминокислот, необходимых для роста и восстановления тканей. Они укрепляют иммунную систему и помогают поддерживать энергетический баланс вашего питомца.\r""
          },
          {
            ""type"": ""br""
          },
          {
            ""type"": ""text"",
            ""content"": ""Здоровье суставов. Высокое содержание коллагена способствует укреплению хрящевой ткани и повышает её эластичность. Это особенно важно для активных собак и пожилых питомцев, у которых могут возникать проблемы с суставами и костями.\r""
          },
          {
            ""type"": ""br""
          },
          {
            ""type"": ""text"",
            ""content"": ""Гигиена полости рта. Текстура аорты помогает удалять зубной налет и массировать десны, предотвращая образование зубного камня и улучшая здоровье полости рта.\r""
          },
          {
            ""type"": ""br""
          },
          {
            ""type"": ""text"",
            ""content"": ""Мы обладаем многолетним опытом и знаем, как заботиться о ваших питомцах.\r""
          },
          {
            ""type"": ""br""
          },
          {
            ""type"": ""text"",
            ""content"": ""Натуральные ингредиенты. Мы используем только высококачественные компоненты, соответствующие всем ветеринарным требованиям и стандартам. Никаких консервантов и химических добавок!\r""
          },
          {
            ""type"": ""br""
          },
          {
            ""type"": ""text"",
            ""content"": ""Контроль качества. Каждый этап производства проходит строгий контроль, что гарантирует свежесть и безопасность нашей продукции.\r""
          },
          {
            ""type"": ""br""
          },
          {
            ""type"": ""text"",
            ""content"": ""Уникальная технология сушки. Благодаря специальному процессу, все полезные вещества сохраняются в каждом кусочке, принося максимальную пользу вашему питомцу.\r""
          },
          {
            ""type"": ""br""
          },
          {
            ""type"": ""text"",
            ""content"": ""Удобная упаковка. Лакомства удобно хранить и брать с собой в поездки или на прогулки.\r""
          },
          {
            ""type"": ""br""
          },
          {
            ""type"": ""text"",
            ""content"": ""\r""
          },
          {
            ""type"": ""br""
          },
          {
            ""type"": ""text"",
            ""content"": ""Почему стоит взять несколько вкусов?\r""
          },
          {
            ""type"": ""br""
          },
          {
            ""type"": ""text"",
            ""content"": "" Разнообразие. Ваш питомец забудет о скучных перекусах, если вы будете чередовать разные вкусы!\r""
          },
          {
            ""type"": ""br""
          },
          {
            ""type"": ""text"",
            ""content"": "" Эксперименты. Найдите тот самый любимый вкус, который станет хитом у вашего друга!\r""
          },
          {
            ""type"": ""br""
          },
          {
            ""type"": ""text"",
            ""content"": ""Соблюдение баланса. Разнообразие помогает обеспечить поступление всех необходимых витаминов и минералов.""
          }
        ]
      }
    },
    {
      ""widgetName"": ""raShowcase"",
      ""type"": ""chess"",
      ""blocks"": [
        {
          ""img"": {
            ""src"": ""https://cdn1.ozone.ru/s3/multimedia-1-b/7436481563.jpg"",
            ""srcMobile"": ""https://cdn1.ozone.ru/s3/multimedia-1-b/7436481563.jpg"",
            ""alt"": """",
            ""position"": ""to_the_edge"",
            ""positionMobile"": ""fill"",
            ""widthMobile"": 1680,
            ""heightMobile"": 1680
          },
          ""imgLink"": """",
          ""title"": {
            ""items"": [
              {
                ""type"": ""text"",
                ""content"": ""С любовью и заботой ""
              }
            ],
            ""size"": ""size6"",
            ""align"": ""center"",
            ""color"": ""color1""
          },
          ""text"": {
            ""size"": ""size2"",
            ""align"": ""center"",
            ""color"": ""color1"",
            ""items"": [
              {
                ""type"": ""text"",
                ""content"": ""Мы используем только качественное мясо и тщательно следим за стандартами, чтобы обеспечить здоровье ваших питомцев. Наши корма – это продукты, созданные с любовью и заботой.""
              }
            ]
          },
          ""reverse"": false
        },
        {
          ""img"": {
            ""src"": ""https://cdn1.ozone.ru/s3/multimedia-1-p/7435712833.jpg"",
            ""srcMobile"": ""https://cdn1.ozone.ru/s3/multimedia-1-p/7435712833.jpg"",
            ""alt"": """",
            ""position"": ""fill"",
            ""positionMobile"": ""fill"",
            ""widthMobile"": 866,
            ""heightMobile"": 831
          },
          ""imgLink"": """",
          ""title"": {
            ""items"": [
              {
                ""type"": ""text"",
                ""content"": ""Технология""
              }
            ],
            ""size"": ""size6"",
            ""align"": ""center"",
            ""color"": ""color1""
          },
          ""text"": {
            ""size"": ""size2"",
            ""align"": ""left"",
            ""color"": ""color1"",
            ""items"": [
              {
                ""type"": ""text"",
                ""content"": ""Мы производим натуральные лакомства и сбалансированные рационы для собак, не используя консерванты и химические добавки.""
              }
            ]
          },
          ""reverse"": true
        }
      ]
    }
  ],
  ""version"": 0.3
}",аорта для собак;лакомства для собак;лакомство для собак;кость для собак крупных пород;лакомства для собак крупных пород; лакомство аорта;аорта говяжья для собак;shepherd;сушеные лакомства;говяжья кость для собак,группа 10,125х30х420,Бумажный пакет;Вакуумная упаковка,,"2309109000 - МАРКИРОВКА РФ - Прочий корм для собак или кошек, расфасованный для розничной продажи",Россия,Аорта;Палочки,Говядина,Хрустящие,,,,Мясо,,Крупный;Малый;Средний,Профилактика зубного налета,Без ГМО;Без ароматизаторов;Без вкусовых добавок,В сухом месте;Не подвергать воздействию прямого солнечного света,287,25.8,22.7,"100% говяжья аорта

",Нет,,
4,SPRD-02245,Лакомство для собак бараний калтык SHEPHERD TM 1000г,"4,806.00","6,865.00",Не облагается,Нет,Нет,,4680614022450,1015,40,400,300,https://cdn1.ozone.ru/s3/multimedia-1-d/7288221073.jpg,"https://cdn1.ozone.ru/s3/multimedia-1-p/7288221085.jpg
https://cdn1.ozone.ru/s3/multimedia-1-e/7288221074.jpg
https://cdn1.ozone.ru/s3/multimedia-1-g/7254402892.jpg
https://cdn1.ozone.ru/s3/multimedia-1-r/7254402939.jpg
https://cdn1.ozone.ru/s3/multimedia-1-o/7288221084.jpg
https://cdn1.ozone.ru/s3/multimedia-1-c/7254411600.jpg
https://cdn1.ozone.ru/s3/multimedia-1-p/7254402937.jpg
https://cdn1.ozone.ru/s3/multimedia-1-n/7254402899.jpg
https://cdn1.ozone.ru/s3/multimedia-1-f/7254402891.jpg
https://cdn1.ozone.ru/s3/multimedia-1-m/7288221082.jpg
https://cdn1.ozone.ru/s3/multimedia-1-k/7288221080.jpg
https://cdn1.ozone.ru/s3/multimedia-1-l/7288221081.jpg
https://cdn1.ozone.ru/s3/multimedia-1-n/7288221083.jpg
https://cdn1.ozone.ru/s3/multimedia-1-g/7288221076.jpg
https://cdn1.ozone.ru/s3/multimedia-1-i/7288221078.jpg
https://cdn1.ozone.ru/s3/multimedia-1-j/7288221079.jpg
https://cdn1.ozone.ru/s3/multimedia-1-f/7288221075.jpg
https://cdn1.ozone.ru/s3/multimedia-1-h/7288221077.jpg
https://cdn1.ozone.ru/s3/multimedia-1-w/7288221092.jpg
https://cdn1.ozone.ru/s3/multimedia-1-c/7288221072.jpg",,,SHEPHERD,"Бараний калтык, сушёное для собак, 100% натуральное.",1000,1,1,Лакомство,Для собак,365,Для взрослых;Для маленьких;Для пожилых,#лакомствадлясобак #вкусняшкидлясобак #длясреднихпород #баранийкалтыкдлясобак #легкоеговяжьедлясобак #лакомствадлясобак #вкусняшкидлясобак #длясреднихпород #утиныетрахеидлясобак #аортадлясобак #шепард,"Калтык бараний — натуральное лакомство для собак, богатое кальцием, белком и другими полезными веществами.<br/><br/>Польза:<ul><li>Кальций. Калтык бараний — отличный источник кальция, который поддерживает здоровье костей и зубов. Особенно важно в период роста и смены зубов у щенков.</li><li>Белок. Лакомство из баранины содержит высокий уровень белка, который является основным строительным материалом для мышц, кожи и шерсти вашего питомца.</li><li>Коллаген.  Богатый состав соединительной и хрящевой ткани делает калтык бараний отличным источником коллагена. Коллаген способствует здоровью кожи и шерсти, а также поддерживает суставы, что особенно важно для активных и стареющих собак.</li><li>Для дрессировки. Его можно использовать как лакомство для дрессировки собак , нарезав на небольшие кусочки. Такие собачьи вкусняшки станут идеальным поощрением для ваших занятий с питомцем.</li></ul>Наши деревенские лакомства для собак — это продукт, созданный с любовью и заботой о вашем питомце. Они изготовлены из натуральной баранины без искусственных добавок, красителей или консервантов.<br/><br/>Не упускайте возможность улучшить здоровье и самочувствие вашего любимца вместе с SHEPHERD!<br/><br/> ","{
  ""content"": [
    {
      ""widgetName"": ""raShowcase"",
      ""type"": ""billboard"",
      ""blocks"": [
        {
          ""imgLink"": ""https://www.ozon.ru/seller/shepherd-1468751/products/?miniapp=seller_1468751"",
          ""img"": {
            ""src"": ""https://cdn1.ozone.ru/s3/multimedia-1-f/7435712823.jpg"",
            ""srcMobile"": ""https://cdn1.ozone.ru/s3/multimedia-1-f/7435712823.jpg"",
            ""alt"": """",
            ""position"": ""width_one_third"",
            ""positionMobile"": ""width_full"",
            ""widthMobile"": 1182,
            ""heightMobile"": 1182
          },
          ""title"": {
            ""items"": [
              {
                ""type"": ""text"",
                ""content"": ""Shepherd TM""
              }
            ],
            ""size"": ""size7"",
            ""align"": ""center"",
            ""color"": ""color1""
          },
          ""text"": {
            ""size"": ""size2"",
            ""align"": ""center"",
            ""color"": ""color1"",
            ""items"": [
              {
                ""type"": ""text"",
                ""content"": ""Мы специализируемся на производстве\r""
              },
              {
                ""type"": ""br""
              },
              {
                ""type"": ""text"",
                ""content"": ""100% натуральных лакомств и сбалансированных рационов для животных.""
              },
              {
                ""type"": ""br""
              },
              {
                ""type"": ""text"",
                ""content"": ""У нас большой выбор на любой вкус. Ваши питомцы останутся довольны.""
              },
              {
                ""type"": ""br""
              }
            ]
          }
        }
      ]
    },
    {
      ""widgetName"": ""raTextBlock"",
      ""title"": {
        ""items"": [
          {
            ""type"": ""text"",
            ""content"": ""Бараний калтык для собак""
          }
        ],
        ""size"": ""size7"",
        ""color"": ""color1"",
        ""align"": ""center""
      },
      ""theme"": ""tertiary"",
      ""padding"": ""type2"",
      ""gapSize"": ""s"",
      ""text"": {
        ""size"": ""size2"",
        ""align"": ""left"",
        ""color"": ""color1"",
        ""items"": [
          {
            ""type"": ""text"",
            ""content"": ""Калтык бараний — натуральное лакомство для собак, богатое кальцием, белком и другими полезными веществами.\r""
          },
          {
            ""type"": ""br""
          },
          {
            ""type"": ""text"",
            ""content"": ""\r""
          },
          {
            ""type"": ""br""
          },
          {
            ""type"": ""text"",
            ""content"": ""Польза:\r""
          },
          {
            ""type"": ""br""
          },
          {
            ""type"": ""text"",
            ""content"": ""Кальций. Калтык бараний — отличный источник кальция, который поддерживает здоровье костей и зубов. Особенно важно в период роста и смены зубов у щенков.\r""
          },
          {
            ""type"": ""br""
          },
          {
            ""type"": ""text"",
            ""content"": ""Белок. Лакомство из баранины содержит высокий уровень белка, который является основным строительным материалом для мышц, кожи и шерсти вашего питомца.\r""
          },
          {
            ""type"": ""br""
          },
          {
            ""type"": ""text"",
            ""content"": ""Коллаген.  Богатый состав соединительной и хрящевой ткани делает калтык бараний отличным источником коллагена. Коллаген способствует здоровью кожи и шерсти, а также поддерживает суставы, что особенно важно для активных и стареющих собак.\r""
          },
          {
            ""type"": ""br""
          },
          {
            ""type"": ""text"",
            ""content"": ""Для дрессировки. Его можно использовать как лакомство для дрессировки собак , нарезав на небольшие кусочки. Такие собачьи вкусняшки станут идеальным поощрением для ваших занятий с питомцем.\r""
          },
          {
            ""type"": ""br""
          },
          {
            ""type"": ""text"",
            ""content"": ""Наши деревенские лакомства для собак — это продукт, созданный с любовью и заботой о вашем питомце. Они изготовлены из натуральной баранины без искусственных добавок, красителей или консервантов.\r""
          },
          {
            ""type"": ""br""
          },
          {
            ""type"": ""text"",
            ""content"": ""\r""
          },
          {
            ""type"": ""br""
          },
          {
            ""type"": ""text"",
            ""content"": ""Не упускайте возможность улучшить здоровье и самочувствие вашего любимца вместе с SHEPHERD!""
          }
        ]
      }
    },
    {
      ""widgetName"": ""raShowcase"",
      ""type"": ""chess"",
      ""blocks"": [
        {
          ""img"": {
            ""src"": ""https://cdn1.ozone.ru/s3/multimedia-1-m/7438962082.jpg"",
            ""srcMobile"": ""https://cdn1.ozone.ru/s3/multimedia-1-m/7438962082.jpg"",
            ""alt"": """",
            ""position"": ""to_the_edge"",
            ""positionMobile"": ""fill"",
            ""widthMobile"": 1680,
            ""heightMobile"": 1680
          },
          ""imgLink"": """",
          ""title"": {
            ""items"": [
              {
                ""type"": ""text"",
                ""content"": ""С любовью и заботой ""
              }
            ],
            ""size"": ""size6"",
            ""align"": ""center"",
            ""color"": ""color1""
          },
          ""text"": {
            ""size"": ""size2"",
            ""align"": ""center"",
            ""color"": ""color1"",
            ""items"": [
              {
                ""type"": ""text"",
                ""content"": ""Мы используем только качественное мясо и тщательно следим за стандартами, чтобы обеспечить здоровье ваших питомцев. Наши лакомства – это продукты, созданные с любовью и заботой.""
              }
            ]
          },
          ""reverse"": false
        },
        {
          ""img"": {
            ""src"": ""https://cdn1.ozone.ru/s3/multimedia-1-9/7552805985.jpg"",
            ""srcMobile"": ""https://cdn1.ozone.ru/s3/multimedia-1-9/7552805985.jpg"",
            ""alt"": """",
            ""position"": ""fill"",
            ""positionMobile"": ""fill"",
            ""widthMobile"": 1200,
            ""heightMobile"": 1600
          },
          ""imgLink"": """",
          ""title"": {
            ""items"": [
              {
                ""type"": ""text"",
                ""content"": ""Технология""
              }
            ],
            ""size"": ""size6"",
            ""align"": ""center"",
            ""color"": ""color1""
          },
          ""text"": {
            ""size"": ""size2"",
            ""align"": ""left"",
            ""color"": ""color1"",
            ""items"": [
              {
                ""type"": ""text"",
                ""content"": ""Мы производим натуральные лакомства и сбалансированные рационы для собак, не используя консерванты и химические добавки.""
              }
            ]
          },
          ""reverse"": true
        }
      ]
    }
  ],
  ""version"": 0.3
}",лакомство для собак;лакомства для собак;лакомства для собак мелких пород;shepherd;баранина;собачьи вкусняшки;вкусняшки для собак для дрессировки;лакомства для щенков мелких пород;вкусняшки для грызунов;кость для собак большая;лакомства для собак средних,группа 16,165 х 30 х 225; 135 х 30 х 220,Вакуумная упаковка;Дой-пак,,"2309109000 - МАРКИРОВКА РФ - Прочий корм для собак или кошек, расфасованный для розничной продажи",Россия,Калтык,Баранина,Твердые,,,,Мясо,,Крупный;Малый;Средний,Профилактика зубного налета,Без ГМО;Без ароматизаторов;Без вкусовых добавок,В сухом месте;Не подвергать воздействию прямого солнечного света,349,60.3,12,100% бараний калтык,Нет,,
5,SPRD-02244,Лакомство для собак бараний калтык SHEPHERD TM 500г,"2,761.00","3,944.00",Не облагается,Нет,Нет,,4680614022443,508,40,300,200,https://cdn1.ozone.ru/s3/multimedia-1-w/7288221092.jpg,"https://cdn1.ozone.ru/s3/multimedia-1-p/7288221085.jpg
https://cdn1.ozone.ru/s3/multimedia-1-e/7288221074.jpg
https://cdn1.ozone.ru/s3/multimedia-1-g/7254402892.jpg
https://cdn1.ozone.ru/s3/multimedia-1-r/7254402939.jpg
https://cdn1.ozone.ru/s3/multimedia-1-o/7288221084.jpg
https://cdn1.ozone.ru/s3/multimedia-1-c/7254411600.jpg
https://cdn1.ozone.ru/s3/multimedia-1-p/7254402937.jpg
https://cdn1.ozone.ru/s3/multimedia-1-n/7254402899.jpg
https://cdn1.ozone.ru/s3/multimedia-1-f/7254402891.jpg
https://cdn1.ozone.ru/s3/multimedia-1-m/7288221082.jpg
https://cdn1.ozone.ru/s3/multimedia-1-k/7288221080.jpg
https://cdn1.ozone.ru/s3/multimedia-1-l/7288221081.jpg
https://cdn1.ozone.ru/s3/multimedia-1-d/7288221073.jpg
https://cdn1.ozone.ru/s3/multimedia-1-n/7288221083.jpg
https://cdn1.ozone.ru/s3/multimedia-1-g/7288221076.jpg
https://cdn1.ozone.ru/s3/multimedia-1-i/7288221078.jpg
https://cdn1.ozone.ru/s3/multimedia-1-j/7288221079.jpg
https://cdn1.ozone.ru/s3/multimedia-1-f/7288221075.jpg
https://cdn1.ozone.ru/s3/multimedia-1-h/7288221077.jpg
https://cdn1.ozone.ru/s3/multimedia-1-c/7288221072.jpg",,,SHEPHERD,"Бараний калтык, сушёное для собак, 100% натуральное.",500,1,1,Лакомство,Для собак,365,Для взрослых;Для маленьких;Для пожилых,#лакомствадлясобак #вкусняшкидлясобак #длясреднихпород #баранийкалтыкдлясобак #легкоеговяжьедлясобак #лакомствадлясобак #вкусняшкидлясобак #длясреднихпород #утиныетрахеидлясобак #аортадлясобак #шепард,"Калтык бараний — натуральное лакомство для собак, богатое кальцием, белком и другими полезными веществами.<br/><br/>Польза:<ul><li>Кальций. Калтык бараний — отличный источник кальция, который поддерживает здоровье костей и зубов. Особенно важно в период роста и смены зубов у щенков.</li><li>Белок. Лакомство из баранины содержит высокий уровень белка, который является основным строительным материалом для мышц, кожи и шерсти вашего питомца.</li><li>Коллаген.  Богатый состав соединительной и хрящевой ткани делает калтык бараний отличным источником коллагена. Коллаген способствует здоровью кожи и шерсти, а также поддерживает суставы, что особенно важно для активных и стареющих собак.</li><li>Для дрессировки. Его можно использовать как лакомство для дрессировки собак , нарезав на небольшие кусочки. Такие собачьи вкусняшки станут идеальным поощрением для ваших занятий с питомцем.</li></ul>Наши деревенские лакомства для собак — это продукт, созданный с любовью и заботой о вашем питомце. Они изготовлены из натуральной баранины без искусственных добавок, красителей или консервантов.<br/><br/>Не упускайте возможность улучшить здоровье и самочувствие вашего любимца вместе с SHEPHERD!<br/><br/> ","{
  ""content"": [
    {
      ""widgetName"": ""raShowcase"",
      ""type"": ""billboard"",
      ""blocks"": [
        {
          ""imgLink"": ""https://www.ozon.ru/seller/shepherd-1468751/products/?miniapp=seller_1468751"",
          ""img"": {
            ""src"": ""https://cdn1.ozone.ru/s3/multimedia-1-f/7435712823.jpg"",
            ""srcMobile"": ""https://cdn1.ozone.ru/s3/multimedia-1-f/7435712823.jpg"",
            ""alt"": """",
            ""position"": ""width_one_third"",
            ""positionMobile"": ""width_full"",
            ""widthMobile"": 1182,
            ""heightMobile"": 1182
          },
          ""title"": {
            ""items"": [
              {
                ""type"": ""text"",
                ""content"": ""Shepherd TM""
              }
            ],
            ""size"": ""size7"",
            ""align"": ""center"",
            ""color"": ""color1""
          },
          ""text"": {
            ""size"": ""size2"",
            ""align"": ""center"",
            ""color"": ""color1"",
            ""items"": [
              {
                ""type"": ""text"",
                ""content"": ""Мы специализируемся на производстве\r""
              },
              {
                ""type"": ""br""
              },
              {
                ""type"": ""text"",
                ""content"": ""100% натуральных лакомств и сбалансированных рационов для животных.""
              },
              {
                ""type"": ""br""
              },
              {
                ""type"": ""text"",
                ""content"": ""У нас большой выбор на любой вкус. Ваши питомцы останутся довольны.""
              },
              {
                ""type"": ""br""
              }
            ]
          }
        }
      ]
    },
    {
      ""widgetName"": ""raTextBlock"",
      ""title"": {
        ""items"": [
          {
            ""type"": ""text"",
            ""content"": ""Бараний калтык для собак""
          }
        ],
        ""size"": ""size7"",
        ""color"": ""color1"",
        ""align"": ""center""
      },
      ""theme"": ""tertiary"",
      ""padding"": ""type2"",
      ""gapSize"": ""s"",
      ""text"": {
        ""size"": ""size2"",
        ""align"": ""left"",
        ""color"": ""color1"",
        ""items"": [
          {
            ""type"": ""text"",
            ""content"": ""Калтык бараний — натуральное лакомство для собак, богатое кальцием, белком и другими полезными веществами.\r""
          },
          {
            ""type"": ""br""
          },
          {
            ""type"": ""text"",
            ""content"": ""\r""
          },
          {
            ""type"": ""br""
          },
          {
            ""type"": ""text"",
            ""content"": ""Польза:\r""
          },
          {
            ""type"": ""br""
          },
          {
            ""type"": ""text"",
            ""content"": ""Кальций. Калтык бараний — отличный источник кальция, который поддерживает здоровье костей и зубов. Особенно важно в период роста и смены зубов у щенков.\r""
          },
          {
            ""type"": ""br""
          },
          {
            ""type"": ""text"",
            ""content"": ""Белок. Лакомство из баранины содержит высокий уровень белка, который является основным строительным материалом для мышц, кожи и шерсти вашего питомца.\r""
          },
          {
            ""type"": ""br""
          },
          {
            ""type"": ""text"",
            ""content"": ""Коллаген.  Богатый состав соединительной и хрящевой ткани делает калтык бараний отличным источником коллагена. Коллаген способствует здоровью кожи и шерсти, а также поддерживает суставы, что особенно важно для активных и стареющих собак.\r""
          },
          {
            ""type"": ""br""
          },
          {
            ""type"": ""text"",
            ""content"": ""Для дрессировки. Его можно использовать как лакомство для дрессировки собак , нарезав на небольшие кусочки. Такие собачьи вкусняшки станут идеальным поощрением для ваших занятий с питомцем.\r""
          },
          {
            ""type"": ""br""
          },
          {
            ""type"": ""text"",
            ""content"": ""Наши деревенские лакомства для собак — это продукт, созданный с любовью и заботой о вашем питомце. Они изготовлены из натуральной баранины без искусственных добавок, красителей или консервантов.\r""
          },
          {
            ""type"": ""br""
          },
          {
            ""type"": ""text"",
            ""content"": ""\r""
          },
          {
            ""type"": ""br""
          },
          {
            ""type"": ""text"",
            ""content"": ""Не упускайте возможность улучшить здоровье и самочувствие вашего любимца вместе с SHEPHERD!""
          }
        ]
      }
    },
    {
      ""widgetName"": ""raShowcase"",
      ""type"": ""chess"",
      ""blocks"": [
        {
          ""img"": {
            ""src"": ""https://cdn1.ozone.ru/s3/multimedia-1-m/7438962082.jpg"",
            ""srcMobile"": ""https://cdn1.ozone.ru/s3/multimedia-1-m/7438962082.jpg"",
            ""alt"": """",
            ""position"": ""to_the_edge"",
            ""positionMobile"": ""fill"",
            ""widthMobile"": 1680,
            ""heightMobile"": 1680
          },
          ""imgLink"": """",
          ""title"": {
            ""items"": [
              {
                ""type"": ""text"",
                ""content"": ""С любовью и заботой ""
              }
            ],
            ""size"": ""size6"",
            ""align"": ""center"",
            ""color"": ""color1""
          },
          ""text"": {
            ""size"": ""size2"",
            ""align"": ""center"",
            ""color"": ""color1"",
            ""items"": [
              {
                ""type"": ""text"",
                ""content"": ""Мы используем только качественное мясо и тщательно следим за стандартами, чтобы обеспечить здоровье ваших питомцев. Наши лакомства – это продукты, созданные с любовью и заботой.""
              }
            ]
          },
          ""reverse"": false
        },
        {
          ""img"": {
            ""src"": ""https://cdn1.ozone.ru/s3/multimedia-1-9/7552805985.jpg"",
            ""srcMobile"": ""https://cdn1.ozone.ru/s3/multimedia-1-9/7552805985.jpg"",
            ""alt"": """",
            ""position"": ""fill"",
            ""positionMobile"": ""fill"",
            ""widthMobile"": 1200,
            ""heightMobile"": 1600
          },
          ""imgLink"": """",
          ""title"": {
            ""items"": [
              {
                ""type"": ""text"",
                ""content"": ""Технология""
              }
            ],
            ""size"": ""size6"",
            ""align"": ""center"",
            ""color"": ""color1""
          },
          ""text"": {
            ""size"": ""size2"",
            ""align"": ""left"",
            ""color"": ""color1"",
            ""items"": [
              {
                ""type"": ""text"",
                ""content"": ""Мы производим натуральные лакомства и сбалансированные рационы для собак, не используя консерванты и химические добавки.""
              }
            ]
          },
          ""reverse"": true
        }
      ]
    }
  ],
  ""version"": 0.3
}",лакомство для собак;лакомства для собак;лакомства для собак мелких пород;баранина; собачьи вкусняшки; от зубного камня у собак; вкусняшки для собак для дрессировки; лакомства для собак; деревенские лакомства для собак; лакомства для собак для дрессировки;,группа 15,165 х 30 х 225; 135 х 30 х 220,Вакуумная упаковка;Дой-пак,,"2309109000 - МАРКИРОВКА РФ - Прочий корм для собак или кошек, расфасованный для розничной продажи",Россия,Калтык,Баранина,Твердые,,,,Мясо,,Крупный;Малый;Средний,Профилактика зубного налета,Без ГМО;Без ароматизаторов;Без вкусовых добавок,В сухом месте;Не подвергать воздействию прямого солнечного света,349,60.3,12,100% бараний калтык,Нет,,
6,SPRD-02262,Лакомство для собак утиное сердце SHEPHERD TM 1000г,"7,530.00","10,757.00",Не облагается,Нет,Нет,,4680614022627,1015,300,40,300,https://cdn1.ozone.ru/s3/multimedia-1-s/7303057084.jpg,"https://cdn1.ozone.ru/s3/multimedia-1-z/7303057091.jpg
https://cdn1.ozone.ru/s3/multimedia-1-h/7303057073.jpg
https://cdn1.ozone.ru/s3/multimedia-1-l/7303057077.jpg
https://cdn1.ozone.ru/s3/multimedia-1-j/7303057075.jpg
https://cdn1.ozone.ru/s3/multimedia-1-a/7303057066.jpg
https://cdn1.ozone.ru/s3/multimedia-1-r/7303057083.jpg
https://cdn1.ozone.ru/s3/multimedia-1-c/7303057068.jpg
https://cdn1.ozone.ru/s3/multimedia-1-n/7303057079.jpg
https://cdn1.ozone.ru/s3/multimedia-1-f/7303057071.jpg
https://cdn1.ozone.ru/s3/multimedia-1-f/7303057107.jpg
https://cdn1.ozone.ru/s3/multimedia-1-k/7303057112.jpg
https://cdn1.ozone.ru/s3/multimedia-1-g/7303057072.jpg
https://cdn1.ozone.ru/s3/multimedia-1-w/7303057088.jpg",,,SHEPHERD,"Утиное сердце, для собак, 100% натуральное.",1000,1,1,Лакомство,Для собак,365,Для пожилых;Для маленьких;Для взрослых,,"Утиные сердца – это превосходное натуральное лакомство, которое сочетает в себе удивительный вкус и огромную пользу для здоровья вашего питомца. Это идеальный выбор для любителей качественных товаров для животных.<br/><br/>Польза:<br/><br/>Богатый состав. Утиное сердце содержит важнейшие микроэлементы, такие как железо и медь, которые поддерживают здоровье крови и нервной системы.<br/><br/>Контроль веса. Низкое содержание жиров и калорий делает утиные сердца отличным решением для тех, кто следит за фигурой своего питомца. Это идеальное лакомство для активных собак или тех, кто нуждается в легком, но питательном дополнении к рациону.<br/><br/> 100% натуральность. Это деревенское лакомство для собак создано из чистого утиного сердца без искусственных добавок, красителей или консервантов. Такой подход гарантирует полную безопасность и высокое качество каждого кусочка.<br/><br/>Выбирая утиные сердца, вы дарите своему питомцу не просто вкусное удовольствие, а настоящую заботу о его здоровье. Это качественное и натуральное лакомство станет прекрасным дополнением к рациону вашей собаки, помогая поддерживать энергию, здоровье и правильный вес. Дайте вашему любимцу попробовать этот уникальный продукт, и он обязательно станет его любимым!",,лакомство для собак;лакомства для собак;лакомства для собак мелких пород;утиная нарезка для собак;утиные сердечки;лакомство для собак крупных пород;сердце утиное;лакомства для собак с уткой;,группа 18,300х300х40,Дой-пак;Вакуумная упаковка,,"2309109000 - МАРКИРОВКА РФ - Прочий корм для собак или кошек, расфасованный для розничной продажи",Россия,Сердце,Утка,Твердые,,,,Птица,,Средний;Малый;Крупный,С избыточным весом,Без ГМО;Без вкусовых добавок;Без ароматизаторов,В сухом месте;Не подвергать воздействию прямого солнечного света;При температуре от +4`С до +25`С,440,44.5,29.1,100% утиное сердце,Нет,,
7,SPRD-02256,Лакомство для собак утиные лапки SHEPHERD TM 500г,"1,641.00","2,344.00",Не облагается,Нет,Нет,,4680614022566,510,200,30,300,https://cdn1.ozone.ru/s3/multimedia-9/6852502737.jpg,"https://cdn1.ozone.ru/s3/multimedia-4/6852502732.jpg
https://cdn1.ozone.ru/s3/multimedia-7/6852502735.jpg
https://cdn1.ozone.ru/s3/multimedia-a/6852502738.jpg
https://cdn1.ozone.ru/s3/multimedia-d/6852502741.jpg
https://cdn1.ozone.ru/s3/multimedia-5/6852502733.jpg
https://cdn1.ozone.ru/s3/multimedia-g/6852502744.jpg
https://cdn1.ozone.ru/s3/multimedia-b/6852502739.jpg
https://cdn1.ozone.ru/s3/multimedia-c/6852502740.jpg
https://cdn1.ozone.ru/s3/multimedia-e/6852502742.jpg
https://cdn1.ozone.ru/s3/multimedia-3/6852502731.jpg
https://cdn1.ozone.ru/s3/multimedia-6/6852502734.jpg
https://cdn1.ozone.ru/s3/multimedia-f/6852502743.jpg
https://cdn1.ozone.ru/s3/multimedia-8/6852502736.jpg
https://cdn1.ozone.ru/s3/multimedia-h/6852502745.jpg",,,SHEPHERD,"Утиные лапки, для собак, 100% натуральное",500,1,1,Лакомство,Для собак,365,Для взрослых;Для маленьких;Для пожилых,,"Утиные лапки для собак – это отличное собачье лакомство, которое не только радует питомцев вкусом, но и заботится о их здоровье и активности.<br/><br/>Польза:<ul><li>Поддержка суставов. Хрящевая ткань в утиных лапках богата коллагеном и глюкозамином, что способствует эластичности суставов и предотвращает развитие артрита.</li><li>Здоровье полости рта. Жевательная текстура этих вкусняшек для собак помогает очищать зубы от налета, массировать десны и укреплять челюсти, поддерживая гигиену полости рта вашего питомца.</li><li>Витамины и минералы. Утиные лапки содержат важные микроэлементы, которые поддерживают общее здоровье, делают шерсть более блестящей и укрепляют иммунитет.</li><li>Натуральный продукт. Все лакомства SHEPHERD производятся из 100% натуральных ингредиентов без искусственных добавок, красителей и консервантов.</li><li>Качественные продукты. Мы предлагаем сушеные утиные лапки с удаленными когтями, что делает их безопасными для употребления. Каждое лакомство тщательно проверяется, чтобы быть достойным вашей собаки.</li></ul>Сделайте правильный выбор для своего любимца! Заботьтесь о здоровье и счастье вашего питомца с качественными и натуральными продуктами от SHEPHERD.",,для собак вкусняшки;вкусняшки для грызунов;деревенское лакомство для собак;для животных;костяшки;вкусняшки для собак мелких пород натуральные;вкусняшки для собак;косточка для собак мелких пород;косточка для собак;косточки для собак;собачьи лакомства;деревенские лакомства для собак мелких пород;лакомства для собак крупных пород;кости для собак мелких пород;для собак мелких;собачье лакомство;кости для собак крупных пород;лакомство для собак крупных пород;вкусняшки для собак мелких;,группа 17,300х300х40,Вакуумная упаковка;Дой-пак,лакомства для собак - 1 упаковка,"2309109000 - МАРКИРОВКА РФ - Прочий корм для собак или кошек, расфасованный для розничной продажи",Россия,Лапки,Утка,Твердые,,,,Птица,,Малый;Средний;Крупный,Профилактика зубного налета,Без ароматизаторов;Без вкусовых добавок;Без ГМО,В сухом месте;Не подвергать воздействию прямого солнечного света;При температуре от +4`С до +25`С,455,42.2,31.7,100% утиные лапки,Нет,,
8,SPRD-02317,Утиные трахеи 100г SHEPHERD TM,879.00,"1,255.00",Не облагается,Нет,Нет,,4680614023174,105,30,200,300,https://cdn1.ozone.ru/s3/multimedia-1-t/7707852533.jpg,"https://cdn1.ozone.ru/s3/multimedia-1-q/7707852746.jpg
https://cdn1.ozone.ru/s3/multimedia-1-y/7707852718.jpg
https://cdn1.ozone.ru/s3/multimedia-1-j/7707852703.jpg
https://cdn1.ozone.ru/s3/multimedia-p/6876030517.jpg
https://cdn1.ozone.ru/s3/multimedia-1/6876030493.jpg
https://cdn1.ozone.ru/s3/multimedia-9/6876030501.jpg
https://cdn1.ozone.ru/s3/multimedia-7/6876030499.jpg
https://cdn1.ozone.ru/s3/multimedia-2/6876030494.jpg
https://cdn1.ozone.ru/s3/multimedia-t/6876030521.jpg
https://cdn1.ozone.ru/s3/multimedia-q/6876030518.jpg
https://cdn1.ozone.ru/s3/multimedia-g/6876030508.jpg
https://cdn1.ozone.ru/s3/multimedia-n/6876030515.jpg
https://cdn1.ozone.ru/s3/multimedia-6/6876030534.jpg",,,SHEPHERD,Утиные трахеи,100,,1,Лакомство,Для собак,547,Для маленьких;Для взрослых;Для пожилых,#лакомствадлясобак #вкусняшкидлясобак #длясреднихпород #утиныетрахеидлясобак #аортадлясобак #shepherd,"Утиные трахеи станут отличным дополнением к рациону вашего четвероногого друга.<br/><br/>Особенности  нашего продукта:<br/><br/>- 100% натуральность. Мы заботимся о здоровье вашего питомца! Наши трахеи не содержат ГМО, консервантов, красителей или искусственных добавок. Только чистые природные компоненты, которые принесут радость и пользу вашему питомцу.<br/><br/>- Забота о здоровье. Эти вкусняшки для собак средних и крупных пород помогают поддерживать здоровье зубов и десен. При жевании трахей происходит естественная очистка зубов от налёта, предотвращая образование зубного камня. Кроме того, они способствуют укреплению суставов и хрящей благодаря уникальному составу.<br/><br/>- Специальная технология. Благодаря деликатной сушке все витамины и микроэлементы сохраняются в полном объёме. Ваш питомец получает максимум пользы от каждого кусочка!<br/><br/>Для кого идеально подойдут?<br/><br/>Независимо от размера вашего питомца – будь то щенок мелкой породы, взрослая собака средней или крупной породы – наши вкусняшки станут отличным дополнением к его рациону.                                                                                                                                                       <br/><br/>Для кошек. Давать только здоровым животным, при проблемах с пищеварением проконсультируйтесь с ветеринаром<br/><br/>Позаботьтесь о здоровье и благополучии своих четвероногих друзей уже сегодня!<br/><br/> Выбирайте качественные лакомства, и пусть каждый день вашего питомца будет наполнен любовью, игрой и удовольствием вместе с SHEPHERD!","{
  ""content"": [
    {
      ""widgetName"": ""raShowcase"",
      ""type"": ""billboard"",
      ""blocks"": [
        {
          ""imgLink"": ""https://www.ozon.ru/seller/shepherd-1468751/products/?miniapp=seller_1468751"",
          ""img"": {
            ""src"": ""https://cdn1.ozone.ru/s3/multimedia-1-5/7436651549.jpg"",
            ""srcMobile"": ""https://cdn1.ozone.ru/s3/multimedia-1-5/7436651549.jpg"",
            ""alt"": """",
            ""position"": ""width_one_third"",
            ""positionMobile"": ""width_full"",
            ""widthMobile"": 1182,
            ""heightMobile"": 1182
          },
          ""title"": {
            ""items"": [
              {
                ""type"": ""text"",
                ""content"": ""Shepherd TM""
              }
            ],
            ""size"": ""size7"",
            ""align"": ""center"",
            ""color"": ""color1""
          },
          ""text"": {
            ""size"": ""size2"",
            ""align"": ""center"",
            ""color"": ""color1"",
            ""items"": [
              {
                ""type"": ""text"",
                ""content"": ""Мы специализируемся на производстве\r""
              },
              {
                ""type"": ""br""
              },
              {
                ""type"": ""text"",
                ""content"": ""100% натуральных лакомств и сбалансированных рационов для животных.""
              },
              {
                ""type"": ""br""
              },
              {
                ""type"": ""text"",
                ""content"": ""У нас большой выбор на любой вкус. Ваши питомцы останутся довольны.""
              },
              {
                ""type"": ""br""
              }
            ]
          }
        }
      ]
    },
    {
      ""widgetName"": ""raTextBlock"",
      ""title"": {
        ""items"": [
          {
            ""type"": ""text"",
            ""content"": ""Утиные трахеи для собак""
          }
        ],
        ""size"": ""size7"",
        ""color"": ""color1"",
        ""align"": ""center""
      },
      ""theme"": ""tertiary"",
      ""padding"": ""type2"",
      ""gapSize"": ""s"",
      ""text"": {
        ""size"": ""size2"",
        ""align"": ""left"",
        ""color"": ""color1"",
        ""items"": [
          {
            ""type"": ""text"",
            ""content"": ""Утиные трахеи станут отличным дополнением к рациону вашего четвероногого друга.\r""
          },
          {
            ""type"": ""br""
          },
          {
            ""type"": ""text"",
            ""content"": ""\r""
          },
          {
            ""type"": ""br""
          },
          {
            ""type"": ""text"",
            ""content"": ""Особенности  нашего продукта:\r""
          },
          {
            ""type"": ""br""
          },
          {
            ""type"": ""text"",
            ""content"": ""\r""
          },
          {
            ""type"": ""br""
          },
          {
            ""type"": ""text"",
            ""content"": ""- 100% натуральность. Мы заботимся о здоровье вашего питомца! Наши трахеи не содержат ГМО, консервантов, красителей или искусственных добавок. Только чистые природные компоненты, которые принесут радость и пользу вашему питомцу.\r""
          },
          {
            ""type"": ""br""
          },
          {
            ""type"": ""text"",
            ""content"": ""\r""
          },
          {
            ""type"": ""br""
          },
          {
            ""type"": ""text"",
            ""content"": ""- Забота о здоровье. Эти вкусняшки для собак средних и крупных пород помогают поддерживать здоровье зубов и десен. При жевании трахей происходит естественная очистка зубов от налёта, предотвращая образование зубного камня. Кроме того, они способствуют укреплению суставов и хрящей благодаря уникальному составу.\r""
          },
          {
            ""type"": ""br""
          },
          {
            ""type"": ""text"",
            ""content"": ""\r""
          },
          {
            ""type"": ""br""
          },
          {
            ""type"": ""text"",
            ""content"": ""- Специальная технология. Благодаря деликатной сушке все витамины и микроэлементы сохраняются в полном объёме. Ваш питомец получает максимум пользы от каждого кусочка!\r""
          },
          {
            ""type"": ""br""
          },
          {
            ""type"": ""text"",
            ""content"": ""\r""
          },
          {
            ""type"": ""br""
          },
          {
            ""type"": ""text"",
            ""content"": ""Для кого идеально подойдут?\r""
          },
          {
            ""type"": ""br""
          },
          {
            ""type"": ""text"",
            ""content"": ""\r""
          },
          {
            ""type"": ""br""
          },
          {
            ""type"": ""text"",
            ""content"": ""Независимо от размера вашего питомца – будь то щенок мелкой породы, взрослая собака средней или крупной породы – наши вкусняшки станут отличным дополнением к его рациону.                                                                                                                                                       \r""
          },
          {
            ""type"": ""br""
          },
          {
            ""type"": ""text"",
            ""content"": ""\r""
          },
          {
            ""type"": ""br""
          },
          {
            ""type"": ""text"",
            ""content"": ""Для кошек. Давать только здоровым животным, при проблемах с пищеварением проконсультируйтесь с ветеринаром\r""
          },
          {
            ""type"": ""br""
          },
          {
            ""type"": ""text"",
            ""content"": ""\r""
          },
          {
            ""type"": ""br""
          },
          {
            ""type"": ""text"",
            ""content"": ""Позаботьтесь о здоровье и благополучии своих четвероногих друзей уже сегодня!\r""
          },
          {
            ""type"": ""br""
          },
          {
            ""type"": ""text"",
            ""content"": ""\r""
          },
          {
            ""type"": ""br""
          },
          {
            ""type"": ""text"",
            ""content"": "" Выбирайте качественные лакомства, и пусть каждый день вашего питомца будет наполнен любовью, игрой и удовольствием вместе с SHEPHERD!""
          }
        ]
      }
    },
    {
      ""widgetName"": ""raShowcase"",
      ""type"": ""chess"",
      ""blocks"": [
        {
          ""img"": {
            ""src"": ""https://cdn1.ozone.ru/s3/multimedia-1-i/7436863278.jpg"",
            ""srcMobile"": ""https://cdn1.ozone.ru/s3/multimedia-1-i/7436863278.jpg"",
            ""alt"": """",
            ""position"": ""to_the_edge"",
            ""positionMobile"": ""fill"",
            ""widthMobile"": 1680,
            ""heightMobile"": 1680
          },
          ""imgLink"": """",
          ""title"": {
            ""items"": [
              {
                ""type"": ""text"",
                ""content"": ""С любовью и заботой ""
              }
            ],
            ""size"": ""size6"",
            ""align"": ""center"",
            ""color"": ""color1""
          },
          ""text"": {
            ""size"": ""size2"",
            ""align"": ""center"",
            ""color"": ""color1"",
            ""items"": [
              {
                ""type"": ""text"",
                ""content"": ""Мы используем только качественное мясо и тщательно следим за стандартами, чтобы обеспечить здоровье ваших питомцев. Наши лакомства – это продукты, созданные с любовью и заботой.""
              }
            ]
          },
          ""reverse"": false
        },
        {
          ""img"": {
            ""src"": ""https://cdn1.ozone.ru/s3/multimedia-1-p/7435712833.jpg"",
            ""srcMobile"": ""https://cdn1.ozone.ru/s3/multimedia-1-p/7435712833.jpg"",
            ""alt"": """",
            ""position"": ""fill"",
            ""positionMobile"": ""fill"",
            ""widthMobile"": 866,
            ""heightMobile"": 831
          },
          ""imgLink"": """",
          ""title"": {
            ""items"": [
              {
                ""type"": ""text"",
                ""content"": ""Технология""
              }
            ],
            ""size"": ""size6"",
            ""align"": ""center"",
            ""color"": ""color1""
          },
          ""text"": {
            ""size"": ""size2"",
            ""align"": ""left"",
            ""color"": ""color1"",
            ""items"": [
              {
                ""type"": ""text"",
                ""content"": ""Мы производим натуральные лакомства и сбалансированные рационы для собак, не используя консерванты и химические добавки.""
              }
            ]
          },
          ""reverse"": true
        }
      ]
    }
  ],
  ""version"": 0.3
}",трахея;трахея для собак;вкусняшки для собак крупных пород;вкусняшки для щенков мелких пород;лакомство для щенков мелких пород;лакомство для собак крупных пород;лакомства для собак мелких пород натуральные;лакомства для щенков мелких пород;вкусняшки для грызунов;утка для собак;лакомство для грызунов; вкусняшки для собак мелких;лакомства для собак крупных пород;,группа 17,200 х 20 х 300,Вакуумная упаковка,,"2309109000 - МАРКИРОВКА РФ - Прочий корм для собак или кошек, расфасованный для розничной продажи",Россия,Трахея,Утка,Хрустящие,,,,Птица,,Малый;Крупный;Средний,Профилактика зубного налета,Без ароматизаторов;Без ГМО;Без вкусовых добавок,Не подвергать воздействию прямого солнечного света;В сухом месте;При температуре от +4`С до +25`С,390,45,20,100% утиная трахея,Нет,,
9,SPRD-02723,Ухо говяжье 1000г лакомство для собак SHEPHERD TM,"4,045.00","5,778.00",Не облагается,Нет,Нет,,4680614027233,1020,400,50,400,https://cdn1.ozone.ru/s3/multimedia-1-g/7255441636.jpg,"https://cdn1.ozone.ru/s3/multimedia-1-8/7255441664.jpg
https://cdn1.ozone.ru/s3/multimedia-1-h/7255441637.jpg
https://cdn1.ozone.ru/s3/multimedia-1-d/7255441633.jpg
https://cdn1.ozone.ru/s3/multimedia-1-l/7246224453.jpg
https://cdn1.ozone.ru/s3/multimedia-1-x/7246224465.jpg
https://cdn1.ozone.ru/s3/multimedia-1-9/7255441629.jpg
https://cdn1.ozone.ru/s3/multimedia-1-h/7246224485.jpg
https://cdn1.ozone.ru/s3/multimedia-1-m/7246224454.jpg
https://cdn1.ozone.ru/s3/multimedia-1-2/7246224470.jpg
https://cdn1.ozone.ru/s3/multimedia-1-p/7246224457.jpg
https://cdn1.ozone.ru/s3/multimedia-1-7/7255441663.jpg
https://cdn1.ozone.ru/s3/multimedia-1-7/7255441627.jpg
https://cdn1.ozone.ru/s3/multimedia-1-o/7255441644.jpg
https://cdn1.ozone.ru/s3/multimedia-1-5/7255441661.jpg
https://cdn1.ozone.ru/s3/multimedia-1-g/7255441708.jpg
https://cdn1.ozone.ru/s3/multimedia-1-t/7255441649.jpg
https://cdn1.ozone.ru/s3/multimedia-1-w/7255441652.jpg
https://cdn1.ozone.ru/s3/multimedia-1-b/7255441631.jpg
https://cdn1.ozone.ru/s3/multimedia-1-8/7255441700.jpg
https://cdn1.ozone.ru/s3/multimedia-1-3/7255441623.jpg
https://cdn1.ozone.ru/s3/multimedia-1-s/7255441720.jpg
https://cdn1.ozone.ru/s3/multimedia-1-n/7255441643.jpg
https://cdn1.ozone.ru/s3/multimedia-1-q/7255441718.jpg
https://cdn1.ozone.ru/s3/multimedia-1-2/7255441622.jpg
https://cdn1.ozone.ru/s3/multimedia-1-z/7255441655.jpg",,,SHEPHERD,"Ухо говяжье цельное, натуральное сушёное для собак.",999,8,1,Лакомство,Для собак,360,Для взрослых;Для маленьких;Для пожилых,#лакомствадлясобак #вкусняшкидлясобак #длясреднихпород #ухоговяжьедлясобак #аортадлясобак #shepherd,"Сушеные говяжьи уши – это не только вкусное, но и полезное лакомство для ваших питомцев.<br/><br/>Преимущества говяжьих ушей:<ul><li>Кальций и коллаген. Обеспечивают необходимые питательные вещества для зубов и костей.</li><li>Развитие жевательного аппарата. Укрепляют челюсти и зубы, что особенно важно для щенков.</li><li>Антистрессовое воздействие. Снимают нервное напряжение и обеспечивают длительное жевание.</li><li>Натуральный состав. 100% продукт без искусственных добавок и консервантов.</li></ul>Сушеные говяжьи уши подходят для собак всех пород и возрастов и станут отличным дополнением к рациону вашего питомца.<br/><br/>Почему стоит взять несколько вкусов?<ul><li>Разнообразие. Ваш питомец забудет о скучных перекусах, если вы будете чередовать разные вкусы!</li><li>Эксперименты. Найдите тот самый любимый вкус, который станет хитом у вашего друга!</li><li>Соблюдение баланса. Разнообразие помогает обеспечить поступление всех необходимых витаминов и минералов.</li></ul>Порадуйте своего любимца прямо сейчас, обеспечив ему не только вкусное, но и полезное лакомство!",,лакомство для собак;уши;лакомства для собак средних пород;для собак лакомство;лакомства для собак крупных пород;лакомство для собак крупных пород;лакомства для собак для дрессировки;лакомство для дрессировки собак;лакомство для собак для дрессировки;вкусняшки для собак мелких пород натуральные;ухо говяжье для собак;вкусняшки для дрессировки собак;лакомства для дрессировки собак;уши для собак;собачьи уши;собачьи ушки; уши говяжьи для собак;,группа 12,400х300х40,Вакуумная упаковка,лакомства для собак - 1 упаковка,"2309109000 - МАРКИРОВКА РФ - Прочий корм для собак или кошек, расфасованный для розничной продажи",Россия,Ушки,Говядина,Твердые,,,,Мясо,,Крупный;Малый;Средний,Профилактика зубного налета,Без ГМО;Без ароматизаторов;Без вкусовых добавок,В сухом месте;Не подвергать воздействию прямого солнечного света,121.5,25.2,2.3,"100% говяжье ухо.

",Нет,,
10,SPRD-02261,Лакомство для собак утиное сердце SHEPHERD TM 500г,"4,331.00","6,187.00",Не облагается,Нет,Нет,,4680614022610,510,200,30,300,https://cdn1.ozone.ru/s3/multimedia-1-z/7303057091.jpg,"https://cdn1.ozone.ru/s3/multimedia-1-l/7303057077.jpg
https://cdn1.ozone.ru/s3/multimedia-1-h/7303057073.jpg
https://cdn1.ozone.ru/s3/multimedia-1-j/7303057075.jpg
https://cdn1.ozone.ru/s3/multimedia-1-a/7303057066.jpg
https://cdn1.ozone.ru/s3/multimedia-1-r/7303057083.jpg
https://cdn1.ozone.ru/s3/multimedia-1-c/7303057068.jpg
https://cdn1.ozone.ru/s3/multimedia-1-n/7303057079.jpg
https://cdn1.ozone.ru/s3/multimedia-1-f/7303057071.jpg
https://cdn1.ozone.ru/s3/multimedia-1-f/7303057107.jpg
https://cdn1.ozone.ru/s3/multimedia-1-k/7303057112.jpg
https://cdn1.ozone.ru/s3/multimedia-1-g/7303057072.jpg
https://cdn1.ozone.ru/s3/multimedia-1-w/7303057088.jpg
https://cdn1.ozone.ru/s3/multimedia-1-s/7303057084.jpg",,,SHEPHERD,"Утиное сердце, для собак, 100% натуральное.",500,1,1,Лакомство,Для собак,365,Для пожилых;Для маленьких;Для взрослых,,"Утиные сердца – это превосходное натуральное лакомство, которое сочетает в себе удивительный вкус и огромную пользу для здоровья вашего питомца. Это идеальный выбор для любителей качественных товаров для животных.<br/><br/>Польза:<br/><br/>Богатый состав. Утиное сердце содержит важнейшие микроэлементы, такие как железо и медь, которые поддерживают здоровье крови и нервной системы.<br/><br/>Контроль веса. Низкое содержание жиров и калорий делает утиные сердца отличным решением для тех, кто следит за фигурой своего питомца. Это идеальное лакомство для активных собак или тех, кто нуждается в легком, но питательном дополнении к рациону.<br/><br/> 100% натуральность. Это деревенское лакомство для собак создано из чистого утиного сердца без искусственных добавок, красителей или консервантов. Такой подход гарантирует полную безопасность и высокое качество каждого кусочка.<br/><br/>Выбирая утиные сердца, вы дарите своему питомцу не просто вкусное удовольствие, а настоящую заботу о его здоровье. Это качественное и натуральное лакомство станет прекрасным дополнением к рациону вашей собаки, помогая поддерживать энергию, здоровье и правильный вес. Дайте вашему любимцу попробовать этот уникальный продукт, и он обязательно станет его любимым!",,лакомство для собак;лакомства для собак;лакомства для собак мелких пород;shepherd;утиная нарезка для собак;утиные сердечки;лакомство для собак крупных пород;сердце утиное;лакомства для собак с уткой;сердечки из утки,группа 17,300х200х30,Дой-пак;Вакуумная упаковка,,"2309109000 - МАРКИРОВКА РФ - Прочий корм для собак или кошек, расфасованный для розничной продажи",Россия,Сердце,Утка,Твердые,,,,Птица,,Средний;Малый;Крупный,С избыточным весом,Без ГМО;Без вкусовых добавок;Без ароматизаторов,В сухом месте;Не подвергать воздействию прямого солнечного света;При температуре от +4`С до +25`С,440,44.5,29.1,100% утиное сердце,Нет,,
11,SPRD-02318,Утиные трахеи 500г SHEPHERD TM,"3,110.00","4,442.00",Не облагается,Нет,Нет,,4680614023181,515,40,400,300,https://cdn1.ozone.ru/s3/multimedia-1-t/7707854945.jpg,"https://cdn1.ozone.ru/s3/multimedia-c/6876030504.jpg
https://cdn1.ozone.ru/s3/multimedia-4/6876030496.jpg
https://cdn1.ozone.ru/s3/multimedia-e/6876030506.jpg
https://cdn1.ozone.ru/s3/multimedia-5/6876030533.jpg
https://cdn1.ozone.ru/s3/multimedia-p/6876030517.jpg
https://cdn1.ozone.ru/s3/multimedia-1/6876030493.jpg
https://cdn1.ozone.ru/s3/multimedia-9/6876030501.jpg
https://cdn1.ozone.ru/s3/multimedia-7/6876030499.jpg
https://cdn1.ozone.ru/s3/multimedia-2/6876030494.jpg
https://cdn1.ozone.ru/s3/multimedia-t/6876030521.jpg
https://cdn1.ozone.ru/s3/multimedia-q/6876030518.jpg
https://cdn1.ozone.ru/s3/multimedia-g/6876030508.jpg
https://cdn1.ozone.ru/s3/multimedia-n/6876030515.jpg
https://cdn1.ozone.ru/s3/multimedia-6/6876030534.jpg",,,SHEPHERD,Утиные трахеи,500,,1,Лакомство,Для собак,365,Для взрослых;Для маленьких;Для пожилых,,"Утиные трахеи станут отличным дополнением к рациону вашего четвероногого друга.<br/><br/>Особенности  нашего продукта:<br/><br/>- 100% натуральность. Мы заботимся о здоровье вашего питомца! Наши трахеи не содержат ГМО, консервантов, красителей или искусственных добавок. Только чистые природные компоненты, которые принесут радость и пользу вашему питомцу.<br/><br/>- Забота о здоровье. Эти вкусняшки для собак средних и крупных пород помогают поддерживать здоровье зубов и десен. При жевании трахей происходит естественная очистка зубов от налёта, предотвращая образование зубного камня. Кроме того, они способствуют укреплению суставов и хрящей благодаря уникальному составу.<br/><br/>- Специальная технология. Благодаря деликатной сушке все витамины и микроэлементы сохраняются в полном объёме. Ваш питомец получает максимум пользы от каждого кусочка!<br/><br/>Для кого идеально подойдут?<br/><br/>Независимо от размера вашего питомца – будь то щенок мелкой породы, взрослая собака средней или крупной породы – наши вкусняшки станут отличным дополнением к его рациону.                                                                                                                                                       <br/><br/>Для кошек. Давать только здоровым животным, при проблемах с пищеварением проконсультируйтесь с ветеринаром<br/><br/>Позаботьтесь о здоровье и благополучии своих четвероногих друзей уже сегодня!<br/><br/> Выбирайте качественные лакомства, и пусть каждый день вашего питомца будет наполнен любовью, игрой и удовольствием вместе с SHEPHERD",,трахея;трахея для собак;вкусняшки для собак крупных пород;вкусняшки для щенков мелких пород;лакомство для щенков мелких пород;лакомство для собак крупных пород;лакомства для собак мелких пород натуральные;лакомства для щенков мелких пород;вкусняшки для грызунов;утка для собак;лакомство для грызунов; вкусняшки для собак мелких;лакомства для собак крупных пород;,группа 17,300 х 30 х 400,Вакуумная упаковка,,"2309109000 - МАРКИРОВКА РФ - Прочий корм для собак или кошек, расфасованный для розничной продажи",Россия,Трахея,Утка,Твердые,,,,Птица,,Крупный;Малый;Средний,Профилактика зубного налета,Без ГМО;Без ароматизаторов;Без вкусовых добавок,В сухом месте;Не подвергать воздействию прямого солнечного света;При температуре от +4`С до +25`С,390,45,20,100% утиная трахея,Нет,,
12,SPRD-41052,Пищевод утиный 1000 г источник коллагена и глюкозамина SHEPHERD,"5,515.00","7,878.00",Не облагается,Нет,Нет,,4610305410525,1010,300,100,360,https://cdn1.ozone.ru/s3/multimedia-1-6/7378192374.jpg,"https://cdn1.ozone.ru/s3/multimedia-1-h/7378192349.jpg
https://cdn1.ozone.ru/s3/multimedia-1-y/7378192006.jpg
https://cdn1.ozone.ru/s3/multimedia-1-z/7378192151.jpg
https://cdn1.ozone.ru/s3/multimedia-1-t/7378224077.jpg
https://cdn1.ozone.ru/s3/multimedia-1-3/7378192335.jpg
https://cdn1.ozone.ru/s3/multimedia-1-s/7378217164.jpg
https://cdn1.ozone.ru/s3/multimedia-1-c/7378192092.jpg
https://cdn1.ozone.ru/s3/multimedia-1-3/7378192659.jpg
https://cdn1.ozone.ru/s3/multimedia-1-u/7378192074.jpg",,,SHEPHERD,пищевод,1000,,,Лакомство,Для кошек;Для собак,546,Для маленьких;Для взрослых;Для пожилых,#лакомстводлясобак,"Утиный пищевод – натуральное лакомство для собак и кошек!<br/><br/>Побалуйте питомца полезным угощением!<br/><br/>Почему выбирают нас?<br/><br/><ul><li>Натуральность. Только качественное сырьё, без химии и примесей.</li><li>Здоровье зубов. Волокнистая структура очищает налёт и массирует десны.</li><li>Богат белком и витаминами. Поддерживает иммунитет, энергию и мышечную массу.</li><li>Источник коллагена и глюкозамина. Для суставов, кожи и шерсти.</li></ul>Кому подойдёт?<br/><br/>🐶 Собакам всех пород и возрастов.<br/><br/>🐱 Кошкам, которые любят погрызть что-то вкусное.<br/><br/>Легко разламывается на кусочки – удобно делить между питомцами.<br/><br/>Подарите радость и заботу!<br/><br/>Закажите прямо сейчас и убедитесь сами: ваш питомец будет в восторге!",,Утиный пищевод;Лакомство для собак;Лакомство для кошек;Утиный пищевод для собак;Источник коллагена для собак;,,,,,"2309109000 - МАРКИРОВКА РФ - Прочий корм для собак или кошек, расфасованный для розничной продажи",Россия,Пищевод,Утка,,,,,Мясо,,Малый;Средний;Крупный,Защита суставов;Профилактика зубного налета,Без ГМО;Без ароматизаторов;Без вкусовых добавок,При температуре от +4`С до +25`С,180,10,10.2,100% пищевод утиный,Нет,,
13,SPRD-41057,Мясные чипсы из говядины 1000 г лакомства для собак,"4,654.00","6,648.00",Не облагается,Нет,Нет,,4610305410570,1010,300,40,300,https://cdn1.ozone.ru/s3/multimedia-1-n/7380332843.jpg,"https://cdn1.ozone.ru/s3/multimedia-1-x/7380332925.jpg
https://cdn1.ozone.ru/s3/multimedia-1-l/7246224453.jpg
https://cdn1.ozone.ru/s3/multimedia-1-z/7380332891.jpg
https://cdn1.ozone.ru/s3/multimedia-1-2/7246224470.jpg
https://cdn1.ozone.ru/s3/multimedia-1-m/7246224454.jpg
https://cdn1.ozone.ru/s3/multimedia-1-f/7380332979.jpg
https://cdn1.ozone.ru/s3/multimedia-1-h/7246224485.jpg
https://cdn1.ozone.ru/s3/multimedia-1-x/7246224465.jpg
https://cdn1.ozone.ru/s3/multimedia-1-f/7380332871.jpg
https://cdn1.ozone.ru/s3/multimedia-1-s/7380332956.jpg
https://cdn1.ozone.ru/s3/multimedia-1-p/7246224457.jpg
https://cdn1.ozone.ru/s3/multimedia-1-9/7380332901.jpg
https://cdn1.ozone.ru/s3/multimedia-1-5/7380333041.jpg
https://cdn1.ozone.ru/s3/multimedia-1-6/7380333006.jpg
https://cdn1.ozone.ru/s3/multimedia-1-s/7380332848.jpg
https://cdn1.ozone.ru/s3/multimedia-1-g/7380332872.jpg",,,SHEPHERD,чипсыг,1000,,1,Лакомство,Для собак,546,Для маленьких;Для взрослых;Для пожилых,#мясные_лакомства #для_мелких_пород #натуральныелакомства #лакомства_для_собак,"Чипсы из мраморной говядины – полезное лакомство для вашего питомца!<br/><br/>Почему ваш питомец полюбит эти чипсы?<ul><li>100% натуральная говядина без добавок, красителей и усилителей вкуса.</li><li>Высокое содержание белка для поддержания энергии и мышечной массы.</li><li>Хрустящая текстура и ароматный вкус – идеально для поощрения и дрессировки.</li></ul> Польза для здоровья:<ul><li>Легко усваивается, подходит даже для питомцев с чувствительным пищеварением.</li><li>Богато аминокислотами, необходимыми для здоровья и активности.</li><li>Безопасное лакомство, которое можно давать ежедневно.</li></ul> Для кого подойдут чипсы?<ul><li>Для собак всех пород и возрастов.</li><li>Для дрессировки или просто как знак внимания любимцу.</li></ul>🌟 Закажите снеки для собак прямо сейчас! Порадуйте своего питомца вкусным и полезным угощением. Чипсы из мраморной говядины – это не просто лакомство, а забота о здоровье вашего любимца.<br/><br/> <br/><br/>В дополнение к чипсам, рекомендуем обратить внимание на говяжий корень (бычий корень) . Он является отличным источником коллагена и эластина, необходимых для здоровья суставов и связок. Кроме того, жевание говяжьего корня способствует очищению зубов от налета и массирует десны. Это не только вкусное, но и полезное развлечение для вашего питомца!<br/><br/> <br/><br/>Ваш гурман будет в восторге!<br/><br/> ",,лакомства для собак;лакомство для собак;для собак;деревенские лакомства для собак; лакомства для собак мелких пород;вкусняшки для собак;сушеные лакомства из говядины;полезные лакомства для собак; вымя для собак;Вымя говяжье для собак; вкусняшки для собак мелких пород лакомства; чипсы;сушеные лакомства для собак;мясные чипсы;лакомства для кошек;для кошек,,,Вакуумная упаковка,Мясные чипсы из говядины,"2309101100 - МАРКИРОВКА РФ - Корм для собак или кошек, расфасованный, не содержащий крахмал, или содержащий 10 мас.% или менее крахмала, не содержащий молочных продуктов или содержащий менее 10 мас.% молочных продуктов",Россия,Ломтики;Полоски,Говядина,Хрустящие,,,,Мясо,,Малый;Средний;Крупный,,Без ГМО;Без ароматизаторов;Без вкусовых добавок,При температуре от +4`С до +25`С,133,22,5,100% говядина,Нет,,
14,SPRD-41056,Мясные чипсы из говядины 500 г лакомства для собак,"2,700.00","3,857.00",Не облагается,Нет,Нет,,4610305410563,510,300,40,300,https://cdn1.ozone.ru/s3/multimedia-1-6/7380333006.jpg,"https://cdn1.ozone.ru/s3/multimedia-1-f/7380332979.jpg
https://cdn1.ozone.ru/s3/multimedia-1-x/7380332925.jpg
https://cdn1.ozone.ru/s3/multimedia-1-l/7246224453.jpg
https://cdn1.ozone.ru/s3/multimedia-1-z/7380332891.jpg
https://cdn1.ozone.ru/s3/multimedia-1-2/7246224470.jpg
https://cdn1.ozone.ru/s3/multimedia-1-m/7246224454.jpg
https://cdn1.ozone.ru/s3/multimedia-1-n/7380332843.jpg
https://cdn1.ozone.ru/s3/multimedia-1-h/7246224485.jpg
https://cdn1.ozone.ru/s3/multimedia-1-x/7246224465.jpg
https://cdn1.ozone.ru/s3/multimedia-1-f/7380332871.jpg
https://cdn1.ozone.ru/s3/multimedia-1-s/7380332956.jpg
https://cdn1.ozone.ru/s3/multimedia-1-p/7246224457.jpg
https://cdn1.ozone.ru/s3/multimedia-1-5/7380333041.jpg
https://cdn1.ozone.ru/s3/multimedia-1-9/7380332901.jpg
https://cdn1.ozone.ru/s3/multimedia-1-s/7380332848.jpg
https://cdn1.ozone.ru/s3/multimedia-1-g/7380332872.jpg",,,SHEPHERD,чипсыг,500,,1,Лакомство,Для собак,546,Для маленьких;Для взрослых;Для пожилых,#мясные_лакомства #для_мелких_пород #натуральныелакомства #лакомства_для_собак,"Чипсы из мраморной говядины – полезное лакомство для вашего питомца!<br/><br/> Почему ваш питомец полюбит эти чипсы?<ul><li>100% натуральная говядина без добавок, красителей и усилителей вкуса.</li><li>Высокое содержание белка для поддержания энергии и мышечной массы.</li><li>Хрустящая текстура и ароматный вкус – идеально для поощрения и дрессировки.</li></ul> Польза для здоровья:<ul><li>Легко усваивается, подходит даже для питомцев с чувствительным пищеварением.</li><li>Богато аминокислотами, необходимыми для здоровья и активности.</li><li>Безопасное лакомство, которое можно давать ежедневно.</li></ul> Для кого подойдут чипсы?<ul><li>Для собак всех пород и возрастов.</li><li>Для дрессировки или просто как знак внимания любимцу.</li></ul>🌟 Закажите прямо сейчас! Порадуйте своего питомца вкусным и полезным угощением. Чипсы из мраморной говядины – это не просто лакомство, а забота о здоровье вашего любимца.<br/><br/> <br/><br/>В дополнение к чипсам, рекомендуем обратить внимание на говяжий корень (бычий корень) . Он является отличным источником коллагена и эластина, необходимых для здоровья суставов и связок. Кроме того, жевание говяжьего корня способствует очищению зубов от налета и массирует десны. Это не только вкусное, но и полезное развлечение для вашего питомца!<br/><br/> <br/><br/>Ваш гурман будет в восторге!<br/><br/> ",,лакомства для собак;лакомство для собак;для собак;деревенские лакомства для собак; лакомства для собак мелких пород;вкусняшки для собак;сушеные лакомства из говядины;полезные лакомства для собак; вымя для собак;Вымя говяжье для собак; вкусняшки для собак мелких пород лакомства; чипсы;сушеные лакомства для собак;мясные чипсы;лакомства для кошек;для кошек,,,Вакуумная упаковка,Мясные чипсы из говядины,"2309101100 - МАРКИРОВКА РФ - Корм для собак или кошек, расфасованный, не содержащий крахмал, или содержащий 10 мас.% или менее крахмала, не содержащий молочных продуктов или содержащий менее 10 мас.% молочных продуктов",Россия,Ломтики;Полоски,Говядина,Хрустящие,,,,Мясо,,Малый;Средний;Крупный,,Без ГМО;Без ароматизаторов;Без вкусовых добавок,При температуре от +4`С до +25`С,133,22,5,100% говядина,Нет,,
15,SPRD-41054,Мясные чипсы из говядины 100 г лакомства для собак,675.00,964.00,Не облагается,Нет,Нет,,4610305410549,100,300,40,300,https://cdn1.ozone.ru/s3/multimedia-1-f/7380332979.jpg,"https://cdn1.ozone.ru/s3/multimedia-1-x/7380332925.jpg
https://cdn1.ozone.ru/s3/multimedia-1-l/7246224453.jpg
https://cdn1.ozone.ru/s3/multimedia-1-z/7380332891.jpg
https://cdn1.ozone.ru/s3/multimedia-1-2/7246224470.jpg
https://cdn1.ozone.ru/s3/multimedia-1-m/7246224454.jpg
https://cdn1.ozone.ru/s3/multimedia-1-n/7380332843.jpg
https://cdn1.ozone.ru/s3/multimedia-1-h/7246224485.jpg
https://cdn1.ozone.ru/s3/multimedia-1-x/7246224465.jpg
https://cdn1.ozone.ru/s3/multimedia-1-f/7380332871.jpg
https://cdn1.ozone.ru/s3/multimedia-1-s/7380332956.jpg
https://cdn1.ozone.ru/s3/multimedia-1-p/7246224457.jpg
https://cdn1.ozone.ru/s3/multimedia-1-9/7380332901.jpg
https://cdn1.ozone.ru/s3/multimedia-1-5/7380333041.jpg
https://cdn1.ozone.ru/s3/multimedia-1-6/7380333006.jpg
https://cdn1.ozone.ru/s3/multimedia-1-s/7380332848.jpg
https://cdn1.ozone.ru/s3/multimedia-1-g/7380332872.jpg",,,SHEPHERD,чипсыг,99,,1,Лакомство,Для собак,546,Для маленьких;Для взрослых;Для пожилых,#мясные_лакомства #для_мелких_пород #натуральныелакомства #лакомства_для_собак,"Чипсы из мраморной говядины – полезное лакомство для вашего питомца!<br/><br/>Почему ваш питомец полюбит эти жевательные снеки для собак?<ul><li>100% натуральная говядина без добавок, красителей и усилителей вкуса.</li><li>Высокое содержание белка для поддержания энергии и мышечной массы.</li><li>Хрустящая текстура и ароматный вкус – идеально для поощрения и дрессировки.</li></ul> Польза для здоровья:<ul><li>Легко усваивается, подходит даже для питомцев с чувствительным пищеварением.</li><li>Богато аминокислотами, необходимыми для здоровья и активности.</li><li>Безопасное лакомство, которое можно давать ежедневно.</li></ul> Для кого подойдут чипсы?<ul><li>Для собак всех пород и возрастов.</li><li>Для дрессировки или просто как знак внимания любимцу.</li></ul>🌟 Закажите прямо сейчас! Порадуйте своего питомца вкусным и полезным угощением. Чипсы из мраморной говядины – это не просто лакомство, а забота о здоровье вашего любимца.<br/><br/> <br/><br/>В дополнение к чипсам, рекомендуем обратить внимание на говяжий корень (бычий корень) . Он является отличным источником коллагена и эластина, необходимых для здоровья суставов и связок. Кроме того, жевание говяжьего корня способствует очищению зубов от налета и массирует десны. Это не только вкусное, но и полезное развлечение для вашего питомца!<br/><br/> <br/><br/>Ваш гурман будет в восторге!<br/><br/> ",,лакомства для собак;лакомство для собак;для собак;деревенские лакомства для собак; лакомства для собак мелких пород;вкусняшки для собак;сушеные лакомства из говядины;полезные лакомства для собак; вымя для собак;Вымя говяжье для собак; вкусняшки для собак мелких пород лакомства; чипсы;сушеные лакомства для собак;мясные чипсы;лакомства для кошек;для кошек,,,Вакуумная упаковка,Мясные чипсы из говядины,"2309101100 - МАРКИРОВКА РФ - Корм для собак или кошек, расфасованный, не содержащий крахмал, или содержащий 10 мас.% или менее крахмала, не содержащий молочных продуктов или содержащий менее 10 мас.% молочных продуктов",Россия,Ломтики;Полоски,Говядина,Хрустящие,,,,Мясо,,Малый;Средний;Крупный,,Без ГМО;Без ароматизаторов;Без вкусовых добавок,При температуре от +4`С до +25`С,133,22,5,100% говядина,Нет,,
16,SPRD-02252,Бараний корень (бибер) 1000г для собак SHEPHERD TM,"9,923.00","14,175.00",Не облагается,Нет,Нет,,4680614022528,1020,40,400,300,https://cdn1.ozone.ru/s3/multimedia-1-t/7721492753.jpg,"https://cdn1.ozone.ru/s3/multimedia-1-p/7286334253.jpg
https://cdn1.ozone.ru/s3/multimedia-1-t/7286334257.jpg
https://cdn1.ozone.ru/s3/multimedia-1-o/7286334252.jpg
https://cdn1.ozone.ru/s3/multimedia-1-k/7286334248.jpg
https://cdn1.ozone.ru/s3/multimedia-1-g/7254402892.jpg
https://cdn1.ozone.ru/s3/multimedia-1-r/7254402939.jpg
https://cdn1.ozone.ru/s3/multimedia-1-n/7254402899.jpg
https://cdn1.ozone.ru/s3/multimedia-1-p/7254402937.jpg
https://cdn1.ozone.ru/s3/multimedia-1-f/7254402891.jpg
https://cdn1.ozone.ru/s3/multimedia-1-q/7286334254.jpg
https://cdn1.ozone.ru/s3/multimedia-1-w/7286334260.jpg
https://cdn1.ozone.ru/s3/multimedia-1-0/7286334264.jpg
https://cdn1.ozone.ru/s3/multimedia-1-r/7286334255.jpg
https://cdn1.ozone.ru/s3/multimedia-1-m/7286334250.jpg
https://cdn1.ozone.ru/s3/multimedia-1-l/7286334249.jpg
https://cdn1.ozone.ru/s3/multimedia-1-u/7286334258.jpg
https://cdn1.ozone.ru/s3/multimedia-1-s/7286334256.jpg
https://cdn1.ozone.ru/s3/multimedia-1-v/7286334259.jpg
https://cdn1.ozone.ru/s3/multimedia-1-n/7286334251.jpg
https://cdn1.ozone.ru/s3/multimedia-1-y/7286334262.jpg
https://cdn1.ozone.ru/s3/multimedia-1-z/7286334263.jpg
https://cdn1.ozone.ru/s3/multimedia-1-x/7286334261.jpg",,,SHEPHERD,"Бараний бибер (корень), сушеное для собак, 100% натуральное.",1000,1,1,Лакомство,Для собак,365,Для взрослых;Для маленьких;Для пожилых,,"Ищете идеальное лакомство для своей собаки?<br/><br/>Познакомьтесь с бараний корень от Shepherd – уникальное, 100% натуральное угощение, которое обязательно понравится вашему четвероногому другу!<br/><br/>Польза:<ul><li>100% натуральный состав. Лакомство не содержит искусственных красителей, консервантов или ароматизаторов, что гарантирует безопасность и высокое качество питания.</li><li>Высокое содержание белка. Помогает поддерживать здоровье и активность, способствуя развитию сильных и здоровых мышц.</li><li>Аминокислоты и микроэлементы. Улучшают обмен веществ и общее состояние здоровья вашей собаки.</li><li>Поддержка жевательной функции. Натуральная текстура помогает сохранить здоровье зубов и десен, что особенно важно для крупных пород.<br/><br/>Не упустите возможность сделать лакомства ещё более интересными! Заходите в наш каталог, выбирайте и экспериментируйте с новыми вкусами для вашего четвероного друга(бычий корень для собак, аорта для собак, трахея говяжья )! </li></ul>","{
  ""content"": [
    {
      ""widgetName"": ""raShowcase"",
      ""type"": ""billboard"",
      ""blocks"": [
        {
          ""imgLink"": ""https://www.ozon.ru/seller/shepherd-1468751/products/?miniapp=seller_1468751"",
          ""img"": {
            ""src"": ""https://cdn1.ozone.ru/s3/multimedia-1-w/7552781528.jpg"",
            ""srcMobile"": ""https://cdn1.ozone.ru/s3/multimedia-1-w/7552781528.jpg"",
            ""alt"": """",
            ""position"": ""width_one_third"",
            ""positionMobile"": ""width_full"",
            ""widthMobile"": 1182,
            ""heightMobile"": 1182
          },
          ""title"": {
            ""items"": [
              {
                ""type"": ""text"",
                ""content"": ""Shepherd TM""
              }
            ],
            ""size"": ""size7"",
            ""align"": ""center"",
            ""color"": ""color1""
          },
          ""text"": {
            ""size"": ""size2"",
            ""align"": ""center"",
            ""color"": ""color1"",
            ""items"": [
              {
                ""type"": ""text"",
                ""content"": ""Мы специализируемся на производстве\r""
              },
              {
                ""type"": ""br""
              },
              {
                ""type"": ""text"",
                ""content"": ""100% натуральных лакомств и сбалансированных рационов для животных.""
              },
              {
                ""type"": ""br""
              },
              {
                ""type"": ""text"",
                ""content"": ""У нас большой выбор на любой вкус. Ваши питомцы останутся довольны.""
              },
              {
                ""type"": ""br""
              }
            ]
          }
        }
      ]
    },
    {
      ""widgetName"": ""raTextBlock"",
      ""title"": {
        ""items"": [
          {
            ""type"": ""text"",
            ""content"": ""Бараний корень(бибер) для собак""
          }
        ],
        ""size"": ""size5"",
        ""color"": ""color1"",
        ""align"": ""center""
      },
      ""theme"": ""tertiary"",
      ""padding"": ""type2"",
      ""gapSize"": ""s"",
      ""text"": {
        ""size"": ""size2"",
        ""align"": ""left"",
        ""color"": ""color1"",
        ""items"": [
          {
            ""type"": ""text"",
            ""content"": ""Ищете идеальное лакомство для своей собаки? \r""
          },
          {
            ""type"": ""br""
          },
          {
            ""type"": ""text"",
            ""content"": ""\r""
          },
          {
            ""type"": ""br""
          },
          {
            ""type"": ""text"",
            ""content"": ""Бараний корень для собак от Shepherd – уникальное, 100% натуральное угощение, которое обязательно понравится вашему четвероногому другу!\r""
          },
          {
            ""type"": ""br""
          },
          {
            ""type"": ""text"",
            ""content"": ""\r""
          },
          {
            ""type"": ""br""
          },
          {
            ""type"": ""text"",
            ""content"": ""Польза:\r""
          },
          {
            ""type"": ""br""
          },
          {
            ""type"": ""text"",
            ""content"": ""100% натуральный состав. Лакомство не содержит искусственных красителей, консервантов или ароматизаторов, что гарантирует безопасность и высокое качество питания.\r""
          },
          {
            ""type"": ""br""
          },
          {
            ""type"": ""text"",
            ""content"": ""Высокое содержание белка. Помогает поддерживать здоровье и активность, способствуя развитию сильных и здоровых мышц.\r""
          },
          {
            ""type"": ""br""
          },
          {
            ""type"": ""text"",
            ""content"": ""Аминокислоты и микроэлементы. Улучшают обмен веществ и общее состояние здоровья вашей собаки.\r""
          },
          {
            ""type"": ""br""
          },
          {
            ""type"": ""text"",
            ""content"": ""Поддержка жевательной функции. Натуральная текстура помогает сохранить здоровье зубов и десен, что особенно важно для крупных пород.\r""
          },
          {
            ""type"": ""br""
          },
          {
            ""type"": ""text"",
            ""content"": ""\r""
          },
          {
            ""type"": ""br""
          },
          {
            ""type"": ""text"",
            ""content"": ""Не упустите возможность сделать лакомства ещё более интересными! Заходите в наш каталог, выбирайте и экспериментируйте с новыми вкусами снеков для вашего четвероного друга!""
          }
        ]
      }
    },
    {
      ""widgetName"": ""raShowcase"",
      ""type"": ""chess"",
      ""blocks"": [
        {
          ""img"": {
            ""src"": ""https://cdn1.ozone.ru/s3/multimedia-1-u/7286334258.jpg"",
            ""srcMobile"": ""https://cdn1.ozone.ru/s3/multimedia-1-o/7286334252.jpg"",
            ""alt"": """",
            ""position"": ""to_the_edge"",
            ""positionMobile"": ""fill"",
            ""widthMobile"": 1200,
            ""heightMobile"": 1600
          },
          ""imgLink"": """",
          ""title"": {
            ""items"": [
              {
                ""type"": ""text"",
                ""content"": ""С любовью и заботой ""
              }
            ],
            ""size"": ""size6"",
            ""align"": ""center"",
            ""color"": ""color1""
          },
          ""text"": {
            ""size"": ""size2"",
            ""align"": ""center"",
            ""color"": ""color1"",
            ""items"": [
              {
                ""type"": ""text"",
                ""content"": ""Мы используем только качественное мясо и тщательно следим за стандартами, чтобы обеспечить здоровье ваших питомцев. Наши лакомства – это продукты, созданные с любовью и заботой.""
              }
            ]
          },
          ""reverse"": false
        },
        {
          ""img"": {
            ""src"": ""https://cdn1.ozone.ru/s3/multimedia-1-m/7552781518.jpg"",
            ""srcMobile"": ""https://cdn1.ozone.ru/s3/multimedia-1-m/7552781518.jpg"",
            ""alt"": """",
            ""position"": ""fill"",
            ""positionMobile"": ""fill"",
            ""widthMobile"": 1200,
            ""heightMobile"": 1600
          },
          ""imgLink"": """",
          ""title"": {
            ""items"": [
              {
                ""type"": ""text"",
                ""content"": ""Технология""
              }
            ],
            ""size"": ""size6"",
            ""align"": ""center"",
            ""color"": ""color1""
          },
          ""text"": {
            ""size"": ""size2"",
            ""align"": ""left"",
            ""color"": ""color1"",
            ""items"": [
              {
                ""type"": ""text"",
                ""content"": ""Мы производим натуральные лакомства и сбалансированные рационы для собак, не используя консерванты и химические добавки.""
              }
            ]
          },
          ""reverse"": true
        }
      ]
    }
  ],
  ""version"": 0.3
}",бараний корень;бараний корень для собак;лакомства для собак крупных пород;бараний корень для собак;лакомства для собак;для собак;бычий корень для собак;бычий корень для собак мелких пород;лакомства для собак мелких пород натуральные;лакомства для дрессировки собак;,группа 14,120 х 20 х 420,Вакуумная упаковка,,"2309109000 - МАРКИРОВКА РФ - Прочий корм для собак или кошек, расфасованный для розничной продажи",Россия,Корень;Палочки,Баранина,Твердые,,,,Мясо,,Крупный;Малый;Средний,Профилактика зубного налета,Без ароматизаторов;Без вкусовых добавок;Без ГМО,В сухом темном месте;Не подвергать воздействию прямого солнечного света,336,72.4,8.5,100% бараний бибер (корень),Нет,,
17,SPRD-02296,Хвост кролика 1000г съедобная игрушка для кошек и собак,"3,905.00","4,615.00",Не облагается,Нет,Нет,,4680614022962,1020,40,400,400,https://cdn1.ozone.ru/s3/multimedia-1-m/7517669386.jpg,"https://cdn1.ozone.ru/s3/multimedia-1-t/7517669393.jpg
https://cdn1.ozone.ru/s3/multimedia-1-u/7517669394.jpg
https://cdn1.ozone.ru/s3/multimedia-1-l/7517669385.jpg
https://cdn1.ozone.ru/s3/multimedia-1-q/7517669390.jpg
https://cdn1.ozone.ru/s3/multimedia-1-4/7517669368.jpg
https://cdn1.ozone.ru/s3/multimedia-1-c/7517669376.jpg
https://cdn1.ozone.ru/s3/multimedia-1-o/7517669388.jpg
https://cdn1.ozone.ru/s3/multimedia-1-d/7517669377.jpg
https://cdn1.ozone.ru/s3/multimedia-1-z/7517669363.jpg
https://cdn1.ozone.ru/s3/multimedia-1-8/7517669372.jpg
https://cdn1.ozone.ru/s3/multimedia-1-t/7517669357.jpg
https://cdn1.ozone.ru/s3/multimedia-1-i/7517669382.jpg",,,SHEPHERD,Кроличьи хвостики,1000,,1,Лакомство,Для кошек;Для собак,365,Для взрослых;Для маленьких;Для пожилых,,"Кроличьи сушеные хвостики – натуральное лакомство и мотивационная игрушка для собак и кошек!<br/><br/>Польза:<ul><li>Источник белка. Кроличьи сушеные хвостики являются источником легкоусвояемого белка, необходимого для поддержания мышечного тонуса и восстановления мышечной ткани как у собак, так и у кошек.</li><li>Богатый состав витаминов и минералов. Хвостики содержат важные витамины (В, Е) и минералы (кальций, магний, железо), способствующие укреплению организма, поддержанию здоровой шерсти и кожи, улучшению обмена веществ и укреплению иммунной системы.</li><li>Поддержка зубного здоровья. Жевание кроличьих хвостиков помогает удалять налет и зубной камень, что способствует здоровью зубов и десен.</li><li>Мотивационная игрушка. Кроличьи хвостики отлично подойдут для активных игр, стимулируя физическую активность и умственное развитие вашего питомца.</li></ul>Для кошек:<ul><li>Рекомендуется давать только здоровым кошкам.</li><li>При наличии проблем с пищеварением лучше проконсультироваться с ветеринаром.</li></ul>Не упустите шанс улучшить здоровье и самочувствие вашего любимца! Добавьте в рацион вашей собаки или кошки натуральные лакомства от SHEPHERD, и вы обязательно заметите положительные изменения!",,игрушки для собак;игрушка для собак;лакомства для собак;для собак;игрушки для собак мелких пород;лакомства для кошек;собака;вкусняшки для собак:лакомства для собак мелких пород;лакомство для кошек;игрушки для собак крупных пород;корм для щенков;вкусняшки ,группа 3,400 х 40 х 400,Вакуумная упаковка,лакомства для собак - 1 упаковка,"2309109000 - МАРКИРОВКА РФ - Прочий корм для собак или кошек, расфасованный для розничной продажи",Россия,Хвост,Кролик,Мягкие,,,,Мясо,,Крупный;Малый;Средний,Малоподвижные,Без ГМО;Без ароматизаторов;Без вкусовых добавок,В сухом месте,364,67.6,10.4,100% хвостик кролика,Нет,,
18,SPRD-02332,Пятаки свиные 500 г для собак SHEPHERD TM,"2,175.00","3,107.00",Не облагается,Нет,Нет,,4680614023327,510,170,70,270,https://cdn1.ozone.ru/s3/multimedia-1-k/7673085992.jpg,"https://cdn1.ozone.ru/s3/multimedia-1-e/7380286718.jpg
https://cdn1.ozone.ru/s3/multimedia-1-x/7380287241.jpg
https://cdn1.ozone.ru/s3/multimedia-1-e/7380286790.jpg
https://cdn1.ozone.ru/s3/multimedia-1-g/7380287692.jpg
https://cdn1.ozone.ru/s3/multimedia-1-p/7380286765.jpg
https://cdn1.ozone.ru/s3/multimedia-1-d/7380286717.jpg
https://cdn1.ozone.ru/s3/multimedia-1-q/7380287126.jpg
https://cdn1.ozone.ru/s3/multimedia-1-n/7380286655.jpg
https://cdn1.ozone.ru/s3/multimedia-1-0/7380287028.jpg",,,SHEPHERD,пятаки,500,,1,Лакомство,Для собак,546,Для маленьких;Для взрослых;Для пожилых,#лакомстводлясобак #долгоиграющеелакомство #длясобаксреднихпород #лакомства_для_собак,"Свиные пятачки – натуральное лакомство для вашего любимца!<br/><br/>Подарите своему питомцу вкусное и полезное угощение!<br/><br/><ul><li>100% натуральность и безопасность. Только сушеные свиные пятачки без химии, красителей, ароматизаторов и усилителей вкуса.</li><li>Идеально для здоровья зубов. Хрустящая текстура эффективно очищает зубной налет, массирует десны и поддерживает здоровье ротовой полости.</li><li>Богатый источник белка. Питательное лакомство, которое дополняет рацион вашего питомца необходимыми витаминами и минералами.</li><li>Для собак всех пород и размеров. Удобная форма и универсальный размер снеков для собак отлично подходят мелким породам , так и крупным. Легко дозировать и брать с собой на прогулку.</li></ul>🎯 Жевательные снеки для собак идеально для дрессировки. Приятный запах и вкус делают пятачки отличным поощрением во время обучения.<br/><br/>Закажите прямо сейчас!<br/><br/>Сочные и хрустящие свиные пятачки станут любимым лакомством вашего питомца.",,пятачок;пяточки свиные для собак;свиной пятак;свиные пятаки для собак;пятачки свиные;свиные пятаки в банке;долгоиграющие лакомства для собак;лакомство для собак;,,21х17х7,Вакуумная упаковка,свиные пятаки,"2309109000 - МАРКИРОВКА РФ - Прочий корм для собак или кошек, расфасованный для розничной продажи",Россия,Пятачок,Свинина,Жевательные,,,,Мясо,,Малый;Средний;Крупный,Подавление избыточной агрессии;Предупреждение стрессов,Без ГМО;Без ароматизаторов;Без вкусовых добавок,При температуре от +4`С до +25`С,250,21,14,100% свиные пятачки,Нет,,
19,SPRD-02331,Пятаки свиные 100 г для собак SHEPHERD TM,528.00,754.00,Не облагается,Нет,Нет,,4680614023310,110,170,20,220,https://cdn1.ozone.ru/s3/multimedia-1-q/7669979918.jpg,"https://cdn1.ozone.ru/s3/multimedia-1-e/7380286718.jpg
https://cdn1.ozone.ru/s3/multimedia-1-x/7380287241.jpg
https://cdn1.ozone.ru/s3/multimedia-1-e/7380286790.jpg
https://cdn1.ozone.ru/s3/multimedia-1-g/7380287692.jpg
https://cdn1.ozone.ru/s3/multimedia-1-p/7380286765.jpg
https://cdn1.ozone.ru/s3/multimedia-1-1/7380286705.jpg
https://cdn1.ozone.ru/s3/multimedia-1-d/7380286717.jpg
https://cdn1.ozone.ru/s3/multimedia-1-q/7380287126.jpg
https://cdn1.ozone.ru/s3/multimedia-1-n/7380286655.jpg
https://cdn1.ozone.ru/s3/multimedia-1-0/7380287028.jpg",,,SHEPHERD,пятаки,100,,1,Лакомство,Для собак,546,Для маленьких;Для взрослых;Для пожилых,#лакомстводлясобак #долгоиграющеелакомство #длясобаксреднихпород #лакомства_для_собак,"Свиные пятачки 100г – натуральное лакомство для вашего любимца!<br/><br/>Подарите своему питомцу вкусное и полезное угощение!<br/><br/><ul><li>100% натуральность и безопасность. Только сушеные свиные пятачки без химии, красителей, ароматизаторов и усилителей вкуса.</li><li>Идеально для здоровья зубов. Хрустящая текстура эффективно очищает зубной налет, массирует десны и поддерживает здоровье ротовой полости.</li><li>Богатый источник белка. Питательное лакомство, которое дополняет рацион вашего питомца необходимыми витаминами и минералами.</li><li>Для собак всех пород и размеров. Удобная форма и универсальный размер снеков для собак отлично подходят мелким породам , так и крупным. Легко дозировать и брать с собой на прогулку.</li></ul>🎯 Жевательные снеки для собак идеально для дрессировки. Приятный запах и вкус делают пятачки отличным поощрением во время обучения.<br/><br/>Закажите прямо сейчас!<br/><br/>Сочные и хрустящие свиные пятачки станут любимым лакомством вашего питомца.",,пятачок;пяточки свиные для собак;свиной пятак;свиные пятаки для собак;пятачки свиные;свиные пятаки в банке;долгоиграющие лакомства для собак;лакомство для собак;,,,Вакуумная упаковка,свиные пятаки,"2309109000 - МАРКИРОВКА РФ - Прочий корм для собак или кошек, расфасованный для розничной продажи",Россия,Пятачок,Свинина,Жевательные,,,,Мясо,,Малый;Средний;Крупный,Гиперактивные;Спортивные,Без ГМО;Без ароматизаторов;Без вкусовых добавок,При температуре от +4`С до +25`С,250,21,14,100% свиные пятачки,Нет,,
20,SPRD-02654,Аорта говяжья 100г натуральное лакомство для собак,699.00,998.00,Не облагается,Нет,Нет,,4680614026540,110,30,225,165,https://cdn1.ozone.ru/s3/multimedia-1-n/7517587199.jpg,"https://cdn1.ozone.ru/s3/multimedia-1-7/7517587183.jpg
https://cdn1.ozone.ru/s3/multimedia-1-2/7517592614.jpg
https://cdn1.ozone.ru/s3/multimedia-1-l/7246224453.jpg
https://cdn1.ozone.ru/s3/multimedia-1-x/7246224465.jpg
https://cdn1.ozone.ru/s3/multimedia-1-h/7246224485.jpg
https://cdn1.ozone.ru/s3/multimedia-1-m/7246224454.jpg
https://cdn1.ozone.ru/s3/multimedia-1-p/7246224457.jpg
https://cdn1.ozone.ru/s3/multimedia-1-2/7246224470.jpg
https://cdn1.ozone.ru/s3/multimedia-1-6/7517587218.jpg
https://cdn1.ozone.ru/s3/multimedia-1-i/7517587086.jpg
https://cdn1.ozone.ru/s3/multimedia-1-i/7517587230.jpg
https://cdn1.ozone.ru/s3/multimedia-1-p/7517587129.jpg
https://cdn1.ozone.ru/s3/multimedia-1-3/7517592615.jpg
https://cdn1.ozone.ru/s3/multimedia-1-x/7517587245.jpg
https://cdn1.ozone.ru/s3/multimedia-1-0/7517587212.jpg
https://cdn1.ozone.ru/s3/multimedia-1-f/7517587227.jpg
https://cdn1.ozone.ru/s3/multimedia-1-4/7517592616.jpg
https://cdn1.ozone.ru/s3/multimedia-1-1/7517587105.jpg
https://cdn1.ozone.ru/s3/multimedia-1-q/7517587310.jpg
https://cdn1.ozone.ru/s3/multimedia-1-m/7517587090.jpg
https://cdn1.ozone.ru/s3/multimedia-1-c/7517587224.jpg
https://cdn1.ozone.ru/s3/multimedia-1-0/7517587104.jpg
https://cdn1.ozone.ru/s3/multimedia-1-a/7517587078.jpg",,,SHEPHERD,"Аорта говяжья , натуральный сушёный для собак.",101,1,,Лакомство,Для собак,540,Для маленьких;Для взрослых;Для пожилых,#лакомствадлясобак #вкусняшкидлясобак #длясреднихпород #аортадлясобак #бараньелёгкоедлясобак #шепард ,"Ищете идеальное лакомство, которое не только порадует вашего питомца, но и принесет пользу его здоровью? <br/><br/>Попробуйте нашу говяжью аорту — 100% натуральный продукт, насыщенный аминокислотами, микроэлементами и коллагеном. Это лакомство подходит для собак всех возрастов и размеров!<br/><br/>Польза:<ul><li>Питательные вещества. Аорта является источником аминокислот, необходимых для роста и восстановления тканей. Они укрепляют иммунную систему и помогают поддерживать энергетический баланс вашего питомца.</li><li>Здоровье суставов. Высокое содержание коллагена способствует укреплению хрящевой ткани и повышает её эластичность. Это особенно важно для активных собак и пожилых питомцев, у которых могут возникать проблемы с суставами и костями.</li><li>Гигиена полости рта. Текстура аорты помогает удалять зубной налет и массировать десны, предотвращая образование зубного камня и улучшая здоровье полости рта.</li></ul>Мы обладаем многолетним опытом и знаем, как заботиться о ваших питомцах.<ul><li>Натуральные ингредиенты. Мы используем только высококачественные компоненты, соответствующие всем ветеринарным требованиям и стандартам. Никаких консервантов и химических добавок!</li><li>Контроль качества. Каждый этап производства проходит строгий контроль, что гарантирует свежесть и безопасность нашей продукции.</li><li>Уникальная технология сушки. Благодаря специальному процессу, все полезные вещества сохраняются в каждом кусочке, принося максимальную пользу вашему питомцу.</li><li>Удобная упаковка. Лакомства удобно хранить и брать с собой в поездки или на прогулки.<br/><br/>Почему стоит взять несколько вкусов?<ul><li> Разнообразие. Ваш питомец забудет о скучных перекусах, если вы будете чередовать разные вкусы!</li><li> Эксперименты. Найдите тот самый любимый вкус, который станет хитом у вашего друга!</li><li>Соблюдение баланса. Разнообразие помогает обеспечить поступление всех необходимых витаминов и минералов.</li></ul></li></ul>","{
  ""content"": [
    {
      ""widgetName"": ""raShowcase"",
      ""type"": ""billboard"",
      ""blocks"": [
        {
          ""imgLink"": ""https://www.ozon.ru/seller/shepherd-1468751/products/?miniapp=seller_1468751"",
          ""img"": {
            ""src"": ""https://cdn1.ozone.ru/s3/multimedia-1-k/7430505860.jpg"",
            ""srcMobile"": ""https://cdn1.ozone.ru/s3/multimedia-1-k/7430505860.jpg"",
            ""alt"": """",
            ""position"": ""width_one_third"",
            ""positionMobile"": ""width_full"",
            ""widthMobile"": 1182,
            ""heightMobile"": 1182
          },
          ""title"": {
            ""items"": [
              {
                ""type"": ""text"",
                ""content"": ""Shepherd TM""
              }
            ],
            ""size"": ""size7"",
            ""align"": ""center"",
            ""color"": ""color1""
          },
          ""text"": {
            ""size"": ""size2"",
            ""align"": ""center"",
            ""color"": ""color1"",
            ""items"": [
              {
                ""type"": ""text"",
                ""content"": ""Мы специализируемся на производстве\r""
              },
              {
                ""type"": ""br""
              },
              {
                ""type"": ""text"",
                ""content"": ""100% натуральных лакомств и сбалансированных рационов для животных.""
              },
              {
                ""type"": ""br""
              },
              {
                ""type"": ""text"",
                ""content"": ""У нас большой выбор на любой вкус. Ваши питомцы останутся довольны.""
              },
              {
                ""type"": ""br""
              }
            ]
          }
        }
      ]
    },
    {
      ""widgetName"": ""raTextBlock"",
      ""title"": {
        ""items"": [
          {
            ""type"": ""text"",
            ""content"": ""Аорта говяжья для собак""
          }
        ],
        ""size"": ""size7"",
        ""color"": ""color1"",
        ""align"": ""center""
      },
      ""theme"": ""tertiary"",
      ""padding"": ""type2"",
      ""gapSize"": ""s"",
      ""text"": {
        ""size"": ""size2"",
        ""align"": ""left"",
        ""color"": ""color1"",
        ""items"": [
          {
            ""type"": ""text"",
            ""content"": ""Ищете идеальное лакомство, которое не только порадует вашего питомца, но и принесет пользу его здоровью? \r""
          },
          {
            ""type"": ""br""
          },
          {
            ""type"": ""text"",
            ""content"": ""\r""
          },
          {
            ""type"": ""br""
          },
          {
            ""type"": ""text"",
            ""content"": ""Попробуйте нашу говяжью аорту — 100% натуральный продукт, насыщенный аминокислотами, микроэлементами и коллагеном. Это лакомство подходит для собак всех возрастов и размеров!\r""
          },
          {
            ""type"": ""br""
          },
          {
            ""type"": ""text"",
            ""content"": ""\r""
          },
          {
            ""type"": ""br""
          },
          {
            ""type"": ""text"",
            ""content"": ""Польза:\r""
          },
          {
            ""type"": ""br""
          },
          {
            ""type"": ""text"",
            ""content"": ""Питательные вещества. Аорта является источником аминокислот, необходимых для роста и восстановления тканей. Они укрепляют иммунную систему и помогают поддерживать энергетический баланс вашего питомца.\r""
          },
          {
            ""type"": ""br""
          },
          {
            ""type"": ""text"",
            ""content"": ""Здоровье суставов. Высокое содержание коллагена способствует укреплению хрящевой ткани и повышает её эластичность. Это особенно важно для активных собак и пожилых питомцев, у которых могут возникать проблемы с суставами и костями.\r""
          },
          {
            ""type"": ""br""
          },
          {
            ""type"": ""text"",
            ""content"": ""Гигиена полости рта. Текстура аорты помогает удалять зубной налет и массировать десны, предотвращая образование зубного камня и улучшая здоровье полости рта.\r""
          },
          {
            ""type"": ""br""
          },
          {
            ""type"": ""text"",
            ""content"": ""Мы обладаем многолетним опытом и знаем, как заботиться о ваших питомцах.\r""
          },
          {
            ""type"": ""br""
          },
          {
            ""type"": ""text"",
            ""content"": ""Натуральные ингредиенты. Мы используем только высококачественные компоненты, соответствующие всем ветеринарным требованиям и стандартам. Никаких консервантов и химических добавок!\r""
          },
          {
            ""type"": ""br""
          },
          {
            ""type"": ""text"",
            ""content"": ""Контроль качества. Каждый этап производства проходит строгий контроль, что гарантирует свежесть и безопасность нашей продукции.\r""
          },
          {
            ""type"": ""br""
          },
          {
            ""type"": ""text"",
            ""content"": ""Уникальная технология сушки. Благодаря специальному процессу, все полезные вещества сохраняются в каждом кусочке, принося максимальную пользу вашему питомцу.\r""
          },
          {
            ""type"": ""br""
          },
          {
            ""type"": ""text"",
            ""content"": ""Удобная упаковка. Лакомства удобно хранить и брать с собой в поездки или на прогулки.\r""
          },
          {
            ""type"": ""br""
          },
          {
            ""type"": ""text"",
            ""content"": ""\r""
          },
          {
            ""type"": ""br""
          },
          {
            ""type"": ""text"",
            ""content"": ""Почему стоит взять несколько вкусов?\r""
          },
          {
            ""type"": ""br""
          },
          {
            ""type"": ""text"",
            ""content"": "" Разнообразие. Ваш питомец забудет о скучных перекусах, если вы будете чередовать разные вкусы!\r""
          },
          {
            ""type"": ""br""
          },
          {
            ""type"": ""text"",
            ""content"": "" Эксперименты. Найдите тот самый любимый вкус, который станет хитом у вашего друга!\r""
          },
          {
            ""type"": ""br""
          },
          {
            ""type"": ""text"",
            ""content"": ""Соблюдение баланса. Разнообразие помогает обеспечить поступление всех необходимых витаминов и минералов.""
          }
        ]
      }
    },
    {
      ""widgetName"": ""raShowcase"",
      ""type"": ""chess"",
      ""blocks"": [
        {
          ""img"": {
            ""src"": ""https://cdn1.ozone.ru/s3/multimedia-1-b/7436481563.jpg"",
            ""srcMobile"": ""https://cdn1.ozone.ru/s3/multimedia-1-b/7436481563.jpg"",
            ""alt"": """",
            ""position"": ""to_the_edge"",
            ""positionMobile"": ""fill"",
            ""widthMobile"": 1680,
            ""heightMobile"": 1680
          },
          ""imgLink"": """",
          ""title"": {
            ""items"": [
              {
                ""type"": ""text"",
                ""content"": ""С любовью и заботой ""
              }
            ],
            ""size"": ""size6"",
            ""align"": ""center"",
            ""color"": ""color1""
          },
          ""text"": {
            ""size"": ""size2"",
            ""align"": ""center"",
            ""color"": ""color1"",
            ""items"": [
              {
                ""type"": ""text"",
                ""content"": ""Мы используем только качественное мясо и тщательно следим за стандартами, чтобы обеспечить здоровье ваших питомцев. Наши корма – это продукты, созданные с любовью и заботой.""
              }
            ]
          },
          ""reverse"": false
        },
        {
          ""img"": {
            ""src"": ""https://cdn1.ozone.ru/s3/multimedia-1-p/7435712833.jpg"",
            ""srcMobile"": ""https://cdn1.ozone.ru/s3/multimedia-1-p/7435712833.jpg"",
            ""alt"": """",
            ""position"": ""fill"",
            ""positionMobile"": ""fill"",
            ""widthMobile"": 866,
            ""heightMobile"": 831
          },
          ""imgLink"": """",
          ""title"": {
            ""items"": [
              {
                ""type"": ""text"",
                ""content"": ""Технология""
              }
            ],
            ""size"": ""size6"",
            ""align"": ""center"",
            ""color"": ""color1""
          },
          ""text"": {
            ""size"": ""size2"",
            ""align"": ""left"",
            ""color"": ""color1"",
            ""items"": [
              {
                ""type"": ""text"",
                ""content"": ""Мы производим натуральные лакомства и сбалансированные рационы для собак, не используя консерванты и химические добавки.""
              }
            ]
          },
          ""reverse"": true
        }
      ]
    }
  ],
  ""version"": 0.3
}","аорта для собак;лакомства для собак;лакомство для собак;кость для собак крупных пород;корм для собак;лакомства для собак крупных пород; лакомство аорта;
аорта говяжья для собак;shepherd;хрящи для собак;говяжья кость для собак",группа 11,165х30х225,Вакуумная упаковка;Бумажный пакет,"Вес: одна штука от ~40 до 80 грамм. Размер: ~20-30 см.  Назначение: способствует очищению зубов от налёта и камня, тренирует челюсть.  Свойства: легкий молочный аромат, толстая вена, хрупкая. Цвет от светло-золотистого до темно-коричневого. Рекомендации по кормлению: не является основным кормом. Следите за наличием свежей воды в миске животного. Не оставляйте животное без присмотра во время приема лакомств.  Суточная норма: ВАЖНО! Потребление лакомств не должно превышать 10% от суточной пайки питомца.","2309109000 - МАРКИРОВКА РФ - Прочий корм для собак или кошек, расфасованный для розничной продажи",Россия,Аорта;Палочки,Говядина,Хрустящие,,,,Мясо,,Малый;Крупный;Средний,Профилактика зубного налета,Без ароматизаторов;Без ГМО;Без вкусовых добавок,Не подвергать воздействию прямого солнечного света;При температуре от +10`С до +25`С,287,25.8,22.7,"100% говяжья аорта

",Нет,,
21,SPRD-02290,Кроличья лапка для кошек и собак (задняя) 500г SHEPHERD TM,"2,101.00","3,001.00",Не облагается,Нет,Нет,,4680614022900,515,30,300,300,https://cdn1.ozone.ru/s3/multimedia-1-0/6921983556.jpg,"https://cdn1.ozone.ru/s3/multimedia-1-2/6921983450.jpg
https://cdn1.ozone.ru/s3/multimedia-1-v/6921983515.jpg
https://cdn1.ozone.ru/s3/multimedia-1-e/6921983534.jpg
https://cdn1.ozone.ru/s3/multimedia-1-4/6921983452.jpg
https://cdn1.ozone.ru/s3/multimedia-1-4/6921983632.jpg
https://cdn1.ozone.ru/s3/multimedia-1-q/6921983618.jpg
https://cdn1.ozone.ru/s3/multimedia-1-t/6921983441.jpg
https://cdn1.ozone.ru/s3/multimedia-1-s/6921983548.jpg
https://cdn1.ozone.ru/s3/multimedia-1-j/6921983611.jpg
https://cdn1.ozone.ru/s3/multimedia-1-z/6921983627.jpg
https://cdn1.ozone.ru/s3/multimedia-1-h/6921983609.jpg
https://cdn1.ozone.ru/s3/multimedia-1-o/6921983400.jpg
https://cdn1.ozone.ru/s3/multimedia-1-j/6921983467.jpg
https://cdn1.ozone.ru/s3/multimedia-1-5/6921983453.jpg",,,SHEPHERD,Лапки кролика,500,,1,Лакомство,Для кошек;Для собак,365,Для взрослых;Для маленьких;Для пожилых,,"""Долгое развлечение и вкусный перекус в одном!""<br/><br/>Наши кроличьи лапки для кошек и собак БЕЗ когтей — это не только съедобная игрушка, но и идеальное средство для поддержания активности вашего любимца.<br/><br/>Уникальные преимущества:<ul><li>Гигиена. Жевание укрепляет десны, очищает зубы и предотвращает образование зубного камня.</li><li> Низкокалорийные и богаты витаминами и минералами. Кроличьи лапы содержат глюкозамин и хондроитин для здоровья суставов, а также таурин, который улучшает работу сердца и зрение.</li><li>Естественный состав. Лакомства для кошек изготовлены из натуральных ингредиентов без искусственных добавок и консервантов.</li><li>Игрушки для собак. Лапы кролика помогут поддержать активность вашего питомца, предоставляя возможность не только поесть, но и играть.</li><li>Сушеные кроличьи лапки - диетический продукт, который подходит для животных любого возраста.<br/><br/>Отличные вкусняшки для кошек и собак. В наборе идут задние лапки кролика.<br/><br/>Кошки :</li><li>Рекомендуется давать только здоровым кошкам.</li><li>При наличии проблем с пищеварением лучше проконсультироваться с ветеринаром.<br/><br/></li></ul>Сделайте подарок своему пушистому другу – выбирайте лапы кролика от SHEPHERD!",,кроличья лапка для кошек; кроличьи лапки;кроличьи лапки для собак;лакомства для кошек;игрушка для лакомства для собак; игрушки для собак;игрушки для собак мелких пород;лапки кролика для собак;лакомство для собак;сушеные лапки кролика;бычий корень для собак,группа 14,200 х 20 х 300,Вакуумная упаковка,лакомства для собак - 1 упаковка,"2309109000 - МАРКИРОВКА РФ - Прочий корм для собак или кошек, расфасованный для розничной продажи",Россия,Лапки,Кролик,Мягкие,,,,Мясо,,Крупный;Малый;Средний,Спортивные,Без ГМО;Без ароматизаторов;Без вкусовых добавок,В сухом месте;Не подвергать воздействию прямого солнечного света;При температуре от +2`С до +25`С,364,67.6,10.4,задние лапки кролика ,Нет,,
22,SPRD-02856,Лакомство для собак перепелиные лапки SHEPHERD TM 500г,"1,500.00","1,700.00",Не облагается,Нет,Нет,,4680614028568,510,400,50,300,https://cdn1.ozone.ru/s3/multimedia-1-e/7055647286.jpg,"https://cdn1.ozone.ru/s3/multimedia-1-s/7055647300.jpg
https://cdn1.ozone.ru/s3/multimedia-1-5/7055647313.jpg
https://cdn1.ozone.ru/s3/multimedia-1-8/7055647316.jpg
https://cdn1.ozone.ru/s3/multimedia-1-f/7055647071.jpg
https://cdn1.ozone.ru/s3/multimedia-1-f/7055647251.jpg
https://cdn1.ozone.ru/s3/multimedia-1-b/7055647175.jpg
https://cdn1.ozone.ru/s3/multimedia-1-w/7055647088.jpg
https://cdn1.ozone.ru/s3/multimedia-1-l/7055647185.jpg
https://cdn1.ozone.ru/s3/multimedia-1-k/7055647328.jpg
https://cdn1.ozone.ru/s3/multimedia-1-c/7055647104.jpg
https://cdn1.ozone.ru/s3/multimedia-1-0/7055647128.jpg
https://cdn1.ozone.ru/s3/multimedia-1-z/7055647235.jpg
https://cdn1.ozone.ru/s3/multimedia-1-2/7055647238.jpg
https://cdn1.ozone.ru/s3/multimedia-1-r/7055647155.jpg",,,SHEPHERD,Перепелиные лапки,500,1,1,Лакомство,Для кошек;Для собак,540,Для маленьких;Для взрослых;Для пожилых,,"Перепелиные лапки - это не просто лакомство для вашего питомца, это забота о его здоровье и радость. Попробуйте новинку прямо сейчас и убедитесь сами, что ваш питомец оценит его вкус и полезность. <br/><br/>Гипоаллергенные лакомства представляют собой уникальное сочетание вкуса и пользы. Они содержат полезные вещества, являющиеся источником ценного белка, необходимого для поддержания мышечной массы и общего благополучия вашего любимца. Белок также способствует здоровому росту и развитию.<br/><br/>Продукт обогащен клетчаткой, способствующей нормальному пищеварению и помогающей предотвратить желудочные проблемы. Кроме того, в составе этого лакомства содержатся важные витамины и минералы, такие как кальций, необходимый для здоровья костей и зубов вашего питомца.<br/><br/>Мы ценим здоровье и благополучие вашего питомца, поэтому отсутствуют искусственные красители, ароматизаторы и консерванты. Мы используем только натуральные ингредиенты высокого качества, чтобы обеспечить вашему питомцу только лучшее.",,лапки собака лакомство натуральное SHEPHERD,SHEPHERD,400 х 300 х 50,Дой-пак;Вакуумная упаковка,,"2309109000 - Прочий корм для собак или кошек, расфасованный для розничной продажи",Россия,Лапки,Перепел,Твердые,,,,Птица,,Малый;Средний;Крупный,С избыточным весом,Без ароматизаторов;Без вкусовых добавок;Без ГМО,В сухом месте;Не подвергать воздействию прямого солнечного света;При температуре до +24`C,162,17.7,18,100% лапки перепёлки,Нет,,
23,SPRD-02301,Лакомство для собак ушки кролика SHEPHERD TM 1000г,"5,517.00","7,881.00",Не облагается,Нет,Нет,,4680614023013,1020,400,50,400,https://cdn1.ozone.ru/s3/multimedia-c/6835019016.jpg,"https://cdn1.ozone.ru/s3/multimedia-x/6834995817.jpg
https://cdn1.ozone.ru/s3/multimedia-p/6834981841.jpg
https://cdn1.ozone.ru/s3/multimedia-1/6834995785.jpg
https://cdn1.ozone.ru/s3/multimedia-o/6834981840.jpg
https://cdn1.ozone.ru/s3/multimedia-s/6834995776.jpg
https://cdn1.ozone.ru/s3/multimedia-u/6834981846.jpg
https://cdn1.ozone.ru/s3/multimedia-u/6834995814.jpg
https://cdn1.ozone.ru/s3/multimedia-r/6834995775.jpg
https://cdn1.ozone.ru/s3/multimedia-q/6834981842.jpg
https://cdn1.ozone.ru/s3/multimedia-f/6835019019.jpg",,,SHEPHERD,"Ушки кролика, натуральное сушёное для собак.",1000,1,1,Лакомство,Для собак,360,Для взрослых;Для маленьких;Для пожилых,,"Кроличьи уши — это не просто вкусняшки для собак, а настоящие деревенские лакомства, которые сочетают в себе натуральность и пользу. При изготовлении используется высококачественное мяса кролика, которое идеально подходит для питомцев всех возрастов и пород.<br/><br/>Польза:<ul><li>Витамины. Кроличьи уши содержат множество витаминов, таких как витамин С, группа витаминов В (включая витамин B3 — никотиновую кислоту), витамин РР, витамин А и витамин Е. Все эти витамины положительно влияют на общее состояние здоровья собаки, поддерживают иммунную систему и способствуют нормальному функционированию организма.</li><li>Минералы. В составе этих полезных лакомств для собак присутствуют важные минералы: железо, кобальт, фтор, фосфор, калий и марганец. Эти элементы играют ключевую роль в обмене веществ, помогают поддерживать здоровье костей, зубов, мышц и нервной системы вашего питомца.</li><li>100% натуральный продукт. Наши кроличьи уши — это 100% натуральные лакомства для собак, не содержащие искусственных добавок, красителей или консервантов. Они являются безопасным и здоровым дополнением к основному рациону вашего питомца.</li></ul>Кроличьи уши — это полноценное питательное удовольствие, которое заботится о здоровье вашего питомца. <br/><br/>Позвольте вашей собаке насладиться этими полезными лакомствами и поддержать ее активность и здоровье вместе с SHEPHERD!",,собачьи лакомства;лакомства для собак;лакомство для собак;для собак;деревенские лакомства для собак;лакомства для собак мелких пород;вкусняшки для собак;полезные лакомства для собак;,группа 16,400х400х50,Вакуумная упаковка,,"2309109000 - МАРКИРОВКА РФ - Прочий корм для собак или кошек, расфасованный для розничной продажи",Россия,Ушки,Кролик,Твердые,,,,Мясо,,Крупный;Малый;Средний,Профилактика зубного налета,Без ГМО;Без ароматизаторов;Без вкусовых добавок,В сухом месте;Не подвергать воздействию прямого солнечного света;При температуре до +24`C,364,67.6,10.4,100% ушки кролика,Нет,,
24,SPRD-02273,Филе индейки 1000г для кошек и собак,"8,089.00","11,555.00",Не облагается,Нет,Нет,,4680614022733,1005,30,420,135,https://cdn1.ozone.ru/s3/multimedia-1-3/7377961359.jpg,"https://cdn1.ozone.ru/s3/multimedia-1-4/7377961360.jpg
https://cdn1.ozone.ru/s3/multimedia-1-2/7377961394.jpg
https://cdn1.ozone.ru/s3/multimedia-1-t/7377961421.jpg
https://cdn1.ozone.ru/s3/multimedia-1-d/7377961405.jpg
https://cdn1.ozone.ru/s3/multimedia-1-p/7377961381.jpg
https://cdn1.ozone.ru/s3/multimedia-1-z/7377961391.jpg
https://cdn1.ozone.ru/s3/multimedia-1-o/7377961380.jpg
https://cdn1.ozone.ru/s3/multimedia-1-s/7377961420.jpg
https://cdn1.ozone.ru/s3/multimedia-1-h/7377961373.jpg
https://cdn1.ozone.ru/s3/multimedia-1-8/7377961364.jpg
https://cdn1.ozone.ru/s3/multimedia-1-y/7377961426.jpg
https://cdn1.ozone.ru/s3/multimedia-1-c/7377961440.jpg
https://cdn1.ozone.ru/s3/multimedia-1-0/7377961428.jpg
https://cdn1.ozone.ru/s3/multimedia-1-r/7377961455.jpg
https://cdn1.ozone.ru/s3/multimedia-1-e/7377961406.jpg
https://cdn1.ozone.ru/s3/multimedia-1-o/7377961416.jpg
https://cdn1.ozone.ru/s3/multimedia-1-6/7377961434.jpg
https://cdn1.ozone.ru/s3/multimedia-1-g/7377961516.jpg
https://cdn1.ozone.ru/s3/multimedia-1-l/7377961413.jpg
https://cdn1.ozone.ru/s3/multimedia-1-2/7377961466.jpg",,,SHEPHERD,"Филе индейки, сушеное для собак, 100% натуральное.",1000,1,,Лакомство,Для собак,365,Для взрослых;Для маленьких;Для пожилых,#лакомствадлясобак #вкусняшкидлясобак #длясреднихпород #индейкадлясобак #бараньелёгкоедлясобак #шепард #shepherd,"Сушёное филе индейки от бренда Shepherd — это яркий пример того, как натуральные продукты могут стать не только вкусным лакомством, но и важным источником полезных веществ для собак и кошек.<br/><br/>Польза:<ul><li>Полный комплекс питательных веществ. Индейка — это один из самых ценных источников белка, который содержит множество витаминов (А, группы B, С, D, E) и минералов (кальций, магний, фосфор, железо). Эти компоненты необходимы для поддержания здоровья костей, кожи, шерсти, иммунной системы и общего самочувствия вашего питомца.</li><li>100% натуральное мясо. Продукт изготовлен исключительно из высококачественного филе индейки без добавления злаков, сои, красителей или консервантов. Это гарантирует, что ваш питомец получает чистое мясо, богатое белком и питательными веществами.</li><li>Безопасность для здоровья. Отсутствие искусственных добавок и усилителей вкуса делает это лакомство идеальным выбором для питомцев с чувствительным пищеварением или склонностью к аллергическим реакциям. Оно легко усваивается и не вызывает дискомфорта.</li></ul>Для кошек:<ul><li>Давайте это лакомство только здоровым животным.</li><li>Если есть проблемы с пищеварением, проконсультируйтесь с ветеринаром перед введением нового продукта.<br/><br/>В производстве используются филейные части грудки и бедер индейки, которые могут незначительно отличаться по цвету, сохраняя при этом все полезные свойства.</li></ul>Этот продукт создан с особой заботой о здоровье ваших питомцев, сохраняя все преимущества натурального мяса без использования искусственных добавок. Дайте вашему питомцу возможность насладиться истинно натуральным вкусом вместе с Shepherd !",,сушеные лакомства для собак;для собак лакомство;лакомства для собак крупных пород;лакомство;вкусняшки вкусняшки;лакомство для собак для дрессировки;вкусняшка для собак;лакомство для дрессировки собак; лакомства;лакомство для собак крупных;для собак вкусняшки;лакомства для собак лакомство для кошки;лакомства для дрессировки собак;вкусняшки для собак;вкусняшки для собак крупных пород;для кошек лакомство;лакомство для собак средних пород;для чистки зубов собак;вкусняшки для собак;,группа 7,135х30х420,Бумажный пакет;Вакуумная упаковка,,"2309109000 - МАРКИРОВКА РФ - Прочий корм для собак или кошек, расфасованный для розничной продажи",Россия,Филе,Индейка,Твердые,,,,Мясо,,Крупный;Малый;Средний,При плохом аппетите,Без ГМО;Без ароматизаторов;Без вкусовых добавок,В сухом месте,360,39,23,"100% филе индейки.
Назначение: поощрения.
Питательная ценность в 100 г:
белки 39,0 г, жиры 23,0 г, кал. 360 кКал.
Срок годности: 12 мес.
",Нет,,
25,SPRD-02265,Лакомство для собак утиная голова 1000г Shepherd TM,"1,980.00","3,340.00",Не облагается,Нет,Нет,,4680614022658,1005,30,420,135,https://cdn1.ozone.ru/s3/multimedia-1-c/7302631368.jpg,"https://cdn1.ozone.ru/s3/multimedia-1-v/7302631387.jpg
https://cdn1.ozone.ru/s3/multimedia-1-5/7517659433.jpg
https://cdn1.ozone.ru/s3/multimedia-1-j/7302631339.jpg
https://cdn1.ozone.ru/s3/multimedia-1-9/7302631437.jpg
https://cdn1.ozone.ru/s3/multimedia-1-f/7302631371.jpg
https://cdn1.ozone.ru/s3/multimedia-1-s/7302631456.jpg
https://cdn1.ozone.ru/s3/multimedia-1-f/7517662503.jpg
https://cdn1.ozone.ru/s3/multimedia-1-t/7517659493.jpg
https://cdn1.ozone.ru/s3/multimedia-1-3/7517659539.jpg
https://cdn1.ozone.ru/s3/multimedia-1-9/7517659401.jpg
https://cdn1.ozone.ru/s3/multimedia-1-y/7517662486.jpg
https://cdn1.ozone.ru/s3/multimedia-1-6/7517659542.jpg
https://cdn1.ozone.ru/s3/multimedia-1-a/7302631474.jpg
https://cdn1.ozone.ru/s3/multimedia-1-0/7302631356.jpg
https://cdn1.ozone.ru/s3/multimedia-1-6/7517659434.jpg
https://cdn1.ozone.ru/s3/multimedia-1-r/7517659563.jpg
https://cdn1.ozone.ru/s3/multimedia-1-9/7302631401.jpg
https://cdn1.ozone.ru/s3/multimedia-1-i/7517662506.jpg
https://cdn1.ozone.ru/s3/multimedia-1-0/7302631428.jpg
https://cdn1.ozone.ru/s3/multimedia-1-n/7302631415.jpg
https://cdn1.ozone.ru/s3/multimedia-1-j/7302631483.jpg
https://cdn1.ozone.ru/s3/multimedia-1-m/7517662474.jpg
https://cdn1.ozone.ru/s3/multimedia-1-o/7517662512.jpg",,,SHEPHERD,"Утиная голова, сушеная для собак, 100% натуральное.",1000,1,,Лакомство,Для собак,365,Для взрослых;Для маленьких;Для пожилых,#лакомствадлясобак #вкусняшкидлясобак #длясреднихпород #бычийкореньдлясобак #легкоеговяжьедлясобак #лакомствадлясобак #вкусняшкидлясобак #длясреднихпород #утинаяголовадлясобак #аортадлясобак #шепард,"«Занять вашего друга будет легко и вкусно!»<br/><br/>Утиные головы - уникальное сочетание удовольствия и пользы!<br/><br/>Польза:<ul><li>100% натуральный продукт. Богат витаминами и минералами для здоровья вашего четвероногого друга.</li></ul><ul><li>Поддержка здоровья. Витамин В12 укрепляет мышцы и иммунитет щенков с 3-х месяцев.</li><li>Забота о сустава. Хондроитин и глюкозамин – для суставов активных и пожилых собак.</li><li>Красивая шерсть и кожа. Омега-3 и омега-6 для блестящей шерсти и здоровья кожи.</li><li>Безопасность. Нет искусственных добавок, только натуральные ингредиенты.</li><li>Очищение зубов. Хрустящая текстура способствует естественному очищению зубов.<br/><br/>Откройте для своего питомца новые вкусы и текстуры :<ul><li>Филе индейки</li><li>Баранье легкое</li><li>Утиные лапки</li></ul></li></ul>","{
  ""content"": [
    {
      ""widgetName"": ""raShowcase"",
      ""type"": ""billboard"",
      ""blocks"": [
        {
          ""imgLink"": ""https://www.ozon.ru/seller/shepherd-1468751/products/?miniapp=seller_1468751"",
          ""img"": {
            ""src"": ""https://cdn1.ozone.ru/s3/multimedia-1-5/7436651549.jpg"",
            ""srcMobile"": ""https://cdn1.ozone.ru/s3/multimedia-1-5/7436651549.jpg"",
            ""alt"": """",
            ""position"": ""width_one_third"",
            ""positionMobile"": ""width_full"",
            ""widthMobile"": 1182,
            ""heightMobile"": 1182
          },
          ""title"": {
            ""items"": [
              {
                ""type"": ""text"",
                ""content"": ""Shepherd TM""
              }
            ],
            ""size"": ""size7"",
            ""align"": ""center"",
            ""color"": ""color1""
          },
          ""text"": {
            ""size"": ""size2"",
            ""align"": ""center"",
            ""color"": ""color1"",
            ""items"": [
              {
                ""type"": ""text"",
                ""content"": ""Мы специализируемся на производстве\r""
              },
              {
                ""type"": ""br""
              },
              {
                ""type"": ""text"",
                ""content"": ""100% натуральных лакомств и сбалансированных рационов для животных.""
              },
              {
                ""type"": ""br""
              },
              {
                ""type"": ""text"",
                ""content"": ""У нас большой выбор на любой вкус. Ваши питомцы останутся довольны.""
              },
              {
                ""type"": ""br""
              }
            ]
          }
        }
      ]
    },
    {
      ""widgetName"": ""raTextBlock"",
      ""title"": {
        ""items"": [
          {
            ""type"": ""text"",
            ""content"": ""Утиная голова для собак""
          }
        ],
        ""size"": ""size7"",
        ""color"": ""color1"",
        ""align"": ""center""
      },
      ""theme"": ""tertiary"",
      ""padding"": ""type2"",
      ""gapSize"": ""s"",
      ""text"": {
        ""size"": ""size2"",
        ""align"": ""left"",
        ""color"": ""color1"",
        ""items"": [
          {
            ""type"": ""text"",
            ""content"": ""«Занять вашего друга будет легко и вкусно!»\r""
          },
          {
            ""type"": ""br""
          },
          {
            ""type"": ""text"",
            ""content"": ""\r""
          },
          {
            ""type"": ""br""
          },
          {
            ""type"": ""text"",
            ""content"": ""Утиные головы - уникальное сочетание удовольствия и пользы!\r""
          },
          {
            ""type"": ""br""
          },
          {
            ""type"": ""text"",
            ""content"": ""\r""
          },
          {
            ""type"": ""br""
          },
          {
            ""type"": ""text"",
            ""content"": ""Польза:\r""
          },
          {
            ""type"": ""br""
          },
          {
            ""type"": ""text"",
            ""content"": ""100% натуральный продукт. Богат витаминами и минералами для здоровья вашего четвероногого друга.\r""
          },
          {
            ""type"": ""br""
          },
          {
            ""type"": ""text"",
            ""content"": ""Поддержка здоровья. Витамин В12 укрепляет мышцы и иммунитет щенков с 3-х месяцев.\r""
          },
          {
            ""type"": ""br""
          },
          {
            ""type"": ""text"",
            ""content"": ""Забота о сустава. Хондроитин и глюкозамин – для суставов активных и пожилых собак.\r""
          },
          {
            ""type"": ""br""
          },
          {
            ""type"": ""text"",
            ""content"": ""Красивая шерсть и кожа. Омега-3 и омега-6 для блестящей шерсти и здоровья кожи.\r""
          },
          {
            ""type"": ""br""
          },
          {
            ""type"": ""text"",
            ""content"": ""Безопасность. Нет искусственных добавок, только натуральные ингредиенты.\r""
          },
          {
            ""type"": ""br""
          },
          {
            ""type"": ""text"",
            ""content"": ""Очищение зубов. Хрустящая текстура способствует естественному очищению зубов.\r""
          },
          {
            ""type"": ""br""
          },
          {
            ""type"": ""text"",
            ""content"": ""\r""
          },
          {
            ""type"": ""br""
          },
          {
            ""type"": ""text"",
            ""content"": ""Почему стоит взять несколько вкусов?\r""
          },
          {
            ""type"": ""br""
          },
          {
            ""type"": ""text"",
            ""content"": "" Разнообразие. Ваш питомец забудет о скучных перекусах, если вы будете чередовать разные вкусы!\r""
          },
          {
            ""type"": ""br""
          },
          {
            ""type"": ""text"",
            ""content"": ""Эксперименты. Найдите тот самый любимый вкус, который станет хитом у вашего друга!\r""
          },
          {
            ""type"": ""br""
          },
          {
            ""type"": ""text"",
            ""content"": "" Соблюдение баланса. Разнообразие помогает обеспечить поступление всех необходимых витаминов и минералов.""
          }
        ]
      }
    },
    {
      ""widgetName"": ""raShowcase"",
      ""type"": ""chess"",
      ""blocks"": [
        {
          ""img"": {
            ""src"": ""https://cdn1.ozone.ru/s3/multimedia-1-c/7439066508.jpg"",
            ""srcMobile"": ""https://cdn1.ozone.ru/s3/multimedia-1-c/7439066508.jpg"",
            ""alt"": """",
            ""position"": ""to_the_edge"",
            ""positionMobile"": ""fill"",
            ""widthMobile"": 1680,
            ""heightMobile"": 1680
          },
          ""imgLink"": """",
          ""title"": {
            ""items"": [
              {
                ""type"": ""text"",
                ""content"": ""С любовью и заботой ""
              }
            ],
            ""size"": ""size6"",
            ""align"": ""center"",
            ""color"": ""color1""
          },
          ""text"": {
            ""size"": ""size2"",
            ""align"": ""center"",
            ""color"": ""color1"",
            ""items"": [
              {
                ""type"": ""text"",
                ""content"": ""Мы используем только качественное мясо и тщательно следим за стандартами, чтобы обеспечить здоровье ваших питомцев. Наши лакомства – это продукты, созданные с любовью и заботой.""
              }
            ]
          },
          ""reverse"": false
        },
        {
          ""img"": {
            ""src"": ""https://cdn1.ozone.ru/s3/multimedia-1-p/7435712833.jpg"",
            ""srcMobile"": ""https://cdn1.ozone.ru/s3/multimedia-1-p/7435712833.jpg"",
            ""alt"": """",
            ""position"": ""fill"",
            ""positionMobile"": ""fill"",
            ""widthMobile"": 866,
            ""heightMobile"": 831
          },
          ""imgLink"": """",
          ""title"": {
            ""items"": [
              {
                ""type"": ""text"",
                ""content"": ""Технология""
              }
            ],
            ""size"": ""size6"",
            ""align"": ""center"",
            ""color"": ""color1""
          },
          ""text"": {
            ""size"": ""size2"",
            ""align"": ""left"",
            ""color"": ""color1"",
            ""items"": [
              {
                ""type"": ""text"",
                ""content"": ""Мы производим натуральные лакомства и сбалансированные рационы для собак, не используя консерванты и химические добавки.""
              }
            ]
          },
          ""reverse"": true
        }
      ]
    }
  ],
  ""version"": 0.3
}",Шепард; Shepherd;лакомства для собак;лакомство для собак;утиные головы для собак;утиная;аорта говяжья для собак;головы утиные для собак;лакомство для собак;лакомства для собак;для мелких пород;средних пород;сушеные лакомства для собак; мясо для собак; утка для собак; долгоиграющие лакомства для собак; для зубов собак; кости; косточки; чистка зубов собаке,группа 18,165х30х225,Вакуумная упаковка,,"2309109000 - МАРКИРОВКА РФ - Прочий корм для собак или кошек, расфасованный для розничной продажи",Россия,Голова,Утка,Твердые,,,,Мясо,,Крупный;Малый;Средний,Профилактика зубного налета,Без ГМО;Без ароматизаторов;Без вкусовых добавок,В сухом месте,401,45,23.5,"100% утиная голова.
Назначение: долгоиграющее лакомство
очищает зубы от налета и камня, тренирует челюсть.
Питательная ценность в 100 г:
белки 49.1 г, жиры 23,5 г, кал. 408 кКал.
Срок годности: 12 мес.",Нет,,
26,SPRD-02238,Лакомство для собак бараньи трахеи SHEPHERD TM 100г,712.00,"1,017.00",Не облагается,Нет,Нет,,4680614022382,109,160,30,250,https://cdn1.ozone.ru/s3/multimedia-1-e/7294612226.jpg,"https://cdn1.ozone.ru/s3/multimedia-1-g/7294612228.jpg
https://cdn1.ozone.ru/s3/multimedia-1-8/7294612220.jpg
https://cdn1.ozone.ru/s3/multimedia-1-g/7254402892.jpg
https://cdn1.ozone.ru/s3/multimedia-1-c/7254411600.jpg
https://cdn1.ozone.ru/s3/multimedia-1-f/7294612263.jpg
https://cdn1.ozone.ru/s3/multimedia-1-r/7254402939.jpg
https://cdn1.ozone.ru/s3/multimedia-1-n/7254402899.jpg
https://cdn1.ozone.ru/s3/multimedia-1-p/7254402937.jpg
https://cdn1.ozone.ru/s3/multimedia-1-f/7254402891.jpg
https://cdn1.ozone.ru/s3/multimedia-1-t/7294612241.jpg
https://cdn1.ozone.ru/s3/multimedia-1-q/7294612238.jpg
https://cdn1.ozone.ru/s3/multimedia-1-k/7294612232.jpg
https://cdn1.ozone.ru/s3/multimedia-1-z/7294612247.jpg
https://cdn1.ozone.ru/s3/multimedia-1-m/7294612234.jpg
https://cdn1.ozone.ru/s3/multimedia-1-j/7294612231.jpg
https://cdn1.ozone.ru/s3/multimedia-1-h/7294612229.jpg
https://cdn1.ozone.ru/s3/multimedia-1-9/7294612221.jpg
https://cdn1.ozone.ru/s3/multimedia-1-6/7294612218.jpg",,,SHEPHERD,"Бараньи трахеи, сушёное для собак, 100% натуральное",100,1,1,Лакомство,Для собак,365,Для взрослых;Для маленьких;Для пожилых,,"Трахея баранья для собак – это натуральное лакомство, сочетающее вкус и пользу. Хрустящая текстура доставляет удовольствие от жевания, а богатый состав обеспечивает множество преимуществ для здоровья питомца.<br/><br/>Польза:<ul><li>Высокое содержание белка. Способствует росту мышц и повышению энергии.</li><li>Минералы. Фосфор для костей, железо для крови, цинк для иммунитета.</li><li>Кальций. Важен для щенков и собак с проблемами суставов.</li><li>Натуральный состав. 100% баранина без добавок, красителей и консервантов.</li></ul>Идеально подходит как вкусняшки для щенков, лакомство для дрессировки или дополнение рациона собак мелких пород.<br/><br/>Позаботьтесь о здоровье вашего питомца с натуральными лакомствами от SHEPHERD!","{
  ""content"": [
    {
      ""widgetName"": ""raShowcase"",
      ""type"": ""billboard"",
      ""blocks"": [
        {
          ""imgLink"": ""https://www.ozon.ru/seller/shepherd-1468751/products/?miniapp=seller_1468751"",
          ""img"": {
            ""src"": ""https://cdn1.ozone.ru/s3/multimedia-tmp-b/item-pic-1b7fce535ea416cbc71d3a91c8abf47e.jpg"",
            ""srcMobile"": ""https://cdn1.ozone.ru/s3/multimedia-tmp-d/item-pic-0a7a10712f304d8266e03ee0fe73842d.jpg"",
            ""alt"": """",
            ""position"": ""width_one_third"",
            ""positionMobile"": ""width_full"",
            ""widthMobile"": 1182,
            ""heightMobile"": 1182
          },
          ""title"": {
            ""items"": [
              {
                ""type"": ""text"",
                ""content"": ""Shepherd TM""
              }
            ],
            ""size"": ""size7"",
            ""align"": ""center"",
            ""color"": ""color1""
          },
          ""text"": {
            ""size"": ""size2"",
            ""align"": ""center"",
            ""color"": ""color1"",
            ""items"": [
              {
                ""type"": ""text"",
                ""content"": ""Мы специализируемся на производстве\r""
              },
              {
                ""type"": ""br""
              },
              {
                ""type"": ""text"",
                ""content"": ""100% натуральных лакомств и сбалансированных рационов для животных.""
              },
              {
                ""type"": ""br""
              },
              {
                ""type"": ""text"",
                ""content"": ""У нас большой выбор на любой вкус. Ваши питомцы останутся довольны.""
              },
              {
                ""type"": ""br""
              }
            ]
          }
        }
      ]
    },
    {
      ""widgetName"": ""raTextBlock"",
      ""title"": {
        ""items"": [
          {
            ""type"": ""text"",
            ""content"": ""Бараньи трахеи для собак""
          }
        ],
        ""size"": ""size7"",
        ""color"": ""color1"",
        ""align"": ""center""
      },
      ""theme"": ""tertiary"",
      ""padding"": ""type2"",
      ""gapSize"": ""s"",
      ""text"": {
        ""size"": ""size2"",
        ""align"": ""left"",
        ""color"": ""color1"",
        ""items"": [
          {
            ""type"": ""text"",
            ""content"": ""Трахея баранья для собак – это натуральное лакомство, сочетающее вкус и пользу. Хрустящая текстура доставляет удовольствие от жевания, а богатый состав обеспечивает множество преимуществ для здоровья питомца.\r""
          },
          {
            ""type"": ""br""
          },
          {
            ""type"": ""text"",
            ""content"": ""\r""
          },
          {
            ""type"": ""br""
          },
          {
            ""type"": ""text"",
            ""content"": ""Польза:\r""
          },
          {
            ""type"": ""br""
          },
          {
            ""type"": ""text"",
            ""content"": ""Высокое содержание белка. Способствует росту мышц и повышению энергии.\r""
          },
          {
            ""type"": ""br""
          },
          {
            ""type"": ""text"",
            ""content"": ""Минералы. Фосфор для костей, железо для крови, цинк для иммунитета.\r""
          },
          {
            ""type"": ""br""
          },
          {
            ""type"": ""text"",
            ""content"": ""Кальций. Важен для щенков и собак с проблемами суставов.\r""
          },
          {
            ""type"": ""br""
          },
          {
            ""type"": ""text"",
            ""content"": ""Натуральный состав. 100% баранина без добавок, красителей и консервантов.\r""
          },
          {
            ""type"": ""br""
          },
          {
            ""type"": ""text"",
            ""content"": ""Идеально подходит как вкусняшки для щенков, лакомство для дрессировки или дополнение рациона собак мелких пород.\r""
          },
          {
            ""type"": ""br""
          },
          {
            ""type"": ""text"",
            ""content"": ""\r""
          },
          {
            ""type"": ""br""
          },
          {
            ""type"": ""text"",
            ""content"": ""Позаботьтесь о здоровье вашего питомца с натуральными лакомствами от SHEPHERD!""
          }
        ]
      }
    },
    {
      ""widgetName"": ""raShowcase"",
      ""type"": ""chess"",
      ""blocks"": [
        {
          ""img"": {
            ""src"": ""https://cdn1.ozone.ru/s3/multimedia-tmp-b/item-pic-b6cfcc5faabdc49028b29ab9e493f6c5.jpg"",
            ""srcMobile"": ""https://cdn1.ozone.ru/s3/multimedia-tmp-2/item-pic-b53e1849471dd85360416ba8c039a563.jpg"",
            ""alt"": """",
            ""position"": ""to_the_edge"",
            ""positionMobile"": ""fill"",
            ""widthMobile"": 1680,
            ""heightMobile"": 1680
          },
          ""imgLink"": """",
          ""title"": {
            ""items"": [
              {
                ""type"": ""text"",
                ""content"": ""С любовью и заботой ""
              }
            ],
            ""size"": ""size6"",
            ""align"": ""center"",
            ""color"": ""color1""
          },
          ""text"": {
            ""size"": ""size2"",
            ""align"": ""center"",
            ""color"": ""color1"",
            ""items"": [
              {
                ""type"": ""text"",
                ""content"": ""Мы используем только качественное мясо и тщательно следим за стандартами, чтобы обеспечить здоровье ваших питомцев. Наши лакомства – это продукты, созданные с любовью и заботой.""
              }
            ]
          },
          ""reverse"": false
        },
        {
          ""img"": {
            ""src"": ""https://cdn1.ozone.ru/s3/multimedia-1-p/7435712833.jpg"",
            ""srcMobile"": ""https://cdn1.ozone.ru/s3/multimedia-1-p/7435712833.jpg"",
            ""alt"": """",
            ""position"": ""fill"",
            ""positionMobile"": ""fill"",
            ""widthMobile"": 866,
            ""heightMobile"": 831
          },
          ""imgLink"": """",
          ""title"": {
            ""items"": [
              {
                ""type"": ""text"",
                ""content"": ""Технология""
              }
            ],
            ""size"": ""size6"",
            ""align"": ""center"",
            ""color"": ""color1""
          },
          ""text"": {
            ""size"": ""size2"",
            ""align"": ""left"",
            ""color"": ""color1"",
            ""items"": [
              {
                ""type"": ""text"",
                ""content"": ""Мы производим натуральные лакомства и сбалансированные рационы для собак, не используя консерванты и химические добавки.""
              }
            ]
          },
          ""reverse"": true
        }
      ]
    }
  ],
  ""version"": 0.3
}",Лакомство для собак;лакомства для собак;лакомства для собак мелких пород;shepherd;трахея баранья для собак;для собак вкусняшки;вкусняшки для грызунов;собачье лакомство;вкусняшки для щенков;трахея для собак;баранина;лакомство для дрессировки собак;трахея,группа 14,250х160х30,Дой-пак;Вакуумная упаковка,"Сушеные трахеи для собак – это ароматные и хрустящие лакомства, которые обязательно понравятся вашему питомцу. Эти деликатесы обогащены хрящевой и соединительной тканью, предоставляя вашему четвероногому другу жевательное удовольствие и множество полезных питательных веществ.","2309109000 - МАРКИРОВКА РФ - Прочий корм для собак или кошек, расфасованный для розничной продажи",Россия,Трахея,Баранина,Твердые,,,,Мясо,,Крупный;Малый;Средний,Профилактика зубного налета,Без ароматизаторов;Без вкусовых добавок;Без ГМО,В сухом месте;Не подвергать воздействию прямого солнечного света,489,33.7,39.3,100% баранья трахея,Нет,,
27,SPRD-02846,Говяжья трахея резаная 500г лакомство для собак SHEPHERD TM,"1,815.00","2,945.00",Не облагается,Нет,Нет,,4680614028469,510,300,40,400,https://cdn1.ozone.ru/s3/multimedia-1-2/7235561054.jpg,"https://cdn1.ozone.ru/s3/multimedia-1-2/7235006510.jpg
https://cdn1.ozone.ru/s3/multimedia-1-0/7235541468.jpg
https://cdn1.ozone.ru/s3/multimedia-1-z/7235006471.jpg
https://cdn1.ozone.ru/s3/multimedia-1-s/7235006500.jpg
https://cdn1.ozone.ru/s3/multimedia-1-j/7235006563.jpg
https://cdn1.ozone.ru/s3/multimedia-1-1/7235006545.jpg
https://cdn1.ozone.ru/s3/multimedia-1-7/7235006551.jpg
https://cdn1.ozone.ru/s3/multimedia-1-d/7235561065.jpg
https://cdn1.ozone.ru/s3/multimedia-1-3/7235561055.jpg
https://cdn1.ozone.ru/s3/multimedia-1-0/7235561052.jpg
https://cdn1.ozone.ru/s3/multimedia-1-y/7235561050.jpg
https://cdn1.ozone.ru/s3/multimedia-1-5/7235561057.jpg
https://cdn1.ozone.ru/s3/multimedia-1-z/7235561051.jpg
https://cdn1.ozone.ru/s3/multimedia-1-y/7235561086.jpg
https://cdn1.ozone.ru/s3/multimedia-1-l/7235561073.jpg",,,SHEPHERD,Говяжья трахея резаная,500,,1,Лакомство,Для собак,365,Для взрослых;Для маленьких;Для пожилых,,"Говяжья трахея для собак – это 100% натуральное лакомство из чистого хряща, идеально подходящее для собак всех возрастов. Это лакомство прошла тщательную очистку от жира и обладает жевательной текстурой, способствующей укреплению челюстных мышц и поддержанию здоровья зубов.<br/><br/>Полезные свойства:<ul><li>Источник кальция. Говяжья трахея играет важную роль в поддержании здоровья костей и суставов вашего питомца. Кальций также необходим для нормального функционирования мышц и нервной системы, что особенно важно для активных собак.</li><li>Коллаген. Этот компонент является строительным блоком для кожи, суставов, хрящей и других соединительных тканей в организме собак. Употребление трахеи способствует поддержанию их эластичности и здоровья.</li><li>Натуральный продукт. Наши лакомства не содержат вредных добавок и консервантов, что делает их безопасными для вашего пушистого друга. Говяжья трахея способствует профилактике зубного камня и укрепляет зубы, обеспечивая дополнительный уход за ротовой полостью.</li></ul>Говяжья трахея от Шепард – отличное лакомство для животных, особенно для мелких пород. Позаботьтесь о здоровье вашего питомца и подарите ему удовольствие от жевания!",,лакомства для собак;вкусняшки для собак;лакомство для собак;деревенские лакомства для собак;вкусняшки для собак мелких пород;лакомства для собак мелких пород;лакомство для собак мелких пород;лакомства для собак крупных пород;трахея говяжья для собак;лакомства для собак средних пород;собачьи лакомства;для зубов собак;лакомство для собак крупных пород;лакомства для щенков;лакомство для щенков;лакомства для собак мелких пород натуральные;вкусняшки для щенков мелких пород;трахея для собак;лакомства для собак деревенские лакомства;трахея говяжья;,группа 11,400 х 300 х 40,Вакуумная упаковка,лакомства для собак - 1 упаковка,"2309109000 - МАРКИРОВКА РФ - Прочий корм для собак или кошек, расфасованный для розничной продажи",Россия,Трахея,Говядина,Твердые,,,,Мясо,,Крупный;Малый;Средний,Профилактика зубного налета,Без ГМО;Без ароматизаторов;Без вкусовых добавок,В сухом месте;Не подвергать воздействию прямого солнечного света,489,33.7,39.3,100% говяжья трахея,Нет,,
28,SPRD-02289,Кроличья лапка для кошек и собак (задняя)100г SHEPHERD TM,605.00,864.00,Не облагается,Нет,Нет,,4680614022894,105,30,250,160,https://cdn1.ozone.ru/s3/multimedia-1-2/6921983450.jpg,"https://cdn1.ozone.ru/s3/multimedia-1-v/6921983515.jpg
https://cdn1.ozone.ru/s3/multimedia-1-e/6921983534.jpg
https://cdn1.ozone.ru/s3/multimedia-1-4/6921983452.jpg
https://cdn1.ozone.ru/s3/multimedia-1-4/6921983632.jpg
https://cdn1.ozone.ru/s3/multimedia-1-q/6921983618.jpg
https://cdn1.ozone.ru/s3/multimedia-1-t/6921983441.jpg
https://cdn1.ozone.ru/s3/multimedia-1-s/6921983548.jpg
https://cdn1.ozone.ru/s3/multimedia-1-j/6921983611.jpg
https://cdn1.ozone.ru/s3/multimedia-1-z/6921983627.jpg
https://cdn1.ozone.ru/s3/multimedia-1-h/6921983609.jpg
https://cdn1.ozone.ru/s3/multimedia-1-o/6921983400.jpg
https://cdn1.ozone.ru/s3/multimedia-1-j/6921983467.jpg
https://cdn1.ozone.ru/s3/multimedia-1-0/6921983556.jpg
https://cdn1.ozone.ru/s3/multimedia-1-5/6921983453.jpg",,,SHEPHERD,Лапки кролика,100,,1,Лакомство,Для кошек;Для собак,365,Для взрослых;Для маленьких;Для пожилых,#лакомствадлясобак #вкусняшкидлясобак #длясреднихпород #кроликдлясобак #лапкикроликадлясобак #шепард,"""Долгое развлечение и вкусный перекус в одном!""<br/><br/>Наши кроличьи лапки для кошек и собак БЕЗ когтей — это не только съедобная игрушка, но и идеальное средство для поддержания активности вашего любимца.<br/><br/>Уникальные преимущества:<ul><li>Гигиена. Жевание укрепляет десны, очищает зубы и предотвращает образование зубного камня.</li><li>Низкокалорийные и богаты витаминами и минералами. Кроличьи лапы содержат глюкозамин и хондроитин для здоровья суставов, а также таурин, который улучшает работу сердца и зрение.</li><li>Естественный состав. Лакомства для кошек изготовлены из натуральных ингредиентов без искусственных добавок и консервантов.</li><li>Игрушки для собак. Лапы кролика помогут поддержать активность вашего питомца, предоставляя возможность не только поесть, но и играть.</li><li>Сушеные кроличьи лапки - диетический продукт, который подходит для животных любого возраста.<br/><br/>Отличные вкусняшки для кошек и собак. В наборе идут задние лапки кролика.<br/><br/>Кошки :</li><li>Рекомендуется давать только здоровым кошкам.</li><li>При наличии проблем с пищеварением лучше проконсультироваться с ветеринаром.<br/><br/></li></ul>Сделайте подарок своему пушистому другу – выбирайте лапы кролика от SHEPHERD!",,кроличья лапка для кошек;кроличьи лапки;кроличьи лапки для собак;лакомства для кошек;игрушка для лакомства для собак;игрушки для собак;игрушки для собак мелких пород;лапки кролика для собак;лакомство для собак;сушеные лапки кролика;бычий корень для собак,группа 1,150 х 20 х 300,Вакуумная упаковка,лакомства для собак - 1 упаковка,"2309109000 - МАРКИРОВКА РФ - Прочий корм для собак или кошек, расфасованный для розничной продажи",Россия,Лапки,Кролик,Мягкие,,,,Мясо,,Крупный;Малый;Средний,Спортивные,Без ГМО;Без ароматизаторов;Без вкусовых добавок,В сухом месте;Не подвергать воздействию прямого солнечного света;При температуре от +2`С до +25`С,364,67.6,10.4,задние лапки кролика,Нет,,
29,SPRD-02675,Баранье легкое для собак 500г кусочки Shepherd TM,"2,609.00","3,727.00",Не облагается,Нет,Нет,,4680614026755,505,240,50,310,https://cdn1.ozone.ru/s3/multimedia-1-l/7254402933.jpg,"https://cdn1.ozone.ru/s3/multimedia-1-g/7254402928.jpg
https://cdn1.ozone.ru/s3/multimedia-1-9/7254402885.jpg
https://cdn1.ozone.ru/s3/multimedia-1-g/7254402892.jpg
https://cdn1.ozone.ru/s3/multimedia-1-t/7254402941.jpg
https://cdn1.ozone.ru/s3/multimedia-1-k/7254402896.jpg
https://cdn1.ozone.ru/s3/multimedia-1-y/7254402910.jpg
https://cdn1.ozone.ru/s3/multimedia-1-m/7254402934.jpg
https://cdn1.ozone.ru/s3/multimedia-1-r/7254402939.jpg
https://cdn1.ozone.ru/s3/multimedia-1-p/7254402937.jpg
https://cdn1.ozone.ru/s3/multimedia-1-5/7254402917.jpg
https://cdn1.ozone.ru/s3/multimedia-1-n/7254402899.jpg
https://cdn1.ozone.ru/s3/multimedia-1-m/7254402970.jpg
https://cdn1.ozone.ru/s3/multimedia-1-f/7254402891.jpg
https://cdn1.ozone.ru/s3/multimedia-1-y/7254402982.jpg
https://cdn1.ozone.ru/s3/multimedia-1-u/7254402906.jpg
https://cdn1.ozone.ru/s3/multimedia-1-t/7254402977.jpg
https://cdn1.ozone.ru/s3/multimedia-1-q/7254402974.jpg
https://cdn1.ozone.ru/s3/multimedia-1-9/7254402921.jpg
https://cdn1.ozone.ru/s3/multimedia-1-f/7254402927.jpg
https://cdn1.ozone.ru/s3/multimedia-1-j/7254402895.jpg
https://cdn1.ozone.ru/s3/multimedia-1-0/7254402912.jpg
https://cdn1.ozone.ru/s3/multimedia-1-u/7254402978.jpg
https://cdn1.ozone.ru/s3/multimedia-1-a/7254402922.jpg
https://cdn1.ozone.ru/s3/multimedia-1-q/7254402938.jpg
https://cdn1.ozone.ru/s3/multimedia-1-d/7254402925.jpg
https://cdn1.ozone.ru/s3/multimedia-1-i/7254402930.jpg
https://cdn1.ozone.ru/s3/multimedia-1-j/7254402931.jpg",,,SHEPHERD,Легкое,500,1,,Лакомство,Для собак,365,Для взрослых;Для маленьких;Для пожилых,#лакомствадлясобак #вкусняшкидлясобак #длясреднихпород #бычийкореньдлясобак #бараньелёгкоедлясобак #шепард ,"Ищете идеальное лакомство для вашего питомца?<br/><br/>Познакомьтесь с бараньим легким от Shepherd – натуральным и вкусным угощением, которое порадует даже самых привередливых собак! Баранье легкое (кубики), сушеное для собак, 100% натуральное.<br/><br/>Польза:<ul><li>Гипоаллергенное. Отличный выбор для собак с чувствительным пищеварением - минимальная вероятность аллергических реакций.</li><li>Низкокалорийное. Идеально для контроля веса вашего питомца, помогает поддерживать здоровую физическую форму.</li><li>Богато белком. Высокое содержание качественного белка способствует укреплению мышечной массы и поддержанию здоровья.</li><li>Забота о зубах. Помогает в поддержании зубов и десен, снижая риск образования налета и улучшая гигиену полости рта.</li><li>100% натуральный продукт. Без искусственных консервантов и добавок, только чистое удовольствие для вашего четвероного друга!<br/><br/>Откройте для себя мир вкусных лакомств!<br/><br/>Мы рады пригласить вас в наш каталог! Заходите и откройте для себя разнообразие наших лакомств для собак. Пробуйте новые вкусы и радуйте своего питомца особыми угощениями!<br/><br/>Почему стоит взять несколько вкусов?<ul><li>Разнообразие. Ваш питомец забудет о скучных перекусах, если вы будете чередовать разные вкусы!</li><li>Эксперименты. Найдите тот самый любимый вкус, который станет хитом у вашего друга!</li><li>Соблюдение баланса. Разнообразие помогает обеспечить поступление всех необходимых витаминов и минералов.</li></ul></li></ul>","{
  ""content"": [
    {
      ""widgetName"": ""raShowcase"",
      ""type"": ""billboard"",
      ""blocks"": [
        {
          ""imgLink"": ""https://www.ozon.ru/seller/shepherd-1468751/products/?miniapp=seller_1468751"",
          ""img"": {
            ""src"": ""https://cdn1.ozone.ru/s3/multimedia-1-f/7435712823.jpg"",
            ""srcMobile"": ""https://cdn1.ozone.ru/s3/multimedia-1-f/7435712823.jpg"",
            ""alt"": """",
            ""position"": ""width_one_third"",
            ""positionMobile"": ""width_full"",
            ""widthMobile"": 1182,
            ""heightMobile"": 1182
          },
          ""title"": {
            ""items"": [
              {
                ""type"": ""text"",
                ""content"": ""Shepherd TM""
              }
            ],
            ""size"": ""size7"",
            ""align"": ""center"",
            ""color"": ""color1""
          },
          ""text"": {
            ""size"": ""size2"",
            ""align"": ""center"",
            ""color"": ""color1"",
            ""items"": [
              {
                ""type"": ""text"",
                ""content"": ""Мы специализируемся на производстве\r""
              },
              {
                ""type"": ""br""
              },
              {
                ""type"": ""text"",
                ""content"": ""100% натуральных лакомств и сбалансированных рационов для животных.""
              },
              {
                ""type"": ""br""
              },
              {
                ""type"": ""text"",
                ""content"": ""У нас большой выбор на любой вкус. Ваши питомцы останутся довольны.""
              },
              {
                ""type"": ""br""
              }
            ]
          }
        }
      ]
    },
    {
      ""widgetName"": ""raTextBlock"",
      ""title"": {
        ""items"": [
          {
            ""type"": ""text"",
            ""content"": ""Баранье легкое для собак""
          }
        ],
        ""size"": ""size7"",
        ""color"": ""color1"",
        ""align"": ""center""
      },
      ""theme"": ""tertiary"",
      ""padding"": ""type2"",
      ""gapSize"": ""s"",
      ""text"": {
        ""size"": ""size2"",
        ""align"": ""left"",
        ""color"": ""color1"",
        ""items"": [
          {
            ""type"": ""text"",
            ""content"": ""Ищете идеальное лакомство для вашего питомца?\r""
          },
          {
            ""type"": ""br""
          },
          {
            ""type"": ""text"",
            ""content"": ""\r""
          },
          {
            ""type"": ""br""
          },
          {
            ""type"": ""text"",
            ""content"": ""Познакомьтесь с бараньим легким от Shepherd – натуральным и вкусным угощением, которое порадует даже самых привередливых собак!\r""
          },
          {
            ""type"": ""br""
          },
          {
            ""type"": ""text"",
            ""content"": ""\r""
          },
          {
            ""type"": ""br""
          },
          {
            ""type"": ""text"",
            ""content"": ""Польза:\r""
          },
          {
            ""type"": ""br""
          },
          {
            ""type"": ""text"",
            ""content"": ""Гипоаллергенное. Отличный выбор для собак с чувствительным пищеварением - минимальная вероятность аллергических реакций.\r""
          },
          {
            ""type"": ""br""
          },
          {
            ""type"": ""text"",
            ""content"": ""Низкокалорийное. Идеально для контроля веса вашего питомца, помогает поддерживать здоровую физическую форму.\r""
          },
          {
            ""type"": ""br""
          },
          {
            ""type"": ""text"",
            ""content"": ""Богато белком. Высокое содержание качественного белка способствует укреплению мышечной массы и поддержанию здоровья.\r""
          },
          {
            ""type"": ""br""
          },
          {
            ""type"": ""text"",
            ""content"": ""Забота о зубах. Помогает в поддержании зубов и десен, снижая риск образования налета и улучшая гигиену полости рта.\r""
          },
          {
            ""type"": ""br""
          },
          {
            ""type"": ""text"",
            ""content"": ""100% натуральный продукт. Без искусственных консервантов и добавок, только чистое удовольствие для вашего четвероного друга!\r""
          },
          {
            ""type"": ""br""
          },
          {
            ""type"": ""text"",
            ""content"": ""\r""
          },
          {
            ""type"": ""br""
          },
          {
            ""type"": ""text"",
            ""content"": ""Откройте для себя мир вкусных лакомств!\r""
          },
          {
            ""type"": ""br""
          },
          {
            ""type"": ""text"",
            ""content"": ""\r""
          },
          {
            ""type"": ""br""
          },
          {
            ""type"": ""text"",
            ""content"": ""Мы рады пригласить вас в наш каталог! Заходите и откройте для себя разнообразие наших лакомств для собак. Пробуйте новые вкусы и радуйте своего питомца особыми угощениями!\r""
          },
          {
            ""type"": ""br""
          },
          {
            ""type"": ""text"",
            ""content"": ""\r""
          },
          {
            ""type"": ""br""
          },
          {
            ""type"": ""text"",
            ""content"": ""Почему стоит взять несколько вкусов?\r""
          },
          {
            ""type"": ""br""
          },
          {
            ""type"": ""text"",
            ""content"": ""Разнообразие. Ваш питомец забудет о скучных перекусах, если вы будете чередовать разные вкусы!\r""
          },
          {
            ""type"": ""br""
          },
          {
            ""type"": ""text"",
            ""content"": ""Эксперименты. Найдите тот самый любимый вкус, который станет хитом у вашего друга!\r""
          },
          {
            ""type"": ""br""
          },
          {
            ""type"": ""text"",
            ""content"": ""Соблюдение баланса. Разнообразие помогает обеспечить поступление всех необходимых витаминов и минералов.""
          }
        ]
      }
    },
    {
      ""widgetName"": ""raShowcase"",
      ""type"": ""chess"",
      ""blocks"": [
        {
          ""img"": {
            ""src"": ""https://cdn1.ozone.ru/s3/multimedia-1-0/7436312172.jpg"",
            ""srcMobile"": ""https://cdn1.ozone.ru/s3/multimedia-1-0/7436312172.jpg"",
            ""alt"": """",
            ""position"": ""to_the_edge"",
            ""positionMobile"": ""fill"",
            ""widthMobile"": 1680,
            ""heightMobile"": 1680
          },
          ""imgLink"": """",
          ""title"": {
            ""items"": [
              {
                ""type"": ""text"",
                ""content"": ""С любовью и заботой ""
              }
            ],
            ""size"": ""size6"",
            ""align"": ""center"",
            ""color"": ""color1""
          },
          ""text"": {
            ""size"": ""size2"",
            ""align"": ""center"",
            ""color"": ""color1"",
            ""items"": [
              {
                ""type"": ""text"",
                ""content"": ""Мы используем только качественное мясо и тщательно следим за стандартами, чтобы обеспечить здоровье ваших питомцев. Наши корма – это продукты, созданные с любовью и заботой.""
              }
            ]
          },
          ""reverse"": false
        },
        {
          ""img"": {
            ""src"": ""https://cdn1.ozone.ru/s3/multimedia-1-p/7435712833.jpg"",
            ""srcMobile"": ""https://cdn1.ozone.ru/s3/multimedia-1-p/7435712833.jpg"",
            ""alt"": """",
            ""position"": ""fill"",
            ""positionMobile"": ""fill"",
            ""widthMobile"": 866,
            ""heightMobile"": 831
          },
          ""imgLink"": """",
          ""title"": {
            ""items"": [
              {
                ""type"": ""text"",
                ""content"": ""Технология""
              }
            ],
            ""size"": ""size6"",
            ""align"": ""center"",
            ""color"": ""color1""
          },
          ""text"": {
            ""size"": ""size2"",
            ""align"": ""left"",
            ""color"": ""color1"",
            ""items"": [
              {
                ""type"": ""text"",
                ""content"": ""Мы производим натуральные лакомства и сбалансированные рационы для собак, не используя консерванты и химические добавки.""
              }
            ]
          },
          ""reverse"": true
        }
      ]
    }
  ],
  ""version"": 0.3
}",вкусняшки для собак;лакомства для собак;лакомство для собак;лакомства для собак мелких пород;лакомство для собак мелких пород;сушеное легкое для собак;лакомства для дрессировки собак;легкие для собак;баранина мясо;баранье легкое для собак;вкусняшки для собак мелких пород;лакомства для собак крупных пород;сушеное легкое;лакомство для дрессировки щенков;вкусняшки для собак мелких пород лакомства;лакомства для щенков мелких пород;сухое легкое для собак лакомство;сушеные легкие для собак;,группа 13,125х30х420,Бумажный пакет;Вакуумная упаковка,,"2309109000 - МАРКИРОВКА РФ - Прочий корм для собак или кошек, расфасованный для розничной продажи",Россия,Легкое;Кусочки,Баранина,Твердые,,,,Мясо,,Крупный;Малый;Средний,С избыточным весом,Без ГМО;Без ароматизаторов;Без вкусовых добавок,В сухом месте;Не подвергать воздействию прямого солнечного света,92,16.2,2.5,"100% баранье лёгкое
Назначение: для дрессировки и поощрения.
Питательная ценность в 100 г:
белки 16.2 г, жиры 2.5 г, кал. 92 кКал.
Срок годности: 12 мес.
",Нет,,
30,SPRD-02272,Филе индейки 500г для кошек и собак,"4,598.00","6,568.00",Не облагается,Нет,Нет,,4680614022726,535,285,90,344,https://cdn1.ozone.ru/s3/multimedia-1-2/7377961394.jpg,"https://cdn1.ozone.ru/s3/multimedia-1-t/7377961421.jpg
https://cdn1.ozone.ru/s3/multimedia-1-d/7377961405.jpg
https://cdn1.ozone.ru/s3/multimedia-1-3/7377961359.jpg
https://cdn1.ozone.ru/s3/multimedia-1-p/7377961381.jpg
https://cdn1.ozone.ru/s3/multimedia-1-z/7377961391.jpg
https://cdn1.ozone.ru/s3/multimedia-1-o/7377961380.jpg
https://cdn1.ozone.ru/s3/multimedia-1-s/7377961420.jpg
https://cdn1.ozone.ru/s3/multimedia-1-h/7377961373.jpg
https://cdn1.ozone.ru/s3/multimedia-1-4/7377961360.jpg
https://cdn1.ozone.ru/s3/multimedia-1-8/7377961364.jpg
https://cdn1.ozone.ru/s3/multimedia-1-y/7377961426.jpg
https://cdn1.ozone.ru/s3/multimedia-1-c/7377961440.jpg
https://cdn1.ozone.ru/s3/multimedia-1-0/7377961428.jpg
https://cdn1.ozone.ru/s3/multimedia-1-r/7377961455.jpg
https://cdn1.ozone.ru/s3/multimedia-1-e/7377961406.jpg
https://cdn1.ozone.ru/s3/multimedia-1-o/7377961416.jpg
https://cdn1.ozone.ru/s3/multimedia-1-6/7377961434.jpg
https://cdn1.ozone.ru/s3/multimedia-1-g/7377961516.jpg
https://cdn1.ozone.ru/s3/multimedia-1-l/7377961413.jpg
https://cdn1.ozone.ru/s3/multimedia-1-2/7377961466.jpg",,,SHEPHERD,"Филе индейки, сушеное для собак, 100% натуральное.",500,1,,Лакомство,Для собак,365,Для взрослых;Для маленьких;Для пожилых,#лакомствадлясобак #вкусняшкидлясобак #длясреднихпород #индейкадлясобак #бараньелёгкоедлясобак #шепард #shepherd,"Сушёное филе индейки от бренда Shepherd — это яркий пример того, как натуральные продукты могут стать не только вкусным лакомством, но и важным источником полезных веществ для собак и кошек.<br/><br/>Польза:<ul><li>Полный комплекс питательных веществ. Индейка — это один из самых ценных источников белка, который содержит множество витаминов (А, группы B, С, D, E) и минералов (кальций, магний, фосфор, железо). Эти компоненты необходимы для поддержания здоровья костей, кожи, шерсти, иммунной системы и общего самочувствия вашего питомца.</li><li>100% натуральное мясо. Продукт изготовлен исключительно из высококачественного филе индейки без добавления злаков, сои, красителей или консервантов. Это гарантирует, что ваш питомец получает чистое мясо, богатое белком и питательными веществами.</li><li>Безопасность для здоровья. Отсутствие искусственных добавок и усилителей вкуса делает это лакомство идеальным выбором для питомцев с чувствительным пищеварением или склонностью к аллергическим реакциям. Оно легко усваивается и не вызывает дискомфорта.</li></ul>Для кошек:<ul><li>Давайте это лакомство только здоровым животным.</li><li>Если есть проблемы с пищеварением, проконсультируйтесь с ветеринаром перед введением нового продукта.<br/><br/>В производстве используются филейные части грудки и бедер индейки, которые могут незначительно отличаться по цвету, сохраняя при этом все полезные свойства.</li></ul>Этот продукт создан с особой заботой о здоровье ваших питомцев, сохраняя все преимущества натурального мяса без использования искусственных добавок. Дайте вашему питомцу возможность насладиться истинно натуральным вкусом вместе с Shepherd !","{
  ""content"": [
    {
      ""widgetName"": ""raShowcase"",
      ""type"": ""billboard"",
      ""blocks"": [
        {
          ""imgLink"": ""https://www.ozon.ru/seller/shepherd-1468751/products/?miniapp=seller_1468751"",
          ""img"": {
            ""src"": ""https://cdn1.ozone.ru/s3/multimedia-1-5/7436651549.jpg"",
            ""srcMobile"": ""https://cdn1.ozone.ru/s3/multimedia-1-5/7436651549.jpg"",
            ""alt"": """",
            ""position"": ""width_one_third"",
            ""positionMobile"": ""width_full"",
            ""widthMobile"": 1182,
            ""heightMobile"": 1182
          },
          ""title"": {
            ""items"": [
              {
                ""type"": ""text"",
                ""content"": ""Shepherd TM""
              }
            ],
            ""size"": ""size7"",
            ""align"": ""center"",
            ""color"": ""color1""
          },
          ""text"": {
            ""size"": ""size2"",
            ""align"": ""center"",
            ""color"": ""color1"",
            ""items"": [
              {
                ""type"": ""text"",
                ""content"": ""Мы специализируемся на производстве\r""
              },
              {
                ""type"": ""br""
              },
              {
                ""type"": ""text"",
                ""content"": ""100% натуральных лакомств и сбалансированных рационов для животных.""
              },
              {
                ""type"": ""br""
              },
              {
                ""type"": ""text"",
                ""content"": ""У нас большой выбор на любой вкус. Ваши питомцы останутся довольны.""
              },
              {
                ""type"": ""br""
              }
            ]
          }
        }
      ]
    },
    {
      ""widgetName"": ""raTextBlock"",
      ""title"": {
        ""items"": [
          {
            ""type"": ""text"",
            ""content"": ""Филе индейки для собак""
          }
        ],
        ""size"": ""size7"",
        ""color"": ""color1"",
        ""align"": ""center""
      },
      ""theme"": ""tertiary"",
      ""padding"": ""type2"",
      ""gapSize"": ""s"",
      ""text"": {
        ""size"": ""size2"",
        ""align"": ""left"",
        ""color"": ""color1"",
        ""items"": [
          {
            ""type"": ""text"",
            ""content"": ""Сушеные лакомства для собак из филе индейки – идеальные вкусняшки для вашего питомца!\r""
          },
          {
            ""type"": ""br""
          },
          {
            ""type"": ""text"",
            ""content"": ""\r""
          },
          {
            ""type"": ""br""
          },
          {
            ""type"": ""text"",
            ""content"": ""Побалуйте своего четвероногого друга натуральными и полезными лакомствами, которые подарят ему удовольствие и заботу о здоровье! Наши сушеные лакомства из филе индейки прекрасно подходят как для крупных, так и для средних пород. Это невероятно вкусные и питательные лакомства для собак, которые сделают каждый день вашего питомца особенным.\r""
          },
          {
            ""type"": ""br""
          },
          {
            ""type"": ""text"",
            ""content"": ""\r""
          },
          {
            ""type"": ""br""
          },
          {
            ""type"": ""text"",
            ""content"": ""Почему именно наши лакомства?\r""
          },
          {
            ""type"": ""br""
          },
          {
            ""type"": ""text"",
            ""content"": ""Полезные витамины. Филе индейки богато витаминами (РР, A, B, C, D, E), которые способствую нормализации обмена веществ, укреплению иммунной системы и улучшению зрения.\r""
          },
          {
            ""type"": ""br""
          },
          {
            ""type"": ""text"",
            ""content"": ""Макро- и микроэлементы. Содержит кальций, магний, фосфор и железо, необходимые для здоровья зубов и костей.\r""
          },
          {
            ""type"": ""br""
          },
          {
            ""type"": ""text"",
            ""content"": ""Аминокислоты. Триптофан, лизин и лейцин обеспечивают эмоциональную стабильность, поддерживают рост и развитие.\r""
          },
          {
            ""type"": ""br""
          },
          {
            ""type"": ""text"",
            ""content"": ""Идеально для дрессировки!\r""
          },
          {
            ""type"": ""br""
          },
          {
            ""type"": ""text"",
            ""content"": ""\r""
          },
          {
            ""type"": ""br""
          },
          {
            ""type"": ""text"",
            ""content"": ""Наши лакомства для собак идеально подходят для использования в процессе дрессировки. Это не просто вкусняшка для собак, но и мощный стимул для обучения! Благодаря текстуре, лакомство легко разжевывается и одобряется даже самыми взыскательными питомцами.\r""
          },
          {
            ""type"": ""br""
          },
          {
            ""type"": ""text"",
            ""content"": ""\r""
          },
          {
            ""type"": ""br""
          },
          {
            ""type"": ""text"",
            ""content"": ""Для всех!\r""
          },
          {
            ""type"": ""br""
          },
          {
            ""type"": ""text"",
            ""content"": ""\r""
          },
          {
            ""type"": ""br""
          },
          {
            ""type"": ""text"",
            ""content"": ""Лакомства также подойдут и для кошек! Это вкусные и полезные вкусняшки, которые понравятся вашим пушистым друзьям.\r""
          },
          {
            ""type"": ""br""
          },
          {
            ""type"": ""text"",
            ""content"": ""\r""
          },
          {
            ""type"": ""br""
          },
          {
            ""type"": ""text"",
            ""content"": ""Наши преимущества :\r""
          },
          {
            ""type"": ""br""
          },
          {
            ""type"": ""text"",
            ""content"": ""Натуральные ингредиенты. Мы используем только высококачественные продукты без консервантов и химических добавок.\r""
          },
          {
            ""type"": ""br""
          },
          {
            ""type"": ""text"",
            ""content"": ""Контроль качества. Каждая партия проходит строгую проверку на свежесть и безопасность.\r""
          },
          {
            ""type"": ""br""
          },
          {
            ""type"": ""text"",
            ""content"": ""Удобная упаковка. Обеспечивает долгий срок хранения лакомств, сохраняя их полезные свойства.\r""
          },
          {
            ""type"": ""br""
          },
          {
            ""type"": ""text"",
            ""content"": ""Рекомендации по применению:\r""
          },
          {
            ""type"": ""br""
          },
          {
            ""type"": ""text"",
            ""content"": ""Давайте лакомства только здоровым собакам и кошкам.\r""
          },
          {
            ""type"": ""br""
          },
          {
            ""type"": ""text"",
            ""content"": ""При наличии проблем с пищеварением лучше проконсультироваться с ветеринаром.\r""
          },
          {
            ""type"": ""br""
          },
          {
            ""type"": ""text"",
            ""content"": ""\r""
          },
          {
            ""type"": ""br""
          },
          {
            ""type"": ""text"",
            ""content"": ""В производстве используются филейные части грудки и бедер индейки, которые могут незначительно отличаться по цвету, сохраняя при этом все полезные свойства.\r""
          },
          {
            ""type"": ""br""
          },
          {
            ""type"": ""text"",
            ""content"": "" Заказывайте прямо сейчас и порадуйте своего друга натуральным лакомство от Шерард, которое обогатит его рацион. Пусть каждый момент с любимцем станет незабываемым!""
          }
        ]
      }
    },
    {
      ""widgetName"": ""raShowcase"",
      ""type"": ""chess"",
      ""blocks"": [
        {
          ""img"": {
            ""src"": ""https://cdn1.ozone.ru/s3/multimedia-1-r/7436653731.jpg"",
            ""srcMobile"": ""https://cdn1.ozone.ru/s3/multimedia-1-r/7436653731.jpg"",
            ""alt"": """",
            ""position"": ""to_the_edge"",
            ""positionMobile"": ""fill"",
            ""widthMobile"": 1680,
            ""heightMobile"": 1680
          },
          ""imgLink"": """",
          ""title"": {
            ""items"": [
              {
                ""type"": ""text"",
                ""content"": ""С любовью и заботой ""
              }
            ],
            ""size"": ""size6"",
            ""align"": ""center"",
            ""color"": ""color1""
          },
          ""text"": {
            ""size"": ""size2"",
            ""align"": ""center"",
            ""color"": ""color1"",
            ""items"": [
              {
                ""type"": ""text"",
                ""content"": ""Мы используем только качественное мясо и тщательно следим за стандартами, чтобы обеспечить здоровье ваших питомцев. Наши лакомства – это продукты, созданные с любовью и заботой.""
              }
            ]
          },
          ""reverse"": false
        },
        {
          ""img"": {
            ""src"": ""https://cdn1.ozone.ru/s3/multimedia-1-p/7435712833.jpg"",
            ""srcMobile"": ""https://cdn1.ozone.ru/s3/multimedia-1-p/7435712833.jpg"",
            ""alt"": """",
            ""position"": ""fill"",
            ""positionMobile"": ""fill"",
            ""widthMobile"": 866,
            ""heightMobile"": 831
          },
          ""imgLink"": """",
          ""title"": {
            ""items"": [
              {
                ""type"": ""text"",
                ""content"": ""Технология""
              }
            ],
            ""size"": ""size6"",
            ""align"": ""center"",
            ""color"": ""color1""
          },
          ""text"": {
            ""size"": ""size2"",
            ""align"": ""left"",
            ""color"": ""color1"",
            ""items"": [
              {
                ""type"": ""text"",
                ""content"": ""Мы производим натуральные лакомства и сбалансированные рационы для собак, не используя консерванты и химические добавки.""
              }
            ]
          },
          ""reverse"": true
        }
      ]
    }
  ],
  ""version"": 0.3
}",сушеные лакомства для собак;для собак лакомство;лакомства для собак крупных пород;лакомство;вкусняшки вкусняшки;лакомство для собак для дрессировки;вкусняшка для собак;лакомство для дрессировки собак; лакомства;лакомство для собак крупных;для собак вкусняшки;лакомства для собак лакомство для кошки;лакомства для дрессировки собак;вкусняшки для собак;вкусняшки для собак крупных пород;для кошек лакомство;лакомство для собак средних пород;для чистки зубов собак;вкусняшки для собак;,группа 8,135х30х420,Бумажный пакет;Вакуумная упаковка,,"2309109000 - МАРКИРОВКА РФ - Прочий корм для собак или кошек, расфасованный для розничной продажи",Россия,Филе,Индейка,Твердые,,,,Мясо,,Крупный;Малый;Средний,При плохом аппетите,Без ГМО;Без ароматизаторов;Без вкусовых добавок,В сухом месте,360,39,23,"100% филе индейки.
Назначение: поощрения.
Питательная ценность в 100 г:
белки 39,0 г, жиры 23,0 г, кал. 360 кКал.
Срок годности: 12 мес.
",Нет,,
31,SPRD-02222,Лакомство для собак баранье сердце SHEPHERD TM 500г вкусняшки для дрессировки,"4,729.00","6,755.00",Не облагается,Нет,Нет,,4680614022221;4680614022269,515,300,40,400,https://cdn1.ozone.ru/s3/multimedia-1-l/7254530193.jpg,"https://cdn1.ozone.ru/s3/multimedia-1-0/7254530172.jpg
https://cdn1.ozone.ru/s3/multimedia-1-c/7255380288.jpg
https://cdn1.ozone.ru/s3/multimedia-1-g/7254402892.jpg
https://cdn1.ozone.ru/s3/multimedia-1-r/7254402939.jpg
https://cdn1.ozone.ru/s3/multimedia-1-z/7254530171.jpg
https://cdn1.ozone.ru/s3/multimedia-1-c/7254411600.jpg
https://cdn1.ozone.ru/s3/multimedia-1-n/7254402899.jpg
https://cdn1.ozone.ru/s3/multimedia-1-p/7254402937.jpg
https://cdn1.ozone.ru/s3/multimedia-1-f/7254402891.jpg
https://cdn1.ozone.ru/s3/multimedia-1-j/7254530227.jpg
https://cdn1.ozone.ru/s3/multimedia-1-c/7254530220.jpg
https://cdn1.ozone.ru/s3/multimedia-1-3/7254530211.jpg
https://cdn1.ozone.ru/s3/multimedia-1-f/7254530223.jpg
https://cdn1.ozone.ru/s3/multimedia-1-m/7254530230.jpg
https://cdn1.ozone.ru/s3/multimedia-1-c/7254530184.jpg
https://cdn1.ozone.ru/s3/multimedia-1-6/7254530214.jpg
https://cdn1.ozone.ru/s3/multimedia-1-x/7254530205.jpg
https://cdn1.ozone.ru/s3/multimedia-1-j/7254530191.jpg
https://cdn1.ozone.ru/s3/multimedia-1-a/7254530218.jpg
https://cdn1.ozone.ru/s3/multimedia-1-t/7254530165.jpg
https://cdn1.ozone.ru/s3/multimedia-1-f/7254530187.jpg",,,SHEPHERD,Баранье сердце,500,1,1,Лакомство,Для собак,365,Для взрослых;Для маленьких;Для пожилых,,"Баранье сердце —вкусняшки для собак для дрессировки это уникальный и натуральный продукт, который станет настоящим подарком для вашего питомца. Это не просто лакомство, а полноценная добавка к рациону, богатая витаминами, минералами и высококачественным белком, необходимыми для поддержания здоровья и энергии вашей собаки.<br/><br/>Польза бараньего сердца:<ul><li>Высокое содержание белка. Баранье сердце — отличный источник легкоусвояемого белка, который способствует росту и восстановлению мышц, особенно важен для щенков и активных собак.</li><li>Железо в три раза больше, чем в говяжьем сердце. Железо необходимо для образования гемоглобина, что помогает предотвратить анемию и поддерживает здоровье кровеносной системы.</li><li>Магний для сердечно-сосудистой системы. Магний поддерживает здоровье сердца и снижает риск сердечно-сосудистых заболеваний.</li><li>Витамины группы B. Поддерживают нервную систему, обмен веществ и обеспечивают энергию для игр и тренировок, также важны для хорошего состояния шерсти и кожи.</li><li>Натуральный продукт без добавок. Наши вкусняшки из бараньего сердца — это 100% натуральный продукт без искусственных красителей, консервантов или усилителей вкуса. Это гарантирует, что ваш питомец получает только полезные вещества.</li><li>Удобная форма для дрессировки. Баранье сердце можно нарезать тонкой соломкой, что делает его идеальным лакомством для дрессировки и поощрения. Щенки и взрослые собаки мелких пород оценят этот вкусный и полезный перекус.</li></ul>Дарите радость и заботу своему питомцу с натуральными вкусняшками для собак от SHEPHERD!",,лакомства для собак;лакомство для собак;для собак;деревенские лакомства для собак;лакомства для собак мелких пород;вкусняшки для собак;баранье сердце для собак;для собак мелких пород;легкое говяжье для собак;легкое говяжье;сушеное легкое для собак;,группа 14,400х300х40,Вакуумная упаковка;Дой-пак,,"2309109000 - МАРКИРОВКА РФ - Прочий корм для собак или кошек, расфасованный для розничной продажи",Россия,Сердце,Баранина,Хрустящие,,,,Мясо,,Крупный;Малый;Средний,Профилактика зубного налета;При плохом аппетите,Без ГМО;Без ароматизаторов;Без вкусовых добавок,В сухом месте;Не подвергать воздействию прямого солнечного света,349,60.1,12,100% баранье сердце,Нет,,
32,SPRD-02221,Лакомство для собак баранье сердце SHEPHERD TM 100г,"1,033.00","1,475.00",Не облагается,Нет,Нет,,4680614022214,110,135,30,225,https://cdn1.ozone.ru/s3/multimedia-1-m/7254530230.jpg,"https://cdn1.ozone.ru/s3/multimedia-1-f/7254530187.jpg
https://cdn1.ozone.ru/s3/multimedia-1-c/7255380288.jpg
https://cdn1.ozone.ru/s3/multimedia-1-g/7254402892.jpg
https://cdn1.ozone.ru/s3/multimedia-1-0/7254530172.jpg
https://cdn1.ozone.ru/s3/multimedia-1-c/7254411600.jpg
https://cdn1.ozone.ru/s3/multimedia-1-r/7254402939.jpg
https://cdn1.ozone.ru/s3/multimedia-1-n/7254402899.jpg
https://cdn1.ozone.ru/s3/multimedia-1-p/7254402937.jpg
https://cdn1.ozone.ru/s3/multimedia-1-f/7254402891.jpg
https://cdn1.ozone.ru/s3/multimedia-1-j/7254530227.jpg
https://cdn1.ozone.ru/s3/multimedia-1-x/7254530205.jpg
https://cdn1.ozone.ru/s3/multimedia-1-c/7254530220.jpg
https://cdn1.ozone.ru/s3/multimedia-1-z/7254530171.jpg
https://cdn1.ozone.ru/s3/multimedia-1-c/7254530184.jpg
https://cdn1.ozone.ru/s3/multimedia-1-3/7254530211.jpg
https://cdn1.ozone.ru/s3/multimedia-1-l/7254530193.jpg
https://cdn1.ozone.ru/s3/multimedia-1-f/7254530223.jpg
https://cdn1.ozone.ru/s3/multimedia-1-6/7254530214.jpg
https://cdn1.ozone.ru/s3/multimedia-1-j/7254530191.jpg
https://cdn1.ozone.ru/s3/multimedia-1-a/7254530218.jpg
https://cdn1.ozone.ru/s3/multimedia-1-t/7254530165.jpg",,,SHEPHERD,Баранье сердце,100,1,1,Лакомство,Для собак,365,Для взрослых;Для маленьких;Для пожилых,#лакомствадлясобак #вкусняшкидлясобак #длясреднихпород #бычийкореньдлясобак #бараньесердцедлясобак #shepherd,"Баранье сердце — это уникальный и натуральный продукт, который станет настоящим подарком для вашего питомца. Это не просто лакомство, а полноценная добавка к рациону, богатая витаминами, минералами и высококачественным белком, необходимыми для поддержания здоровья и энергии вашей собаки.<br/><br/>Польза бараньего сердца:<ul><li>Высокое содержание белка. Баранье сердце — отличный источник легкоусвояемого белка, который способствует росту и восстановлению мышц, особенно важен для щенков и активных собак.</li><li>Железо в три раза больше, чем в говяжьем сердце. Железо необходимо для образования гемоглобина, что помогает предотвратить анемию и поддерживает здоровье кровеносной системы.</li><li>Магний для сердечно-сосудистой системы. Магний поддерживает здоровье сердца и снижает риск сердечно-сосудистых заболеваний.</li><li>Витамины группы B. Поддерживают нервную систему, обмен веществ и обеспечивают энергию для игр и тренировок, также важны для хорошего состояния шерсти и кожи.</li><li>Натуральный продукт без добавок. Наши вкусняшки из бараньего сердца — это 100% натуральный продукт без искусственных красителей, консервантов или усилителей вкуса. Это гарантирует, что ваш питомец получает только полезные вещества.</li><li>Удобная форма для дрессировки. Баранье сердце можно нарезать тонкой соломкой. Вкусняшки для собак для дрессировки и поощрения. Щенки и взрослые собаки мелких пород оценят этот вкусный и полезный перекус.</li></ul>Дарите радость и заботу своему питомцу с натуральными вкусняшками для собак от SHEPHERD!","{
  ""content"": [
    {
      ""widgetName"": ""raShowcase"",
      ""type"": ""billboard"",
      ""blocks"": [
        {
          ""imgLink"": ""https://www.ozon.ru/seller/shepherd-1468751/products/?miniapp=seller_1468751"",
          ""img"": {
            ""src"": ""https://cdn1.ozone.ru/s3/multimedia-1-f/7435712823.jpg"",
            ""srcMobile"": ""https://cdn1.ozone.ru/s3/multimedia-1-f/7435712823.jpg"",
            ""alt"": """",
            ""position"": ""width_one_third"",
            ""positionMobile"": ""width_full"",
            ""widthMobile"": 1182,
            ""heightMobile"": 1182
          },
          ""title"": {
            ""items"": [
              {
                ""type"": ""text"",
                ""content"": ""Shepherd TM""
              }
            ],
            ""size"": ""size7"",
            ""align"": ""center"",
            ""color"": ""color1""
          },
          ""text"": {
            ""size"": ""size2"",
            ""align"": ""center"",
            ""color"": ""color1"",
            ""items"": [
              {
                ""type"": ""text"",
                ""content"": ""Мы специализируемся на производстве\r""
              },
              {
                ""type"": ""br""
              },
              {
                ""type"": ""text"",
                ""content"": ""100% натуральных лакомств и сбалансированных рационов для животных.""
              },
              {
                ""type"": ""br""
              },
              {
                ""type"": ""text"",
                ""content"": ""У нас большой выбор на любой вкус. Ваши питомцы останутся довольны.""
              },
              {
                ""type"": ""br""
              }
            ]
          }
        }
      ]
    },
    {
      ""widgetName"": ""raTextBlock"",
      ""title"": {
        ""items"": [
          {
            ""type"": ""text"",
            ""content"": ""Баранье сердце для собак""
          }
        ],
        ""size"": ""size7"",
        ""color"": ""color1"",
        ""align"": ""center""
      },
      ""theme"": ""tertiary"",
      ""padding"": ""type2"",
      ""gapSize"": ""s"",
      ""text"": {
        ""size"": ""size2"",
        ""align"": ""left"",
        ""color"": ""color1"",
        ""items"": [
          {
            ""type"": ""text"",
            ""content"": ""Баранье сердце — это уникальный и натуральный продукт, который станет настоящим подарком для вашего питомца. Это не просто лакомство, а полноценная добавка к рациону, богатая витаминами, минералами и высококачественным белком, необходимыми для поддержания здоровья и энергии вашей собаки.\r""
          },
          {
            ""type"": ""br""
          },
          {
            ""type"": ""text"",
            ""content"": ""\r""
          },
          {
            ""type"": ""br""
          },
          {
            ""type"": ""text"",
            ""content"": ""Польза бараньего сердца:\r""
          },
          {
            ""type"": ""br""
          },
          {
            ""type"": ""text"",
            ""content"": ""Высокое содержание белка. Баранье сердце — отличный источник легкоусвояемого белка, который способствует росту и восстановлению мышц, особенно важен для щенков и активных собак.\r""
          },
          {
            ""type"": ""br""
          },
          {
            ""type"": ""text"",
            ""content"": ""Железо в три раза больше, чем в говяжьем сердце. Железо необходимо для образования гемоглобина, что помогает предотвратить анемию и поддерживает здоровье кровеносной системы.\r""
          },
          {
            ""type"": ""br""
          },
          {
            ""type"": ""text"",
            ""content"": ""Магний для сердечно-сосудистой системы. Магний поддерживает здоровье сердца и снижает риск сердечно-сосудистых заболеваний.\r""
          },
          {
            ""type"": ""br""
          },
          {
            ""type"": ""text"",
            ""content"": ""Витамины группы B. Поддерживают нервную систему, обмен веществ и обеспечивают энергию для игр и тренировок, также важны для хорошего состояния шерсти и кожи.\r""
          },
          {
            ""type"": ""br""
          },
          {
            ""type"": ""text"",
            ""content"": ""Натуральный продукт без добавок. Наши вкусняшки из бараньего сердца — это 100% натуральный продукт без искусственных красителей, консервантов или усилителей вкуса. Это гарантирует, что ваш питомец получает только полезные вещества.\r""
          },
          {
            ""type"": ""br""
          },
          {
            ""type"": ""text"",
            ""content"": ""Удобная форма для дрессировки. Баранье сердце можно нарезать тонкой соломкой, что делает его идеальным лакомством для дрессировки и поощрения. Щенки и взрослые собаки мелких пород оценят этот вкусный и полезный перекус.\r""
          },
          {
            ""type"": ""br""
          },
          {
            ""type"": ""text"",
            ""content"": ""Дарите радость и заботу своему питомцу с натуральными вкусняшками для собак от SHEPHERD!""
          }
        ]
      }
    },
    {
      ""widgetName"": ""raShowcase"",
      ""type"": ""chess"",
      ""blocks"": [
        {
          ""img"": {
            ""src"": ""https://cdn1.ozone.ru/s3/multimedia-1-x/7438980561.jpg"",
            ""srcMobile"": ""https://cdn1.ozone.ru/s3/multimedia-1-x/7438980561.jpg"",
            ""alt"": """",
            ""position"": ""to_the_edge"",
            ""positionMobile"": ""fill"",
            ""widthMobile"": 1680,
            ""heightMobile"": 1680
          },
          ""imgLink"": """",
          ""title"": {
            ""items"": [
              {
                ""type"": ""text"",
                ""content"": ""С любовью и заботой ""
              }
            ],
            ""size"": ""size6"",
            ""align"": ""center"",
            ""color"": ""color1""
          },
          ""text"": {
            ""size"": ""size2"",
            ""align"": ""center"",
            ""color"": ""color1"",
            ""items"": [
              {
                ""type"": ""text"",
                ""content"": ""Мы используем только качественное мясо и тщательно следим за стандартами, чтобы обеспечить здоровье ваших питомцев. Наши лакомства – это продукты, созданные с любовью и заботой.""
              }
            ]
          },
          ""reverse"": false
        },
        {
          ""img"": {
            ""src"": ""https://cdn1.ozone.ru/s3/multimedia-1-p/7435712833.jpg"",
            ""srcMobile"": ""https://cdn1.ozone.ru/s3/multimedia-1-p/7435712833.jpg"",
            ""alt"": """",
            ""position"": ""fill"",
            ""positionMobile"": ""fill"",
            ""widthMobile"": 866,
            ""heightMobile"": 831
          },
          ""imgLink"": """",
          ""title"": {
            ""items"": [
              {
                ""type"": ""text"",
                ""content"": ""Технология""
              }
            ],
            ""size"": ""size6"",
            ""align"": ""center"",
            ""color"": ""color1""
          },
          ""text"": {
            ""size"": ""size2"",
            ""align"": ""left"",
            ""color"": ""color1"",
            ""items"": [
              {
                ""type"": ""text"",
                ""content"": ""Мы производим натуральные лакомства и сбалансированные рационы для собак, не используя консерванты и химические добавки.""
              }
            ]
          },
          ""reverse"": true
        }
      ]
    }
  ],
  ""version"": 0.3
}",сухое легкое для собак;лакомства для собак;лакомство для собак;для собак;деревенские лакомства для собак;лакомства для собак мелких пород;вкусняшки для собак;баранье сердце для собак;для собак мелких пород;легкое говяжье для собак;легкое говяжье;сушеное легкое для собак;,группа 16,225х165х30,Вакуумная упаковка;Дой-пак,,"2309109000 - МАРКИРОВКА РФ - Прочий корм для собак или кошек, расфасованный для розничной продажи",Россия,Сердце,Баранина,Хрустящие,,,,Мясо,,Крупный;Малый;Средний,Профилактика зубного налета;При плохом аппетите,Без ГМО;Без ароматизаторов;Без вкусовых добавок,В сухом месте;Не подвергать воздействию прямого солнечного света,349,60.1,12,100% баранье сердце,Нет,,
33,SPRD-02461,Баранье легкое для собак 500г палочки SHEPHERD TM,"2,609.00","3,727.00",Не облагается,Нет,Нет,,4680614024614,515,40,400,300,https://cdn1.ozone.ru/s3/multimedia-1-k/7254411608.jpg,"https://cdn1.ozone.ru/s3/multimedia-1-u/7254411510.jpg
https://cdn1.ozone.ru/s3/multimedia-1-g/7254402892.jpg
https://cdn1.ozone.ru/s3/multimedia-1-h/7254411569.jpg
https://cdn1.ozone.ru/s3/multimedia-1-d/7254411601.jpg
https://cdn1.ozone.ru/s3/multimedia-1-c/7254411600.jpg
https://cdn1.ozone.ru/s3/multimedia-1-r/7254411543.jpg
https://cdn1.ozone.ru/s3/multimedia-1-b/7254411599.jpg
https://cdn1.ozone.ru/s3/multimedia-1-l/7254411501.jpg
https://cdn1.ozone.ru/s3/multimedia-1-r/7254402939.jpg
https://cdn1.ozone.ru/s3/multimedia-1-8/7254411452.jpg
https://cdn1.ozone.ru/s3/multimedia-1-n/7254402899.jpg
https://cdn1.ozone.ru/s3/multimedia-1-p/7254402937.jpg
https://cdn1.ozone.ru/s3/multimedia-1-f/7254402891.jpg
https://cdn1.ozone.ru/s3/multimedia-1-y/7254402982.jpg
https://cdn1.ozone.ru/s3/multimedia-1-w/7254411584.jpg
https://cdn1.ozone.ru/s3/multimedia-1-s/7254411616.jpg
https://cdn1.ozone.ru/s3/multimedia-1-2/7254411554.jpg
https://cdn1.ozone.ru/s3/multimedia-1-k/7254411500.jpg",,,SHEPHERD,Легкое,501,1,1,Лакомство,Для собак,365,Для взрослых;Для маленьких;Для пожилых,#лакомствадлясобак #вкусняшкидлясобак #длясреднихпород #бараньелегкоедлясобак #аортадлясобак #шепард,"Ищете идеальное лакомство для вашего питомца?<br/><br/>Познакомьтесь с бараньим легким от Shepherd – натуральным и вкусным угощением, которое порадует даже самых привередливых собак!<br/><br/>Польза:<ul><li>Гипоаллергенное. Отличный выбор для собак с чувствительным пищеварением - минимальная вероятность аллергических реакций.</li><li>Низкокалорийное. Идеально для контроля веса вашего питомца, помогает поддерживать здоровую физическую форму.</li><li>Богато белком. Высокое содержание качественного белка способствует укреплению мышечной массы и поддержанию здоровья.</li><li>Забота о зубах. Помогает в поддержании зубов и десен, снижая риск образования налета и улучшая гигиену полости рта.</li><li>100% натуральный продукт. Без искусственных консервантов и добавок, только чистое удовольствие для вашего четвероного друга!<br/><br/>Откройте для себя мир вкусных лакомств!<br/><br/>Мы рады пригласить вас в наш каталог! Заходите и откройте для себя разнообразие наших лакомств для собак. Пробуйте новые вкусы и радуйте своего питомца особыми угощениями!<br/><br/>Почему стоит взять несколько вкусов?<ul><li>Разнообразие. Ваш питомец забудет о скучных перекусах, если вы будете чередовать разные вкусы!</li><li>Эксперименты. Найдите тот самый любимый вкус, который станет хитом у вашего друга!</li><li>Соблюдение баланса. Разнообразие помогает обеспечить поступление всех необходимых витаминов и минералов.</li></ul></li></ul>","{
  ""content"": [
    {
      ""widgetName"": ""raShowcase"",
      ""type"": ""billboard"",
      ""blocks"": [
        {
          ""imgLink"": ""https://www.ozon.ru/seller/shepherd-1468751/products/?miniapp=seller_1468751"",
          ""img"": {
            ""src"": ""https://cdn1.ozone.ru/s3/multimedia-1-f/7435712823.jpg"",
            ""srcMobile"": ""https://cdn1.ozone.ru/s3/multimedia-1-f/7435712823.jpg"",
            ""alt"": """",
            ""position"": ""width_one_third"",
            ""positionMobile"": ""width_full"",
            ""widthMobile"": 1182,
            ""heightMobile"": 1182
          },
          ""title"": {
            ""items"": [
              {
                ""type"": ""text"",
                ""content"": ""Shepherd TM""
              }
            ],
            ""size"": ""size7"",
            ""align"": ""center"",
            ""color"": ""color1""
          },
          ""text"": {
            ""size"": ""size2"",
            ""align"": ""center"",
            ""color"": ""color1"",
            ""items"": [
              {
                ""type"": ""text"",
                ""content"": ""Мы специализируемся на производстве\r""
              },
              {
                ""type"": ""br""
              },
              {
                ""type"": ""text"",
                ""content"": ""100% натуральных лакомств и сбалансированных рационов для животных.""
              },
              {
                ""type"": ""br""
              },
              {
                ""type"": ""text"",
                ""content"": ""У нас большой выбор на любой вкус. Ваши питомцы останутся довольны.""
              },
              {
                ""type"": ""br""
              }
            ]
          }
        }
      ]
    },
    {
      ""widgetName"": ""raTextBlock"",
      ""title"": {
        ""items"": [
          {
            ""type"": ""text"",
            ""content"": ""Баранье легкое для собак""
          }
        ],
        ""size"": ""size7"",
        ""color"": ""color1"",
        ""align"": ""center""
      },
      ""theme"": ""tertiary"",
      ""padding"": ""type2"",
      ""gapSize"": ""s"",
      ""text"": {
        ""size"": ""size2"",
        ""align"": ""left"",
        ""color"": ""color1"",
        ""items"": [
          {
            ""type"": ""text"",
            ""content"": ""Ищете идеальное лакомство для вашего питомца?\r""
          },
          {
            ""type"": ""br""
          },
          {
            ""type"": ""text"",
            ""content"": ""\r""
          },
          {
            ""type"": ""br""
          },
          {
            ""type"": ""text"",
            ""content"": ""Познакомьтесь с бараньим легким от Shepherd – натуральным и вкусным угощением, которое порадует даже самых привередливых собак!\r""
          },
          {
            ""type"": ""br""
          },
          {
            ""type"": ""text"",
            ""content"": ""\r""
          },
          {
            ""type"": ""br""
          },
          {
            ""type"": ""text"",
            ""content"": ""Польза:\r""
          },
          {
            ""type"": ""br""
          },
          {
            ""type"": ""text"",
            ""content"": ""Гипоаллергенное. Отличный выбор для собак с чувствительным пищеварением - минимальная вероятность аллергических реакций.\r""
          },
          {
            ""type"": ""br""
          },
          {
            ""type"": ""text"",
            ""content"": ""Низкокалорийное. Идеально для контроля веса вашего питомца, помогает поддерживать здоровую физическую форму.\r""
          },
          {
            ""type"": ""br""
          },
          {
            ""type"": ""text"",
            ""content"": ""Богато белком. Высокое содержание качественного белка способствует укреплению мышечной массы и поддержанию здоровья.\r""
          },
          {
            ""type"": ""br""
          },
          {
            ""type"": ""text"",
            ""content"": ""Забота о зубах. Помогает в поддержании зубов и десен, снижая риск образования налета и улучшая гигиену полости рта.\r""
          },
          {
            ""type"": ""br""
          },
          {
            ""type"": ""text"",
            ""content"": ""100% натуральный продукт. Без искусственных консервантов и добавок, только чистое удовольствие для вашего четвероного друга!\r""
          },
          {
            ""type"": ""br""
          },
          {
            ""type"": ""text"",
            ""content"": ""\r""
          },
          {
            ""type"": ""br""
          },
          {
            ""type"": ""text"",
            ""content"": ""Откройте для себя мир вкусных лакомств!\r""
          },
          {
            ""type"": ""br""
          },
          {
            ""type"": ""text"",
            ""content"": ""\r""
          },
          {
            ""type"": ""br""
          },
          {
            ""type"": ""text"",
            ""content"": ""Мы рады пригласить вас в наш каталог! Заходите и откройте для себя разнообразие наших лакомств для собак. Пробуйте новые вкусы и радуйте своего питомца особыми угощениями!\r""
          },
          {
            ""type"": ""br""
          },
          {
            ""type"": ""text"",
            ""content"": ""\r""
          },
          {
            ""type"": ""br""
          },
          {
            ""type"": ""text"",
            ""content"": ""Почему стоит взять несколько вкусов?\r""
          },
          {
            ""type"": ""br""
          },
          {
            ""type"": ""text"",
            ""content"": ""Разнообразие. Ваш питомец забудет о скучных перекусах, если вы будете чередовать разные вкусы!\r""
          },
          {
            ""type"": ""br""
          },
          {
            ""type"": ""text"",
            ""content"": ""Эксперименты. Найдите тот самый любимый вкус, который станет хитом у вашего друга!\r""
          },
          {
            ""type"": ""br""
          },
          {
            ""type"": ""text"",
            ""content"": ""Соблюдение баланса. Разнообразие помогает обеспечить поступление всех необходимых витаминов и минералов.""
          }
        ]
      }
    },
    {
      ""widgetName"": ""raShowcase"",
      ""type"": ""chess"",
      ""blocks"": [
        {
          ""img"": {
            ""src"": ""https://cdn1.ozone.ru/s3/multimedia-1-u/7436848458.jpg"",
            ""srcMobile"": ""https://cdn1.ozone.ru/s3/multimedia-1-u/7436848458.jpg"",
            ""alt"": """",
            ""position"": ""to_the_edge"",
            ""positionMobile"": ""fill"",
            ""widthMobile"": 1680,
            ""heightMobile"": 1680
          },
          ""imgLink"": """",
          ""title"": {
            ""items"": [
              {
                ""type"": ""text"",
                ""content"": ""С любовью и заботой ""
              }
            ],
            ""size"": ""size6"",
            ""align"": ""center"",
            ""color"": ""color1""
          },
          ""text"": {
            ""size"": ""size2"",
            ""align"": ""center"",
            ""color"": ""color1"",
            ""items"": [
              {
                ""type"": ""text"",
                ""content"": ""Мы используем только качественное мясо и тщательно следим за стандартами, чтобы обеспечить здоровье ваших питомцев. Наши лакомства – это продукты, созданные с любовью и заботой.""
              }
            ]
          },
          ""reverse"": false
        },
        {
          ""img"": {
            ""src"": ""https://cdn1.ozone.ru/s3/multimedia-1-p/7435712833.jpg"",
            ""srcMobile"": ""https://cdn1.ozone.ru/s3/multimedia-1-p/7435712833.jpg"",
            ""alt"": """",
            ""position"": ""fill"",
            ""positionMobile"": ""fill"",
            ""widthMobile"": 866,
            ""heightMobile"": 831
          },
          ""imgLink"": """",
          ""title"": {
            ""items"": [
              {
                ""type"": ""text"",
                ""content"": ""Технология""
              }
            ],
            ""size"": ""size6"",
            ""align"": ""center"",
            ""color"": ""color1""
          },
          ""text"": {
            ""size"": ""size2"",
            ""align"": ""left"",
            ""color"": ""color1"",
            ""items"": [
              {
                ""type"": ""text"",
                ""content"": ""Мы производим натуральные лакомства и сбалансированные рационы для собак, не используя консерванты и химические добавки.""
              }
            ]
          },
          ""reverse"": true
        }
      ]
    }
  ],
  ""version"": 0.3
}",вкусняшки для собак;лакомства для собак;лакомство для собак;лакомства для собак мелких пород;лакомство для собак мелких пород;сушеное легкое для собак;лакомства для дрессировки собак;легкие для собак;баранина мясо;баранье легкое для собак;вкусняшки для собак мелких пород;лакомства для собак крупных пород;сушеное легкое;лакомство для дрессировки щенков;вкусняшки для собак мелких пород лакомства;лакомства для щенков мелких пород;сухое легкое для собак лакомство;сушеные легкие для собак;,группа 15,300 х 30 х 400,Вакуумная упаковка,лакомства для собак - 1 упаковка,"2309109000 - МАРКИРОВКА РФ - Прочий корм для собак или кошек, расфасованный для розничной продажи",Россия,Легкое;Палочки,Баранина,Твердые,,,,Мясо,,Крупный;Малый;Средний,При плохом аппетите,Без ГМО;Без ароматизаторов;Без вкусовых добавок,В сухом месте;Не подвергать воздействию прямого солнечного света,92,16.2,2.5,100% баранье лёгкое,Нет,,
34,SPRD-02235,Лакомство для собак бараний рубец мелкорубленый SHEPHERD TM 1000г,"5,517.00","7,881.00",Не облагается,Нет,Нет,,4680614022351,1020,400,50,400,https://cdn1.ozone.ru/s3/multimedia-q/6868481498.jpg,"https://cdn1.ozone.ru/s3/multimedia-1-g/7217761912.jpg
https://cdn1.ozone.ru/s3/multimedia-1-c/7217761908.jpg
https://cdn1.ozone.ru/s3/multimedia-1-j/7208702119.jpg
https://cdn1.ozone.ru/s3/multimedia-1-m/7209984514.jpg
https://cdn1.ozone.ru/s3/multimedia-j/6868481527.jpg
https://cdn1.ozone.ru/s3/multimedia-1-c/7210671384.jpg
https://cdn1.ozone.ru/s3/multimedia-p/6868481497.jpg
https://cdn1.ozone.ru/s3/multimedia-1-2/7210671446.jpg
https://cdn1.ozone.ru/s3/multimedia-h/6868481525.jpg
https://cdn1.ozone.ru/s3/multimedia-s/6868481500.jpg
https://cdn1.ozone.ru/s3/multimedia-d/6868481485.jpg
https://cdn1.ozone.ru/s3/multimedia-b/6868481519.jpg
https://cdn1.ozone.ru/s3/multimedia-m/6868481494.jpg
https://cdn1.ozone.ru/s3/multimedia-j/6868481491.jpg
https://cdn1.ozone.ru/s3/multimedia-t/6868481501.jpg
https://cdn1.ozone.ru/s3/multimedia-k/6868481528.jpg
https://cdn1.ozone.ru/s3/multimedia-g/6868481488.jpg
https://cdn1.ozone.ru/s3/multimedia-u/6868481502.jpg
https://cdn1.ozone.ru/s3/multimedia-r/6868481499.jpg
https://cdn1.ozone.ru/s3/multimedia-q/6868481534.jpg",,,SHEPHERD,Бараний рубец мелкорубленый,1000,,1,Лакомство,Для собак,365,Для пожилых;Для маленьких;Для взрослых,,"Бараний рубец мелкорубленый от SHEPHERD – это превосходное дополнение к рациону вашей собаки, которое сочетает в себе натуральность и высокую питательную ценность.<br/><br/> Польза:<br/><br/>- Улучшение пищеварения. Ферменты помогают улучшить работу пищеварительной системы и способствуют более эффективному перевариванию пищи, что особенно важно для собак с чувствительным желудком.<br/><br/>- Здоровая шерсть. Аминокислоты способствуют улучшению структуры шерсти, делая её более густой, блестящей и здоровой. Помогают поддерживать естественный барьер кожи, защищая её от внешних раздражителей и сухости.<br/><br/>- Витамин РР. Поддерживает здоровье кожи, нормализует работу нервной системы и способствует правильному обмену веществ, что делает вашего питомца более энергичным и жизнерадостным.<br/><br/>- Здоровые кости. Кальций, сера, магний, натрий и калий – все эти элементы поддерживают здоровье костей, зубов, мышц и внутренних органов, обеспечивая организм энергией и силой.<br/><br/>Выбирая продукты от SHEPHERD, вы заботитесь о долголетии и благополучии вашего четвероногого друга. Дайте своему питомцу всё самое лучшее!",,лакомства для собак;вкусняшки для собак;лакомство для собак;вкусняшки для собак мелких пород;лакомства для собак мелких пород;для собак лакомство;рубец;рубец для собак;лакомство для собак мелких;лакомство;баранина;лакомства для собак средних пород;вкусняшки для собак крупных пород;лакомства для собак крупных пород;молотый рубец для собак;рубец молотый для собак;бараний молотый рубец,группа 13,600х400х50,Вакуумная упаковка,,"2309109000 - МАРКИРОВКА РФ - Прочий корм для собак или кошек, расфасованный для розничной продажи",Россия,Рубец,Баранина,Твердые,,,,Мясо,,Крупный;Малый;Средний,Профилактика зубного налета,Без ГМО;Без ароматизаторов;Без вкусовых добавок,В сухом месте;Не подвергать воздействию прямого солнечного света,82,11.5,4,100% бараний рубец,Нет,,
35,SPRD-02268,Лакомство для собак филе куриной грудки SHEPHERD TM 500г,"4,163.00","5,947.00",Не облагается,Нет,Нет,,4680614022689,614,370,300,80,https://cdn1.ozone.ru/s3/multimedia-4/6841933492.jpg,"https://cdn1.ozone.ru/s3/multimedia-b/6841933499.jpg
https://cdn1.ozone.ru/s3/multimedia-7/6841933495.jpg
https://cdn1.ozone.ru/s3/multimedia-3/6841933491.jpg
https://cdn1.ozone.ru/s3/multimedia-9/6841933497.jpg
https://cdn1.ozone.ru/s3/multimedia-8/6841933496.jpg
https://cdn1.ozone.ru/s3/multimedia-c/6841933500.jpg
https://cdn1.ozone.ru/s3/multimedia-e/6850330682.jpg
https://cdn1.ozone.ru/s3/multimedia-6/6841933494.jpg
https://cdn1.ozone.ru/s3/multimedia-a/6841933498.jpg
https://cdn1.ozone.ru/s3/multimedia-5/6841933493.jpg",,,SHEPHERD,"Филе куриное, сушеное для собак, 100% натуральное.",500,1,1,Лакомство,Для собак,365,Для взрослых;Для маленьких;Для пожилых,,"Филе куриной грудки — один из наиболее доступных и диетических продуктов, который также обладает множеством полезных свойств для здоровья собак. Однако перед тем как добавить куриное мясо в рацион своего питомца, обязательно проконсультируйтесь с ветеринаром, чтобы исключить возможные аллергические реакции.<br/><br/>Польза:<ul><li>Высокое содержание белка. Курятина, особенно грудка, является источником высококачественного протеина, который необходим для поддержания мышечной массы, роста и восстановления тканей. Для активных собак или тех, кто находится на этапе роста, это особенно важно.</li><li>Натуральный состав. Продукция Shepherd известна своим натуральным составом. Сушеная куриная грудка не содержит искусственных добавок, красителей или консервантов. Это делает ее идеальным выбором для собак с чувствительным пищеварением или аллергией на химические компоненты.</li><li>Легкость переваривания. Куриное мясо считается легкоусвояемым продуктом, что помогает поддерживать здоровье желудочно-кишечного тракта собаки. Благодаря процессу сушки, лакомство сохраняет свои полезные свойства, но становится более удобным для хранения и использования.</li><li>Поддержка здоровья кожи и шерсти. Куриная грудка богата незаменимыми аминокислотами и жирными кислотами, которые способствуют здоровью кожи и шерсти вашей собаки.</li><li>Безопасность для зубов. В отличие от некоторых других видов лакомств, сушеная куриная грудка мягкая и не вызывает травм зубов или десен. Она также помогает поддерживать чистоту зубов за счет легкого механического воздействия при жевании.</li></ul>Сушеное лакомство из куриной грудки от Shepherd — это не только вкусное, но и полезное угощение для собак. Если вы заботитесь о своем питомце и хотите порадовать его натуральным лакомством, это продукт стоит попробовать!",,лакомство для собак;лакомства для собак;грудка куриная;лакомства для собак мелких пород;shepherd;лакомство для собак мелких пород;сушеные лакомства для собак;кость для собак большая;набор вкусняшек для собак;куриные грудки для собак,группа 3,400х300х40,Бумажный пакет;Вакуумная упаковка,,"2309109000 - МАРКИРОВКА РФ - Прочий корм для собак или кошек, расфасованный для розничной продажи",Россия,Филе;Кусочки;Ломтики,Курица,Хрустящие,,,,Мясо,,Крупный;Малый;Средний,С избыточным весом,Без ГМО;Без ароматизаторов;Без вкусовых добавок,В сухом месте;Не подвергать воздействию прямого солнечного света,360,39,23,100% куриная грудка,Нет,,
36,SPRD-02282,Перепелка целая для собак 500г SHEPHERD TM,"2,090.00","3,470.00",Не облагается,Нет,Нет,,4680614022825,515,30,300,300,https://cdn1.ozone.ru/s3/multimedia-1-n/6917377775.jpg,"https://cdn1.ozone.ru/s3/multimedia-1-w/6917377784.jpg
https://cdn1.ozone.ru/s3/multimedia-1-q/6917377778.jpg
https://cdn1.ozone.ru/s3/multimedia-1-s/6917377780.jpg
https://cdn1.ozone.ru/s3/multimedia-1-r/6917377779.jpg
https://cdn1.ozone.ru/s3/multimedia-1-x/6917377785.jpg
https://cdn1.ozone.ru/s3/multimedia-1-v/6917377783.jpg
https://cdn1.ozone.ru/s3/multimedia-1-1/6917377789.jpg
https://cdn1.ozone.ru/s3/multimedia-1-0/6917377788.jpg
https://cdn1.ozone.ru/s3/multimedia-1-z/6917377787.jpg
https://cdn1.ozone.ru/s3/multimedia-1-p/6917377777.jpg
https://cdn1.ozone.ru/s3/multimedia-1-u/6917377782.jpg
https://cdn1.ozone.ru/s3/multimedia-1-m/6917377774.jpg
https://cdn1.ozone.ru/s3/multimedia-1-y/6917377786.jpg
https://cdn1.ozone.ru/s3/multimedia-1-o/6917377776.jpg",,,SHEPHERD,Перепёлка целая,500,,1,Лакомство,Для собак,365,Для взрослых;Для маленьких;Для пожилых,,"Сушеное мясо перепёлок — это не просто вкусное дополнение к рациону вашего питомца, но и настоящая кладезь полезных веществ, которые поддерживают здоровье и активность вашего четвероногого друга.<br/><br/>Польза:<ul><li>Белок. Мясо перепелов богато белком высокой биологической ценности, который легко усваивается организмом собаки. В нем содержится множество незаменимых аминокислот, которые играют ключевую роль в строении мышц, поддержании их силы и эластичности.</li><li>Витамины. Кроме того, оно насыщено витаминами группы В (В1, В2, В6, В12) Эти витамины обеспечивают нормальный обмен веществ и повышают энергетический потенциал организма.</li><li>Микроэлементы. Фосфор, медь, калий, железо, цинк. Они служат для формирования и поддержания прочности скелета, а так же улучшают кожу и шерсть. Это особенно важно для щенков, которые активно растут, и для взрослых собак, которым нужно сохранять здоровье костей и зубов.</li></ul>Включив сушеное мясо перепелов в рацион вашего питомца, вы обеспечиваете его не только вкусным лакомством, но и комплексом необходимых питательных веществ.<br/><br/>Добавив этот ценный ингредиент в ежедневное меню вашей собаки, вы заметите положительные изменения в её внешнем виде и самочувствии!",,лакомства для собак;для собак;лакомства для собак мелких пород;лакомство для собак мелких пород;для собак лакомство;для собак мелких пород;лакомство для собак;вкусняшки для собак;лакомства для собак крупных пород;вкусняшки для собак средних пород;,группа 15,300Х30Х300,Вакуумная упаковка,лакомства для собак - 1 упаковка,"2309109000 - МАРКИРОВКА РФ - Прочий корм для собак или кошек, расфасованный для розничной продажи",Россия,Тушка,Перепел,Твердые,,,,Птица,,Крупный;Средний;Малый,Профилактика зубного налета;С избыточным весом;При плохом аппетите,Без ГМО;Без ароматизаторов;Без вкусовых добавок,В сухом месте;Не подвергать воздействию прямого солнечного света;При температуре от +4`С до +25`С,215,84,3,100 перепёлка,Нет,,
37,SPRD-02851,Перепелиные шейки 100г лакомства для собак SHEPHERD TM,495.00,585.00,Не облагается,Нет,Нет,,4680614028513,105,30,225,135,https://cdn1.ozone.ru/s3/multimedia-1-z/6938232695.jpg,"https://cdn1.ozone.ru/s3/multimedia-1-0/6938232624.jpg
https://cdn1.ozone.ru/s3/multimedia-1-n/6938232611.jpg
https://cdn1.ozone.ru/s3/multimedia-1-6/6938232594.jpg
https://cdn1.ozone.ru/s3/multimedia-1-o/6938232684.jpg
https://cdn1.ozone.ru/s3/multimedia-1-8/6938232668.jpg
https://cdn1.ozone.ru/s3/multimedia-1-w/6938232692.jpg
https://cdn1.ozone.ru/s3/multimedia-1-b/6938232707.jpg
https://cdn1.ozone.ru/s3/multimedia-1-7/6938232667.jpg
https://cdn1.ozone.ru/s3/multimedia-1-a/6938232670.jpg
https://cdn1.ozone.ru/s3/multimedia-1-t/6938232689.jpg",,,SHEPHERD,Перепелиные шейки,100,,1,Лакомство,Для собак,365,Для взрослых;Для маленьких;Для пожилых,,"Порадуйте своего питомца хрустящим лакомством — сушеными перепелиными шейками! Это не просто вкусное удовольствие для вашего любимца, но и забота о его здоровье. <br/><br/>Польза перепелиных лапок для вашего питомца:<br/><br/><ul><li>Мышечная масса. Лакомства из перепелиных лапок богаты высококачественным белком, который является основой для поддержания мышечной массы, здорового роста и общего благополучия вашего питомца. </li></ul><ul><li>Пищеварение. Наш продукт содержит натуральную клетчатку, которая помогает поддерживать нормальную работу желудочно-кишечного тракта. </li><li>Здоровье костей. В составе перепелиных лапок содержится необходимый минерал – кальций. Он играет ключевую роль в формировании и поддержании прочности костей и зубов, что особенно важно для щенков и взрослых собак.</li><li>Суставы. Перепелиные лапки богаты естественным коллагеном, который способствует здоровью суставов, кожи и шерсти вашего питомца. Коллаген помогает сохранить эластичность кожи и укрепить хрящевую ткань.</li></ul>Добавьте эти полезные лакомства в рацион вашего питомца, и вы заметите, как они поддерживают его здоровье, энергию и хорошее настроение! <br/><br/>Почему стоит взять несколько вкусов?<ul><li> Разнообразие. Ваш питомец забудет о скучных перекусах, если вы будете чередовать разные вкусы!</li><li>Эксперименты. Найдите тот самый любимый вкус, который станет хитом у вашего друга!</li><li> Соблюдение баланса. Разнообразие помогает обеспечить поступление всех необходимых витаминов и минералов.</li></ul>","{
  ""content"": [
    {
      ""widgetName"": ""raShowcase"",
      ""type"": ""billboard"",
      ""blocks"": [
        {
          ""imgLink"": ""https://www.ozon.ru/seller/shepherd-1468751/products/?miniapp=seller_1468751"",
          ""img"": {
            ""src"": ""https://cdn1.ozone.ru/s3/multimedia-1-5/7436651549.jpg"",
            ""srcMobile"": ""https://cdn1.ozone.ru/s3/multimedia-1-5/7436651549.jpg"",
            ""alt"": """",
            ""position"": ""width_one_third"",
            ""positionMobile"": ""width_full"",
            ""widthMobile"": 1182,
            ""heightMobile"": 1182
          },
          ""title"": {
            ""items"": [
              {
                ""type"": ""text"",
                ""content"": ""Shepherd TM""
              }
            ],
            ""size"": ""size7"",
            ""align"": ""center"",
            ""color"": ""color1""
          },
          ""text"": {
            ""size"": ""size2"",
            ""align"": ""center"",
            ""color"": ""color1"",
            ""items"": [
              {
                ""type"": ""text"",
                ""content"": ""Мы специализируемся на производстве\r""
              },
              {
                ""type"": ""br""
              },
              {
                ""type"": ""text"",
                ""content"": ""100% натуральных лакомств и сбалансированных рационов для животных.""
              },
              {
                ""type"": ""br""
              },
              {
                ""type"": ""text"",
                ""content"": ""У нас большой выбор на любой вкус. Ваши питомцы останутся довольны.""
              },
              {
                ""type"": ""br""
              }
            ]
          }
        }
      ]
    },
    {
      ""widgetName"": ""raTextBlock"",
      ""title"": {
        ""items"": [
          {
            ""type"": ""text"",
            ""content"": ""Перепелиные шейки  для собак""
          }
        ],
        ""size"": ""size6"",
        ""color"": ""color1"",
        ""align"": ""center""
      },
      ""theme"": ""tertiary"",
      ""padding"": ""type2"",
      ""gapSize"": ""s"",
      ""text"": {
        ""size"": ""size2"",
        ""align"": ""left"",
        ""color"": ""color1"",
        ""items"": [
          {
            ""type"": ""text"",
            ""content"": ""Порадуйте своего питомца хрустящим лакомством — сушеными перепелиными шейками! Это не просто вкусное удовольствие для вашего любимца, но и забота о его здоровье. \r""
          },
          {
            ""type"": ""br""
          },
          {
            ""type"": ""text"",
            ""content"": ""\r""
          },
          {
            ""type"": ""br""
          },
          {
            ""type"": ""text"",
            ""content"": ""Польза перепелиных лапок для вашего питомца:\r""
          },
          {
            ""type"": ""br""
          },
          {
            ""type"": ""text"",
            ""content"": ""\r""
          },
          {
            ""type"": ""br""
          },
          {
            ""type"": ""text"",
            ""content"": ""Мышечная масса. Лакомства из перепелиных лапок богаты высококачественным белком, который является основой для поддержания мышечной массы, здорового роста и общего благополучия вашего питомца. \r""
          },
          {
            ""type"": ""br""
          },
          {
            ""type"": ""text"",
            ""content"": ""Пищеварение. Наш продукт содержит натуральную клетчатку, которая помогает поддерживать нормальную работу желудочно-кишечного тракта. \r""
          },
          {
            ""type"": ""br""
          },
          {
            ""type"": ""text"",
            ""content"": ""Здоровье костей. В составе перепелиных лапок содержится необходимый минерал – кальций. Он играет ключевую роль в формировании и поддержании прочности костей и зубов, что особенно важно для щенков и взрослых собак.\r""
          },
          {
            ""type"": ""br""
          },
          {
            ""type"": ""text"",
            ""content"": ""Суставы. Перепелиные лапки богаты естественным коллагеном, который способствует здоровью суставов, кожи и шерсти вашего питомца. Коллаген помогает сохранить эластичность кожи и укрепить хрящевую ткань.\r""
          },
          {
            ""type"": ""br""
          },
          {
            ""type"": ""text"",
            ""content"": ""Добавьте эти полезные лакомства в рацион вашего питомца, и вы заметите, как они поддерживают его здоровье, энергию и хорошее настроение! \r""
          },
          {
            ""type"": ""br""
          },
          {
            ""type"": ""text"",
            ""content"": ""\r""
          },
          {
            ""type"": ""br""
          },
          {
            ""type"": ""text"",
            ""content"": ""Почему стоит взять несколько вкусов?\r""
          },
          {
            ""type"": ""br""
          },
          {
            ""type"": ""text"",
            ""content"": "" Разнообразие. Ваш питомец забудет о скучных перекусах, если вы будете чередовать разные вкусы!\r""
          },
          {
            ""type"": ""br""
          },
          {
            ""type"": ""text"",
            ""content"": ""Эксперименты. Найдите тот самый любимый вкус, который станет хитом у вашего друга!\r""
          },
          {
            ""type"": ""br""
          },
          {
            ""type"": ""text"",
            ""content"": "" Соблюдение баланса. Разнообразие помогает обеспечить поступление всех необходимых витаминов и минералов.\r""
          },
          {
            ""type"": ""br""
          },
          {
            ""type"": ""text"",
            ""content"": ""Состав""
          }
        ]
      }
    },
    {
      ""widgetName"": ""raShowcase"",
      ""type"": ""chess"",
      ""blocks"": [
        {
          ""img"": {
            ""src"": ""https://cdn1.ozone.ru/s3/multimedia-1-1/7439581873.jpg"",
            ""srcMobile"": ""https://cdn1.ozone.ru/s3/multimedia-1-1/7439581873.jpg"",
            ""alt"": """",
            ""position"": ""to_the_edge"",
            ""positionMobile"": ""fill"",
            ""widthMobile"": 1680,
            ""heightMobile"": 1680
          },
          ""imgLink"": """",
          ""title"": {
            ""items"": [
              {
                ""type"": ""text"",
                ""content"": ""С любовью и заботой ""
              }
            ],
            ""size"": ""size6"",
            ""align"": ""center"",
            ""color"": ""color1""
          },
          ""text"": {
            ""size"": ""size2"",
            ""align"": ""center"",
            ""color"": ""color1"",
            ""items"": [
              {
                ""type"": ""text"",
                ""content"": ""Мы используем только качественное мясо и тщательно следим за стандартами, чтобы обеспечить здоровье ваших питомцев. Наши лакомства – это продукты, созданные с любовью и заботой.""
              }
            ]
          },
          ""reverse"": false
        },
        {
          ""img"": {
            ""src"": ""https://cdn1.ozone.ru/s3/multimedia-1-p/7435712833.jpg"",
            ""srcMobile"": ""https://cdn1.ozone.ru/s3/multimedia-1-p/7435712833.jpg"",
            ""alt"": """",
            ""position"": ""fill"",
            ""positionMobile"": ""fill"",
            ""widthMobile"": 866,
            ""heightMobile"": 831
          },
          ""imgLink"": """",
          ""title"": {
            ""items"": [
              {
                ""type"": ""text"",
                ""content"": ""Технология""
              }
            ],
            ""size"": ""size6"",
            ""align"": ""center"",
            ""color"": ""color1""
          },
          ""text"": {
            ""size"": ""size2"",
            ""align"": ""left"",
            ""color"": ""color1"",
            ""items"": [
              {
                ""type"": ""text"",
                ""content"": ""Мы производим натуральные лакомства и сбалансированные рационы для собак, не используя консерванты и химические добавки.""
              }
            ]
          },
          ""reverse"": true
        }
      ]
    }
  ],
  ""version"": 0.3
}",лакомства для собак;для собак;лакомства для собак мелких пород;лакомство для собак мелких пород;для собак лакомство;для собак мелких пород;лакомство для собак;вкусняшки для собак;лакомства для собак крупных пород;вкусняшки для собак средних пород;,группа 14,135х30х225,Вакуумная упаковка;Дой-пак,лакомства для собак - 1 упаковка,"2309109000 - МАРКИРОВКА РФ - Прочий корм для собак или кошек, расфасованный для розничной продажи",Россия,Шейка,Перепел,Твердые,,,,Птица,,Крупный;Малый;Средний,Профилактика зубного налета,Без ГМО;Без вкусовых добавок;Без ароматизаторов,В сухом месте;Не подвергать воздействию прямого солнечного света;При температуре от +4`С до +25`С,277,12.2,25,100% перепелиные шейки,Нет,,
38,SPRD-02452,Уши кролика натуральные 100г,846.00,"1,208.00",Не облагается,Нет,Нет,,4680614024522,105,160,30,250,https://cdn1.ozone.ru/s3/multimedia-q/6834981842.jpg,"https://cdn1.ozone.ru/s3/multimedia-p/6834981841.jpg
https://cdn1.ozone.ru/s3/multimedia-1/6834995785.jpg
https://cdn1.ozone.ru/s3/multimedia-o/6834981840.jpg
https://cdn1.ozone.ru/s3/multimedia-s/6834995776.jpg
https://cdn1.ozone.ru/s3/multimedia-u/6834981846.jpg
https://cdn1.ozone.ru/s3/multimedia-u/6834995814.jpg
https://cdn1.ozone.ru/s3/multimedia-r/6834995775.jpg",,,SHEPHERD,"Ушки кролика, натуральное сушёное для собак.",100,1,1,Лакомство,Для собак,360,Для взрослых;Для маленьких;Для пожилых,,"Кроличьи уши — это не просто вкусняшки для собак, а настоящие деревенские лакомства, которые сочетают в себе натуральность и пользу. При изготовлении используется высококачественное мяса кролика, которое идеально подходит для питомцев всех возрастов и пород.<br/><br/>Польза:<ul><li>Витамины. Кроличьи уши содержат множество витаминов, таких как витамин С, группа витаминов В (включая витамин B3 — никотиновую кислоту), витамин РР, витамин А и витамин Е. Все эти витамины положительно влияют на общее состояние здоровья собаки, поддерживают иммунную систему и способствуют нормальному функционированию организма.</li><li>Минералы. В составе этих полезных лакомств для собак присутствуют важные минералы: железо, кобальт, фтор, фосфор, калий и марганец. Эти элементы играют ключевую роль в обмене веществ, помогают поддерживать здоровье костей, зубов, мышц и нервной системы вашего питомца.</li><li>100% натуральный продукт. Наши кроличьи уши — это 100% натуральные лакомства для собак, не содержащие искусственных добавок, красителей или консервантов. Они являются безопасным и здоровым дополнением к основному рациону вашего питомца.</li></ul>Кроличьи уши — это полноценное питательное удовольствие, которое заботится о здоровье вашего питомца. <br/><br/>Позвольте вашей собаке насладиться этими полезными лакомствами и поддержать ее активность и здоровье вместе с SHEPHERD!","{
  ""content"": [
    {
      ""widgetName"": ""raShowcase"",
      ""type"": ""billboard"",
      ""blocks"": [
        {
          ""imgLink"": ""https://www.ozon.ru/seller/shepherd-1468751/products/?miniapp=seller_1468751"",
          ""img"": {
            ""src"": ""https://cdn1.ozone.ru/s3/multimedia-1-n/7436528159.jpg"",
            ""srcMobile"": ""https://cdn1.ozone.ru/s3/multimedia-1-n/7436528159.jpg"",
            ""alt"": """",
            ""position"": ""width_one_third"",
            ""positionMobile"": ""width_full"",
            ""widthMobile"": 1182,
            ""heightMobile"": 1182
          },
          ""title"": {
            ""items"": [
              {
                ""type"": ""text"",
                ""content"": ""Shepherd TM""
              }
            ],
            ""size"": ""size7"",
            ""align"": ""center"",
            ""color"": ""color1""
          },
          ""text"": {
            ""size"": ""size2"",
            ""align"": ""center"",
            ""color"": ""color1"",
            ""items"": [
              {
                ""type"": ""text"",
                ""content"": ""Мы специализируемся на производстве\r""
              },
              {
                ""type"": ""br""
              },
              {
                ""type"": ""text"",
                ""content"": ""100% натуральных лакомств и сбалансированных рационов для животных.""
              },
              {
                ""type"": ""br""
              },
              {
                ""type"": ""text"",
                ""content"": ""У нас большой выбор на любой вкус. Ваши питомцы останутся довольны.""
              },
              {
                ""type"": ""br""
              }
            ]
          }
        }
      ]
    },
    {
      ""widgetName"": ""raTextBlock"",
      ""title"": {
        ""items"": [
          {
            ""type"": ""text"",
            ""content"": ""Ушки кролика для собак""
          }
        ],
        ""size"": ""size7"",
        ""color"": ""color1"",
        ""align"": ""center""
      },
      ""theme"": ""tertiary"",
      ""padding"": ""type2"",
      ""gapSize"": ""s"",
      ""text"": {
        ""size"": ""size2"",
        ""align"": ""left"",
        ""color"": ""color1"",
        ""items"": [
          {
            ""type"": ""text"",
            ""content"": ""Кроличьи уши — это не просто вкусняшки для собак, а настоящие деревенские лакомства, которые сочетают в себе натуральность и пользу. При изготовлении используется высококачественное мяса кролика, которое идеально подходит для питомцев всех возрастов и пород.\r""
          },
          {
            ""type"": ""br""
          },
          {
            ""type"": ""text"",
            ""content"": ""\r""
          },
          {
            ""type"": ""br""
          },
          {
            ""type"": ""text"",
            ""content"": ""Польза:\r""
          },
          {
            ""type"": ""br""
          },
          {
            ""type"": ""text"",
            ""content"": ""Витамины. Кроличьи уши содержат множество витаминов, таких как витамин С, группа витаминов В (включая витамин B3 — никотиновую кислоту), витамин РР, витамин А и витамин Е. Все эти витамины положительно влияют на общее состояние здоровья собаки, поддерживают иммунную систему и способствуют нормальному функционированию организма.\r""
          },
          {
            ""type"": ""br""
          },
          {
            ""type"": ""text"",
            ""content"": ""Минералы. В составе этих полезных лакомств для собак присутствуют важные минералы: железо, кобальт, фтор, фосфор, калий и марганец. Эти элементы играют ключевую роль в обмене веществ, помогают поддерживать здоровье костей, зубов, мышц и нервной системы вашего питомца.\r""
          },
          {
            ""type"": ""br""
          },
          {
            ""type"": ""text"",
            ""content"": ""100% натуральный продукт. Наши кроличьи уши — это 100% натуральные лакомства для собак, не содержащие искусственных добавок, красителей или консервантов. Они являются безопасным и здоровым дополнением к основному рациону вашего питомца.\r""
          },
          {
            ""type"": ""br""
          },
          {
            ""type"": ""text"",
            ""content"": ""Кроличьи уши — это полноценное питательное удовольствие, которое заботится о здоровье вашего питомца. \r""
          },
          {
            ""type"": ""br""
          },
          {
            ""type"": ""text"",
            ""content"": ""\r""
          },
          {
            ""type"": ""br""
          },
          {
            ""type"": ""text"",
            ""content"": ""Позвольте вашей собаке насладиться этими полезными лакомствами и поддержать ее активность и здоровье вместе с SHEPHERD!""
          }
        ]
      }
    },
    {
      ""widgetName"": ""raShowcase"",
      ""type"": ""chess"",
      ""blocks"": [
        {
          ""img"": {
            ""src"": ""https://cdn1.ozone.ru/s3/multimedia-1-f/7439590023.jpg"",
            ""srcMobile"": ""https://cdn1.ozone.ru/s3/multimedia-1-f/7439590023.jpg"",
            ""alt"": """",
            ""position"": ""to_the_edge"",
            ""positionMobile"": ""fill"",
            ""widthMobile"": 1680,
            ""heightMobile"": 1680
          },
          ""imgLink"": """",
          ""title"": {
            ""items"": [
              {
                ""type"": ""text"",
                ""content"": ""С любовью и заботой ""
              }
            ],
            ""size"": ""size6"",
            ""align"": ""center"",
            ""color"": ""color1""
          },
          ""text"": {
            ""size"": ""size2"",
            ""align"": ""center"",
            ""color"": ""color1"",
            ""items"": [
              {
                ""type"": ""text"",
                ""content"": ""Мы используем только качественное мясо и тщательно следим за стандартами, чтобы обеспечить здоровье ваших питомцев. Наши лакомства – это продукты, созданные с любовью и заботой.""
              }
            ]
          },
          ""reverse"": false
        },
        {
          ""img"": {
            ""src"": ""https://cdn1.ozone.ru/s3/multimedia-1-p/7435712833.jpg"",
            ""srcMobile"": ""https://cdn1.ozone.ru/s3/multimedia-1-p/7435712833.jpg"",
            ""alt"": """",
            ""position"": ""fill"",
            ""positionMobile"": ""fill"",
            ""widthMobile"": 866,
            ""heightMobile"": 831
          },
          ""imgLink"": """",
          ""title"": {
            ""items"": [
              {
                ""type"": ""text"",
                ""content"": ""Технология""
              }
            ],
            ""size"": ""size6"",
            ""align"": ""center"",
            ""color"": ""color1""
          },
          ""text"": {
            ""size"": ""size2"",
            ""align"": ""left"",
            ""color"": ""color1"",
            ""items"": [
              {
                ""type"": ""text"",
                ""content"": ""Мы производим натуральные лакомства и сбалансированные рационы для собак, не используя консерванты и химические добавки.""
              }
            ]
          },
          ""reverse"": true
        }
      ]
    }
  ],
  ""version"": 0.3
}",собачьи лакомства;лакомства для собак;лакомство для собак;для собак;деревенские лакомства для собак;лакомства для собак мелких пород;вкусняшки для собак;полезные лакомства для собак;,группа 14,250х160х30,Вакуумная упаковка,,"2309109000 - МАРКИРОВКА РФ - Прочий корм для собак или кошек, расфасованный для розничной продажи",Россия,Ушки,Кролик,Твердые,,,,Мясо,,Крупный;Малый;Средний,Профилактика зубного налета,Без ГМО;Без ароматизаторов;Без вкусовых добавок,В сухом месте;Не подвергать воздействию прямого солнечного света;При температуре до +24`C,364,67.6,10.4,100% ушки кролика,Нет,,
39,SPRD-02251,Бараний корень(бибер) 500г лакомство для собак SHEPHERD TM,"5,370.00","7,671.00",Не облагается,Нет,Нет,,4680614022511,518,209,78,295,https://cdn1.ozone.ru/s3/multimedia-1-k/7721490080.jpg,"https://cdn1.ozone.ru/s3/multimedia-1-t/7286334257.jpg
https://cdn1.ozone.ru/s3/multimedia-1-o/7286334252.jpg
https://cdn1.ozone.ru/s3/multimedia-1-k/7286334248.jpg
https://cdn1.ozone.ru/s3/multimedia-1-g/7254402892.jpg
https://cdn1.ozone.ru/s3/multimedia-1-r/7254402939.jpg
https://cdn1.ozone.ru/s3/multimedia-1-p/7286334253.jpg
https://cdn1.ozone.ru/s3/multimedia-1-n/7254402899.jpg
https://cdn1.ozone.ru/s3/multimedia-1-p/7254402937.jpg
https://cdn1.ozone.ru/s3/multimedia-1-f/7254402891.jpg
https://cdn1.ozone.ru/s3/multimedia-1-q/7286334254.jpg
https://cdn1.ozone.ru/s3/multimedia-1-w/7286334260.jpg
https://cdn1.ozone.ru/s3/multimedia-1-0/7286334264.jpg
https://cdn1.ozone.ru/s3/multimedia-1-r/7286334255.jpg
https://cdn1.ozone.ru/s3/multimedia-1-m/7286334250.jpg
https://cdn1.ozone.ru/s3/multimedia-1-l/7286334249.jpg
https://cdn1.ozone.ru/s3/multimedia-1-u/7286334258.jpg
https://cdn1.ozone.ru/s3/multimedia-1-s/7286334256.jpg
https://cdn1.ozone.ru/s3/multimedia-1-v/7286334259.jpg
https://cdn1.ozone.ru/s3/multimedia-1-n/7286334251.jpg
https://cdn1.ozone.ru/s3/multimedia-1-y/7286334262.jpg
https://cdn1.ozone.ru/s3/multimedia-1-z/7286334263.jpg
https://cdn1.ozone.ru/s3/multimedia-1-x/7286334261.jpg",,,SHEPHERD,"Бараний бибер (корень), сушеное для собак, 100% натуральное.",500,1,1,Лакомство,Для собак,365,Для взрослых;Для маленьких;Для пожилых,#лакомствадлясобак #вкусняшкидлясобак #длясреднихпород #баранийкореньдлясобак #бараньелёгкоедлясобак #shepherd,"Ищете идеальное лакомство для своей собаки? <br/><br/>Познакомьтесь с бараний корень от Shepherd – уникальное, 100% натуральное угощение, которое обязательно понравится вашему четвероногому другу!<br/><br/>Польза:<ul><li>100% натуральный состав. Лакомство не содержит искусственных красителей, консервантов или ароматизаторов, что гарантирует безопасность и высокое качество питания.</li><li>Высокое содержание белка. Помогает поддерживать здоровье и активность, способствуя развитию сильных и здоровых мышц.</li><li>Аминокислоты и микроэлементы. Улучшают обмен веществ и общее состояние здоровья вашей собаки.</li><li>Поддержка жевательной функции. Натуральная текстура помогает сохранить здоровье зубов и десен, что особенно важно для крупных пород.<br/><br/>Не упустите возможность сделать лакомства ещё более интересными! Заходите в наш каталог, выбирайте и экспериментируйте с новыми вкусами для вашего четвероного друга!</li></ul>","{
  ""content"": [
    {
      ""widgetName"": ""raShowcase"",
      ""type"": ""billboard"",
      ""blocks"": [
        {
          ""imgLink"": ""https://www.ozon.ru/seller/shepherd-1468751/products/?miniapp=seller_1468751"",
          ""img"": {
            ""src"": ""https://cdn1.ozone.ru/s3/multimedia-1-w/7552781528.jpg"",
            ""srcMobile"": ""https://cdn1.ozone.ru/s3/multimedia-1-w/7552781528.jpg"",
            ""alt"": """",
            ""position"": ""width_one_third"",
            ""positionMobile"": ""width_full"",
            ""widthMobile"": 1182,
            ""heightMobile"": 1182
          },
          ""title"": {
            ""items"": [
              {
                ""type"": ""text"",
                ""content"": ""Shepherd TM""
              }
            ],
            ""size"": ""size7"",
            ""align"": ""center"",
            ""color"": ""color1""
          },
          ""text"": {
            ""size"": ""size2"",
            ""align"": ""center"",
            ""color"": ""color1"",
            ""items"": [
              {
                ""type"": ""text"",
                ""content"": ""Мы специализируемся на производстве\r""
              },
              {
                ""type"": ""br""
              },
              {
                ""type"": ""text"",
                ""content"": ""100% натуральных лакомств и сбалансированных рационов для животных.""
              },
              {
                ""type"": ""br""
              },
              {
                ""type"": ""text"",
                ""content"": ""У нас большой выбор на любой вкус. Ваши питомцы останутся довольны.""
              },
              {
                ""type"": ""br""
              }
            ]
          }
        }
      ]
    },
    {
      ""widgetName"": ""raTextBlock"",
      ""title"": {
        ""items"": [
          {
            ""type"": ""text"",
            ""content"": ""Бараний корень(бибер) для собак""
          }
        ],
        ""size"": ""size5"",
        ""color"": ""color1"",
        ""align"": ""center""
      },
      ""theme"": ""tertiary"",
      ""padding"": ""type2"",
      ""gapSize"": ""s"",
      ""text"": {
        ""size"": ""size2"",
        ""align"": ""left"",
        ""color"": ""color1"",
        ""items"": [
          {
            ""type"": ""text"",
            ""content"": ""Ищете идеальное лакомство для своей собаки? \r""
          },
          {
            ""type"": ""br""
          },
          {
            ""type"": ""text"",
            ""content"": ""\r""
          },
          {
            ""type"": ""br""
          },
          {
            ""type"": ""text"",
            ""content"": ""Бараний корень для собак от Shepherd – уникальное, 100% натуральное угощение, которое обязательно понравится вашему четвероногому другу!\r""
          },
          {
            ""type"": ""br""
          },
          {
            ""type"": ""text"",
            ""content"": ""\r""
          },
          {
            ""type"": ""br""
          },
          {
            ""type"": ""text"",
            ""content"": ""Польза:\r""
          },
          {
            ""type"": ""br""
          },
          {
            ""type"": ""text"",
            ""content"": ""100% натуральный состав. Лакомство не содержит искусственных красителей, консервантов или ароматизаторов, что гарантирует безопасность и высокое качество питания.\r""
          },
          {
            ""type"": ""br""
          },
          {
            ""type"": ""text"",
            ""content"": ""Высокое содержание белка. Помогает поддерживать здоровье и активность, способствуя развитию сильных и здоровых мышц.\r""
          },
          {
            ""type"": ""br""
          },
          {
            ""type"": ""text"",
            ""content"": ""Аминокислоты и микроэлементы. Улучшают обмен веществ и общее состояние здоровья вашей собаки.\r""
          },
          {
            ""type"": ""br""
          },
          {
            ""type"": ""text"",
            ""content"": ""Поддержка жевательной функции. Натуральная текстура помогает сохранить здоровье зубов и десен, что особенно важно для крупных пород.\r""
          },
          {
            ""type"": ""br""
          },
          {
            ""type"": ""text"",
            ""content"": ""\r""
          },
          {
            ""type"": ""br""
          },
          {
            ""type"": ""text"",
            ""content"": ""Не упустите возможность сделать лакомства ещё более интересными! Заходите в наш каталог, выбирайте и экспериментируйте с новыми вкусами снеков для вашего четвероного друга!""
          }
        ]
      }
    },
    {
      ""widgetName"": ""raShowcase"",
      ""type"": ""chess"",
      ""blocks"": [
        {
          ""img"": {
            ""src"": ""https://cdn1.ozone.ru/s3/multimedia-1-u/7286334258.jpg"",
            ""srcMobile"": ""https://cdn1.ozone.ru/s3/multimedia-1-o/7286334252.jpg"",
            ""alt"": """",
            ""position"": ""to_the_edge"",
            ""positionMobile"": ""fill"",
            ""widthMobile"": 1200,
            ""heightMobile"": 1600
          },
          ""imgLink"": """",
          ""title"": {
            ""items"": [
              {
                ""type"": ""text"",
                ""content"": ""С любовью и заботой ""
              }
            ],
            ""size"": ""size6"",
            ""align"": ""center"",
            ""color"": ""color1""
          },
          ""text"": {
            ""size"": ""size2"",
            ""align"": ""center"",
            ""color"": ""color1"",
            ""items"": [
              {
                ""type"": ""text"",
                ""content"": ""Мы используем только качественное мясо и тщательно следим за стандартами, чтобы обеспечить здоровье ваших питомцев. Наши лакомства – это продукты, созданные с любовью и заботой.""
              }
            ]
          },
          ""reverse"": false
        },
        {
          ""img"": {
            ""src"": ""https://cdn1.ozone.ru/s3/multimedia-1-m/7552781518.jpg"",
            ""srcMobile"": ""https://cdn1.ozone.ru/s3/multimedia-1-m/7552781518.jpg"",
            ""alt"": """",
            ""position"": ""fill"",
            ""positionMobile"": ""fill"",
            ""widthMobile"": 1200,
            ""heightMobile"": 1600
          },
          ""imgLink"": """",
          ""title"": {
            ""items"": [
              {
                ""type"": ""text"",
                ""content"": ""Технология""
              }
            ],
            ""size"": ""size6"",
            ""align"": ""center"",
            ""color"": ""color1""
          },
          ""text"": {
            ""size"": ""size2"",
            ""align"": ""left"",
            ""color"": ""color1"",
            ""items"": [
              {
                ""type"": ""text"",
                ""content"": ""Мы производим натуральные лакомства и сбалансированные рационы для собак, не используя консерванты и химические добавки.""
              }
            ]
          },
          ""reverse"": true
        }
      ]
    }
  ],
  ""version"": 0.3
}",бараний корень;бараний корень для собак;лакомства для собак крупных пород;бараний корень для собак;лакомства для собак;для собак;бычий корень для собак;бычий корень для собак мелких пород;лакомства для собак мелких пород натуральные;лакомства для дрессировки собак;,группа 16,120 х 20 х 420,Вакуумная упаковка,,"2309109000 - МАРКИРОВКА РФ - Прочий корм для собак или кошек, расфасованный для розничной продажи",Россия,Корень;Палочки,Баранина,Твердые,,,,Мясо,,Крупный;Малый;Средний,Профилактика зубного налета,Без ароматизаторов;Без вкусовых добавок;Без ГМО,В сухом темном месте;Не подвергать воздействию прямого солнечного света,336,72.4,8.5,100% бараний бибер (корень),Нет,,
40,SPRD-02841,Лакомство для собак хрящ говяжий для собак 250г SHEPHERD TM,"1,036.00","1,480.00",Не облагается,Нет,Нет,,4680614028414,260,200,300,400,https://cdn1.ozone.ru/s3/multimedia-1-a/7268681674.jpg,"https://cdn1.ozone.ru/s3/multimedia-1-f/7268681679.jpg
https://cdn1.ozone.ru/s3/multimedia-1-h/7268681681.jpg
https://cdn1.ozone.ru/s3/multimedia-1-j/7268681683.jpg
https://cdn1.ozone.ru/s3/multimedia-1-l/7246224453.jpg
https://cdn1.ozone.ru/s3/multimedia-1-b/7268681675.jpg
https://cdn1.ozone.ru/s3/multimedia-1-x/7246224465.jpg
https://cdn1.ozone.ru/s3/multimedia-1-h/7246224485.jpg
https://cdn1.ozone.ru/s3/multimedia-1-m/7246224454.jpg
https://cdn1.ozone.ru/s3/multimedia-1-g/7268681680.jpg
https://cdn1.ozone.ru/s3/multimedia-1-2/7246224470.jpg
https://cdn1.ozone.ru/s3/multimedia-1-p/7246224457.jpg
https://cdn1.ozone.ru/s3/multimedia-1-5/7268681669.jpg
https://cdn1.ozone.ru/s3/multimedia-1-0/7268681664.jpg
https://cdn1.ozone.ru/s3/multimedia-1-d/7268681677.jpg
https://cdn1.ozone.ru/s3/multimedia-1-9/7268681673.jpg
https://cdn1.ozone.ru/s3/multimedia-1-c/7268681676.jpg
https://cdn1.ozone.ru/s3/multimedia-1-8/7268681672.jpg
https://cdn1.ozone.ru/s3/multimedia-1-6/7268681670.jpg
https://cdn1.ozone.ru/s3/multimedia-1-7/7268681671.jpg
https://cdn1.ozone.ru/s3/multimedia-1-4/7268681668.jpg
https://cdn1.ozone.ru/s3/multimedia-1-i/7268681682.jpg",,,SHEPHERD,Лопаточный хрящ,249,1,1,Лакомство,Для собак,365,Для взрослых;Для маленьких;Для пожилых,#лакомствадлясобак #вкусняшкидлясобак #длясреднихпород #хрящдлясобак #бараньелёгкоедлясобак #shepherd,"«Лакомства для собак, которые занимают не на один укус!»<br/><br/>Натуральные лопаточные хрящи — это не только вкусное, но и полезное лакомство, способствующее здоровью вашего питомца. Обеспечьте ему энергичность и подвижность, добавив этот снек для собак в рацион!<ul><li>Натуральный источник питания. Хрящ говяжий для собак 100% натуральный продукт. Ваш питомец получает только качественные ингредиенты.</li></ul><ul><li>Поддержка суставов. Состав хрящей богат хондроитином, коллагеном и глюкозамином, что улучшает подвижность и гибкость суставов у активных и пожилых собак.</li></ul><ul><li>Развитие жевательного аппарата. Хрящи для собак способствуют правильному развитию зубов и десен у щенков и молодых собак, формируя здоровые привычки жевания.</li><li>Укрепление костей. Содержит много кальция для укрепления костной системы, особенно важно для растущих и пожилых собак.</li></ul>Почему стоит взять несколько вкусов?<ul><li> Разнообразие. Ваш питомец забудет о скучных перекусах, если вы будете чередовать разные вкусы!</li><li>Эксперименты. Найдите тот самый любимый вкус, который станет хитом у вашего друга!</li><li> Соблюдение баланса. Разнообразие помогает обеспечить поступление всех необходимых витаминов и минералов.</li></ul>",,лакомства для собак;для собак;лакомства для собак мелких пород;лакомство для собак мелких пород;для собак лакомство;для собак мелких пород;лакомство для собак;вкусняшки для собак;лакомства для собак крупных пород;вкусняшки для собак средних пород;,группа 5,400х200х30,Вакуумная упаковка,лакомства для собак - 1 упаковка,"2309109000 - МАРКИРОВКА РФ - Прочий корм для собак или кошек, расфасованный для розничной продажи",Россия,Хрящ,Говядина,Твердые,,,,Мясо,,Крупный;Малый;Средний,Профилактика зубного налета,Без ГМО;Без ароматизаторов;Без вкусовых добавок,В сухом месте;Не подвергать воздействию прямого солнечного света,383,54.9,18.1,100% лопаточный хрящ,Нет,,
41,SPRD-02451,Баранье легкое для собак 100г палочки SHEPHERD TM,700.00,"1,000.00",Не облагается,Нет,Нет,,4680614024515;4680614024607,109,20,245,160,https://cdn1.ozone.ru/s3/multimedia-1-w/7254411656.jpg,"https://cdn1.ozone.ru/s3/multimedia-1-8/7254411452.jpg
https://cdn1.ozone.ru/s3/multimedia-1-u/7254411510.jpg
https://cdn1.ozone.ru/s3/multimedia-1-g/7254402892.jpg
https://cdn1.ozone.ru/s3/multimedia-1-h/7254411569.jpg
https://cdn1.ozone.ru/s3/multimedia-1-d/7254411601.jpg
https://cdn1.ozone.ru/s3/multimedia-1-c/7254411600.jpg
https://cdn1.ozone.ru/s3/multimedia-1-r/7254411543.jpg
https://cdn1.ozone.ru/s3/multimedia-1-b/7254411599.jpg
https://cdn1.ozone.ru/s3/multimedia-1-l/7254411501.jpg
https://cdn1.ozone.ru/s3/multimedia-1-r/7254402939.jpg
https://cdn1.ozone.ru/s3/multimedia-1-n/7254402899.jpg
https://cdn1.ozone.ru/s3/multimedia-1-p/7254402937.jpg
https://cdn1.ozone.ru/s3/multimedia-1-f/7254402891.jpg
https://cdn1.ozone.ru/s3/multimedia-1-y/7254402982.jpg
https://cdn1.ozone.ru/s3/multimedia-1-w/7254411584.jpg
https://cdn1.ozone.ru/s3/multimedia-1-s/7254411616.jpg
https://cdn1.ozone.ru/s3/multimedia-1-k/7254411608.jpg
https://cdn1.ozone.ru/s3/multimedia-1-2/7254411554.jpg
https://cdn1.ozone.ru/s3/multimedia-1-k/7254411500.jpg",,,SHEPHERD,Легкое,101,1,1,Лакомство,Для собак,365,Для взрослых;Для маленьких;Для пожилых,#лакомствадлясобак #вкусняшкидлясобак #длясреднихпород #бычийкореньдлясобак #бараньелёгкоедлясобак #shepherd,"Ищете идеальное лакомство для вашего питомца?<br/><br/>Познакомьтесь с бараньим легким от Shepherd – натуральным и вкусным угощением, которое порадует даже самых привередливых собак!<br/><br/>Польза:<ul><li>Гипоаллергенное. Отличный выбор для собак с чувствительным пищеварением - минимальная вероятность аллергических реакций.</li><li>Низкокалорийное. Идеально для контроля веса вашего питомца, помогает поддерживать здоровую физическую форму.</li><li>Богато белком. Высокое содержание качественного белка способствует укреплению мышечной массы и поддержанию здоровья.</li><li>Забота о зубах. Помогает в поддержании зубов и десен, снижая риск образования налета и улучшая гигиену полости рта.</li><li>100% натуральный продукт. Без искусственных консервантов и добавок, только чистое удовольствие для вашего четвероного друга!<br/><br/>Откройте для себя мир вкусных лакомств!<br/><br/>Мы рады пригласить вас в наш каталог! Заходите и откройте для себя разнообразие наших лакомств для собак. Пробуйте новые вкусы и радуйте своего питомца особыми угощениями!<br/><br/>Почему стоит взять несколько вкусов?<ul><li>Разнообразие. Ваш питомец забудет о скучных перекусах, если вы будете чередовать разные вкусы!</li><li>Эксперименты. Найдите тот самый любимый вкус, который станет хитом у вашего друга!</li><li>Соблюдение баланса. Разнообразие помогает обеспечить поступление всех необходимых витаминов и минералов.</li></ul></li></ul>","{
  ""content"": [
    {
      ""widgetName"": ""raShowcase"",
      ""type"": ""billboard"",
      ""blocks"": [
        {
          ""imgLink"": ""https://www.ozon.ru/seller/shepherd-1468751/products/?miniapp=seller_1468751"",
          ""img"": {
            ""src"": ""https://cdn1.ozone.ru/s3/multimedia-1-f/7435712823.jpg"",
            ""srcMobile"": ""https://cdn1.ozone.ru/s3/multimedia-1-f/7435712823.jpg"",
            ""alt"": """",
            ""position"": ""width_one_third"",
            ""positionMobile"": ""width_full"",
            ""widthMobile"": 1182,
            ""heightMobile"": 1182
          },
          ""title"": {
            ""items"": [
              {
                ""type"": ""text"",
                ""content"": ""Shepherd TM""
              }
            ],
            ""size"": ""size7"",
            ""align"": ""center"",
            ""color"": ""color1""
          },
          ""text"": {
            ""size"": ""size2"",
            ""align"": ""center"",
            ""color"": ""color1"",
            ""items"": [
              {
                ""type"": ""text"",
                ""content"": ""Мы специализируемся на производстве\r""
              },
              {
                ""type"": ""br""
              },
              {
                ""type"": ""text"",
                ""content"": ""100% натуральных лакомств и сбалансированных рационов для животных.""
              },
              {
                ""type"": ""br""
              },
              {
                ""type"": ""text"",
                ""content"": ""У нас большой выбор на любой вкус. Ваши питомцы останутся довольны.""
              },
              {
                ""type"": ""br""
              }
            ]
          }
        }
      ]
    },
    {
      ""widgetName"": ""raTextBlock"",
      ""title"": {
        ""items"": [
          {
            ""type"": ""text"",
            ""content"": ""Баранье легкое для собак""
          }
        ],
        ""size"": ""size7"",
        ""color"": ""color1"",
        ""align"": ""center""
      },
      ""theme"": ""tertiary"",
      ""padding"": ""type2"",
      ""gapSize"": ""s"",
      ""text"": {
        ""size"": ""size2"",
        ""align"": ""left"",
        ""color"": ""color1"",
        ""items"": [
          {
            ""type"": ""text"",
            ""content"": ""Ищете идеальное лакомство для вашего питомца?\r""
          },
          {
            ""type"": ""br""
          },
          {
            ""type"": ""text"",
            ""content"": ""\r""
          },
          {
            ""type"": ""br""
          },
          {
            ""type"": ""text"",
            ""content"": ""Познакомьтесь с бараньим легким от Shepherd – натуральным и вкусным угощением, которое порадует даже самых привередливых собак!\r""
          },
          {
            ""type"": ""br""
          },
          {
            ""type"": ""text"",
            ""content"": ""\r""
          },
          {
            ""type"": ""br""
          },
          {
            ""type"": ""text"",
            ""content"": ""Польза:\r""
          },
          {
            ""type"": ""br""
          },
          {
            ""type"": ""text"",
            ""content"": ""Гипоаллергенное. Отличный выбор для собак с чувствительным пищеварением - минимальная вероятность аллергических реакций.\r""
          },
          {
            ""type"": ""br""
          },
          {
            ""type"": ""text"",
            ""content"": ""Низкокалорийное. Идеально для контроля веса вашего питомца, помогает поддерживать здоровую физическую форму.\r""
          },
          {
            ""type"": ""br""
          },
          {
            ""type"": ""text"",
            ""content"": ""Богато белком. Высокое содержание качественного белка способствует укреплению мышечной массы и поддержанию здоровья.\r""
          },
          {
            ""type"": ""br""
          },
          {
            ""type"": ""text"",
            ""content"": ""Забота о зубах. Помогает в поддержании зубов и десен, снижая риск образования налета и улучшая гигиену полости рта.\r""
          },
          {
            ""type"": ""br""
          },
          {
            ""type"": ""text"",
            ""content"": ""100% натуральный продукт. Без искусственных консервантов и добавок, только чистое удовольствие для вашего четвероного друга!\r""
          },
          {
            ""type"": ""br""
          },
          {
            ""type"": ""text"",
            ""content"": ""\r""
          },
          {
            ""type"": ""br""
          },
          {
            ""type"": ""text"",
            ""content"": ""Откройте для себя мир вкусных лакомств!\r""
          },
          {
            ""type"": ""br""
          },
          {
            ""type"": ""text"",
            ""content"": ""\r""
          },
          {
            ""type"": ""br""
          },
          {
            ""type"": ""text"",
            ""content"": ""Мы рады пригласить вас в наш каталог! Заходите и откройте для себя разнообразие наших лакомств для собак. Пробуйте новые вкусы и радуйте своего питомца особыми угощениями!\r""
          },
          {
            ""type"": ""br""
          },
          {
            ""type"": ""text"",
            ""content"": ""\r""
          },
          {
            ""type"": ""br""
          },
          {
            ""type"": ""text"",
            ""content"": ""Почему стоит взять несколько вкусов?\r""
          },
          {
            ""type"": ""br""
          },
          {
            ""type"": ""text"",
            ""content"": ""Разнообразие. Ваш питомец забудет о скучных перекусах, если вы будете чередовать разные вкусы!\r""
          },
          {
            ""type"": ""br""
          },
          {
            ""type"": ""text"",
            ""content"": ""Эксперименты. Найдите тот самый любимый вкус, который станет хитом у вашего друга!\r""
          },
          {
            ""type"": ""br""
          },
          {
            ""type"": ""text"",
            ""content"": ""Соблюдение баланса. Разнообразие помогает обеспечить поступление всех необходимых витаминов и минералов.""
          }
        ]
      }
    },
    {
      ""widgetName"": ""raShowcase"",
      ""type"": ""chess"",
      ""blocks"": [
        {
          ""img"": {
            ""src"": ""https://cdn1.ozone.ru/s3/multimedia-1-u/7436848458.jpg"",
            ""srcMobile"": ""https://cdn1.ozone.ru/s3/multimedia-1-u/7436848458.jpg"",
            ""alt"": """",
            ""position"": ""to_the_edge"",
            ""positionMobile"": ""fill"",
            ""widthMobile"": 1680,
            ""heightMobile"": 1680
          },
          ""imgLink"": """",
          ""title"": {
            ""items"": [
              {
                ""type"": ""text"",
                ""content"": ""С любовью и заботой ""
              }
            ],
            ""size"": ""size6"",
            ""align"": ""center"",
            ""color"": ""color1""
          },
          ""text"": {
            ""size"": ""size2"",
            ""align"": ""center"",
            ""color"": ""color1"",
            ""items"": [
              {
                ""type"": ""text"",
                ""content"": ""Мы используем только качественное мясо и тщательно следим за стандартами, чтобы обеспечить здоровье ваших питомцев. Наши лакомства – это продукты, созданные с любовью и заботой.""
              }
            ]
          },
          ""reverse"": false
        },
        {
          ""img"": {
            ""src"": ""https://cdn1.ozone.ru/s3/multimedia-1-p/7435712833.jpg"",
            ""srcMobile"": ""https://cdn1.ozone.ru/s3/multimedia-1-p/7435712833.jpg"",
            ""alt"": """",
            ""position"": ""fill"",
            ""positionMobile"": ""fill"",
            ""widthMobile"": 866,
            ""heightMobile"": 831
          },
          ""imgLink"": """",
          ""title"": {
            ""items"": [
              {
                ""type"": ""text"",
                ""content"": ""Технология""
              }
            ],
            ""size"": ""size6"",
            ""align"": ""center"",
            ""color"": ""color1""
          },
          ""text"": {
            ""size"": ""size2"",
            ""align"": ""left"",
            ""color"": ""color1"",
            ""items"": [
              {
                ""type"": ""text"",
                ""content"": ""Мы производим натуральные лакомства и сбалансированные рационы для собак, не используя консерванты и химические добавки.""
              }
            ]
          },
          ""reverse"": true
        }
      ]
    }
  ],
  ""version"": 0.3
}",вкусняшки для собак;лакомства для собак;лакомство для собак;лакомства для собак мелких пород;лакомство для собак мелких пород;сушеное легкое для собак;лакомства для дрессировки собак;легкие для собак;баранина мясо;баранье легкое для собак;вкусняшки для собак мелких пород;лакомства для собак крупных пород;сушеное легкое;лакомство для дрессировки щенков;вкусняшки для собак мелких пород лакомства;лакомства для щенков мелких пород;сухое легкое для собак лакомство;сушеные легкие для собак;,группа 13,200 х 20 х 300,Вакуумная упаковка,лакомства для собак - 1 упаковка,"2309109000 - МАРКИРОВКА РФ - Прочий корм для собак или кошек, расфасованный для розничной продажи",Россия,Легкое;Палочки,Баранина,Твердые,,,,Мясо,,Крупный;Малый;Средний,При плохом аппетите,Без ГМО;Без ароматизаторов;Без вкусовых добавок,В сухом месте;Не подвергать воздействию прямого солнечного света,92,16.2,2.5,100% баранье лёгкое,Нет,,
42,SPRD-02319,Утиные трахеи 1000г SHEPHERD TM,"5,517.00","7,881.00",Не облагается,Нет,Нет,,4680614023198,1020,50,400,400,https://cdn1.ozone.ru/s3/multimedia-1-f/7707856227.jpg,"https://cdn1.ozone.ru/s3/multimedia-7/6876030499.jpg
https://cdn1.ozone.ru/s3/multimedia-4/6876030496.jpg
https://cdn1.ozone.ru/s3/multimedia-e/6876030506.jpg
https://cdn1.ozone.ru/s3/multimedia-5/6876030533.jpg
https://cdn1.ozone.ru/s3/multimedia-p/6876030517.jpg
https://cdn1.ozone.ru/s3/multimedia-1/6876030493.jpg
https://cdn1.ozone.ru/s3/multimedia-9/6876030501.jpg
https://cdn1.ozone.ru/s3/multimedia-2/6876030494.jpg
https://cdn1.ozone.ru/s3/multimedia-t/6876030521.jpg
https://cdn1.ozone.ru/s3/multimedia-q/6876030518.jpg
https://cdn1.ozone.ru/s3/multimedia-g/6876030508.jpg
https://cdn1.ozone.ru/s3/multimedia-n/6876030515.jpg
https://cdn1.ozone.ru/s3/multimedia-c/6876030504.jpg
https://cdn1.ozone.ru/s3/multimedia-6/6876030534.jpg",,,SHEPHERD,Утиные трахеи,1000,,1,Лакомство,Для собак,365,Для взрослых;Для маленьких;Для пожилых,#лакомствадлясобак #вкусняшкидлясобак #длясреднихпород #утиныетрахеидлясобак #аортадлясобак #shepherd,"Утиные трахеи станут отличным дополнением к рациону вашего четвероногого друга.<br/><br/>Особенности  нашего продукта:<br/><br/>- 100% натуральность. Мы заботимся о здоровье вашего питомца! Наши трахеи не содержат ГМО, консервантов, красителей или искусственных добавок. Только чистые природные компоненты, которые принесут радость и пользу вашему питомцу.<br/><br/>- Забота о здоровье. Эти вкусняшки для собак средних и крупных пород помогают поддерживать здоровье зубов и десен. При жевании трахей происходит естественная очистка зубов от налёта, предотвращая образование зубного камня. Кроме того, они способствуют укреплению суставов и хрящей благодаря уникальному составу.<br/><br/>- Специальная технология. Благодаря деликатной сушке все витамины и микроэлементы сохраняются в полном объёме. Ваш питомец получает максимум пользы от каждого кусочка!<br/><br/>Для кого идеально подойдут?<br/><br/>Независимо от размера вашего питомца – будь то щенок мелкой породы, взрослая собака средней или крупной породы – наши вкусняшки станут отличным дополнением к его рациону.                                                                                                                                                       <br/><br/>Для кошек. Давать только здоровым животным, при проблемах с пищеварением проконсультируйтесь с ветеринаром<br/><br/>Позаботьтесь о здоровье и благополучии своих четвероногих друзей уже сегодня!<br/><br/> Выбирайте качественные лакомства, и пусть каждый день вашего питомца будет наполнен любовью, игрой и удовольствием вместе с SHEPHERD!",,трахея;трахея для собак;вкусняшки для собак крупных пород;вкусняшки для щенков мелких пород;лакомство для щенков мелких пород;лакомство для собак крупных пород;лакомства для собак мелких пород натуральные;лакомства для щенков мелких пород;вкусняшки для грызунов;утка для собак;лакомство для грызунов; вкусняшки для собак мелких;лакомства для собак крупных пород;,группа 18,400 х 40 х 400,Вакуумная упаковка,,"2309109000 - МАРКИРОВКА РФ - Прочий корм для собак или кошек, расфасованный для розничной продажи",Россия,Трахея,Утка,Твердые,,,,Птица,,Крупный;Малый;Средний,Профилактика зубного налета,Без ГМО;Без ароматизаторов;Без вкусовых добавок,В сухом месте;Не подвергать воздействию прямого солнечного света;При температуре от +4`С до +25`С,390,45,20,100% утиная трахея,Нет,,
43,SPRD-02674,Баранье легкое для собак 1000г кусочки Shepherd TM,"4,729.00","6,755.00",Не облагается,Нет,Нет,,4680614026748,1005,330,80,380,https://cdn1.ozone.ru/s3/multimedia-1-q/7254402974.jpg,"https://cdn1.ozone.ru/s3/multimedia-1-5/7254402917.jpg
https://cdn1.ozone.ru/s3/multimedia-1-9/7254402885.jpg
https://cdn1.ozone.ru/s3/multimedia-1-g/7254402892.jpg
https://cdn1.ozone.ru/s3/multimedia-1-t/7254402941.jpg
https://cdn1.ozone.ru/s3/multimedia-1-k/7254402896.jpg
https://cdn1.ozone.ru/s3/multimedia-1-y/7254402910.jpg
https://cdn1.ozone.ru/s3/multimedia-1-m/7254402934.jpg
https://cdn1.ozone.ru/s3/multimedia-1-r/7254402939.jpg
https://cdn1.ozone.ru/s3/multimedia-1-p/7254402937.jpg
https://cdn1.ozone.ru/s3/multimedia-1-n/7254402899.jpg
https://cdn1.ozone.ru/s3/multimedia-1-m/7254402970.jpg
https://cdn1.ozone.ru/s3/multimedia-1-f/7254402891.jpg
https://cdn1.ozone.ru/s3/multimedia-1-t/7254402977.jpg
https://cdn1.ozone.ru/s3/multimedia-1-9/7254402921.jpg
https://cdn1.ozone.ru/s3/multimedia-1-f/7254402927.jpg
https://cdn1.ozone.ru/s3/multimedia-1-y/7254402982.jpg
https://cdn1.ozone.ru/s3/multimedia-1-u/7254402906.jpg
https://cdn1.ozone.ru/s3/multimedia-1-j/7254402895.jpg
https://cdn1.ozone.ru/s3/multimedia-1-g/7254402928.jpg
https://cdn1.ozone.ru/s3/multimedia-1-0/7254402912.jpg
https://cdn1.ozone.ru/s3/multimedia-1-u/7254402978.jpg
https://cdn1.ozone.ru/s3/multimedia-1-a/7254402922.jpg
https://cdn1.ozone.ru/s3/multimedia-1-q/7254402938.jpg
https://cdn1.ozone.ru/s3/multimedia-1-d/7254402925.jpg
https://cdn1.ozone.ru/s3/multimedia-1-l/7254402933.jpg
https://cdn1.ozone.ru/s3/multimedia-1-i/7254402930.jpg
https://cdn1.ozone.ru/s3/multimedia-1-j/7254402931.jpg",,,SHEPHERD,Легкое,1000,1,,Лакомство,Для собак,365,Для взрослых;Для маленьких;Для пожилых,#лакомствадлясобак #вкусняшкидлясобак #длясреднихпород #бычийкореньдлясобак #бараньелёгкоедлясобак #shepherd,"Ищете идеальное лакомство для вашего питомца?<br/><br/>Познакомьтесь с бараньим легким от Shepherd – натуральным и вкусным угощением, которое порадует даже самых привередливых собак! Баранье легкое (кубики), сушеное для собак, 100% натуральное.<br/><br/>Польза:<ul><li>Гипоаллергенное. Отличный выбор для собак с чувствительным пищеварением - минимальная вероятность аллергических реакций.</li><li>Низкокалорийное. Идеально для контроля веса вашего питомца, помогает поддерживать здоровую физическую форму.</li><li>Богато белком. Высокое содержание качественного белка способствует укреплению мышечной массы и поддержанию здоровья.</li><li>Забота о зубах. Помогает в поддержании зубов и десен, снижая риск образования налета и улучшая гигиену полости рта.</li><li>100% натуральный продукт. Без искусственных консервантов и добавок, только чистое удовольствие для вашего четвероного друга!<br/><br/>Откройте для себя мир вкусных лакомств!<br/><br/>Мы рады пригласить вас в наш каталог! Заходите и откройте для себя разнообразие наших лакомств для собак. Пробуйте новые вкусы и радуйте своего питомца особыми угощениями!<br/><br/>Почему стоит взять несколько вкусов?<ul><li>Разнообразие. Ваш питомец забудет о скучных перекусах, если вы будете чередовать разные вкусы!</li><li>Эксперименты. Найдите тот самый любимый вкус, который станет хитом у вашего друга!</li><li>Соблюдение баланса. Разнообразие помогает обеспечить поступление всех необходимых витаминов и минералов.</li></ul></li></ul>","{
  ""content"": [
    {
      ""widgetName"": ""raShowcase"",
      ""type"": ""billboard"",
      ""blocks"": [
        {
          ""imgLink"": ""https://www.ozon.ru/seller/shepherd-1468751/products/?miniapp=seller_1468751"",
          ""img"": {
            ""src"": ""https://cdn1.ozone.ru/s3/multimedia-1-f/7435712823.jpg"",
            ""srcMobile"": ""https://cdn1.ozone.ru/s3/multimedia-1-f/7435712823.jpg"",
            ""alt"": """",
            ""position"": ""width_one_third"",
            ""positionMobile"": ""width_full"",
            ""widthMobile"": 1182,
            ""heightMobile"": 1182
          },
          ""title"": {
            ""items"": [
              {
                ""type"": ""text"",
                ""content"": ""Shepherd TM""
              }
            ],
            ""size"": ""size7"",
            ""align"": ""center"",
            ""color"": ""color1""
          },
          ""text"": {
            ""size"": ""size2"",
            ""align"": ""center"",
            ""color"": ""color1"",
            ""items"": [
              {
                ""type"": ""text"",
                ""content"": ""Мы специализируемся на производстве\r""
              },
              {
                ""type"": ""br""
              },
              {
                ""type"": ""text"",
                ""content"": ""100% натуральных лакомств и сбалансированных рационов для животных.""
              },
              {
                ""type"": ""br""
              },
              {
                ""type"": ""text"",
                ""content"": ""У нас большой выбор на любой вкус. Ваши питомцы останутся довольны.""
              },
              {
                ""type"": ""br""
              }
            ]
          }
        }
      ]
    },
    {
      ""widgetName"": ""raTextBlock"",
      ""title"": {
        ""items"": [
          {
            ""type"": ""text"",
            ""content"": ""Баранье легкое для собак""
          }
        ],
        ""size"": ""size7"",
        ""color"": ""color1"",
        ""align"": ""center""
      },
      ""theme"": ""tertiary"",
      ""padding"": ""type2"",
      ""gapSize"": ""s"",
      ""text"": {
        ""size"": ""size2"",
        ""align"": ""left"",
        ""color"": ""color1"",
        ""items"": [
          {
            ""type"": ""text"",
            ""content"": ""Ищете идеальное лакомство для вашего питомца?\r""
          },
          {
            ""type"": ""br""
          },
          {
            ""type"": ""text"",
            ""content"": ""\r""
          },
          {
            ""type"": ""br""
          },
          {
            ""type"": ""text"",
            ""content"": ""Познакомьтесь с бараньим легким от Shepherd – натуральным и вкусным угощением, которое порадует даже самых привередливых собак!\r""
          },
          {
            ""type"": ""br""
          },
          {
            ""type"": ""text"",
            ""content"": ""\r""
          },
          {
            ""type"": ""br""
          },
          {
            ""type"": ""text"",
            ""content"": ""Польза:\r""
          },
          {
            ""type"": ""br""
          },
          {
            ""type"": ""text"",
            ""content"": ""Гипоаллергенное. Отличный выбор для собак с чувствительным пищеварением - минимальная вероятность аллергических реакций.\r""
          },
          {
            ""type"": ""br""
          },
          {
            ""type"": ""text"",
            ""content"": ""Низкокалорийное. Идеально для контроля веса вашего питомца, помогает поддерживать здоровую физическую форму.\r""
          },
          {
            ""type"": ""br""
          },
          {
            ""type"": ""text"",
            ""content"": ""Богато белком. Высокое содержание качественного белка способствует укреплению мышечной массы и поддержанию здоровья.\r""
          },
          {
            ""type"": ""br""
          },
          {
            ""type"": ""text"",
            ""content"": ""Забота о зубах. Помогает в поддержании зубов и десен, снижая риск образования налета и улучшая гигиену полости рта.\r""
          },
          {
            ""type"": ""br""
          },
          {
            ""type"": ""text"",
            ""content"": ""100% натуральный продукт. Без искусственных консервантов и добавок, только чистое удовольствие для вашего четвероного друга!\r""
          },
          {
            ""type"": ""br""
          },
          {
            ""type"": ""text"",
            ""content"": ""\r""
          },
          {
            ""type"": ""br""
          },
          {
            ""type"": ""text"",
            ""content"": ""Откройте для себя мир вкусных лакомств!\r""
          },
          {
            ""type"": ""br""
          },
          {
            ""type"": ""text"",
            ""content"": ""\r""
          },
          {
            ""type"": ""br""
          },
          {
            ""type"": ""text"",
            ""content"": ""Мы рады пригласить вас в наш каталог! Заходите и откройте для себя разнообразие наших лакомств для собак. Пробуйте новые вкусы и радуйте своего питомца особыми угощениями!\r""
          },
          {
            ""type"": ""br""
          },
          {
            ""type"": ""text"",
            ""content"": ""\r""
          },
          {
            ""type"": ""br""
          },
          {
            ""type"": ""text"",
            ""content"": ""Почему стоит взять несколько вкусов?\r""
          },
          {
            ""type"": ""br""
          },
          {
            ""type"": ""text"",
            ""content"": ""Разнообразие. Ваш питомец забудет о скучных перекусах, если вы будете чередовать разные вкусы!\r""
          },
          {
            ""type"": ""br""
          },
          {
            ""type"": ""text"",
            ""content"": ""Эксперименты. Найдите тот самый любимый вкус, который станет хитом у вашего друга!\r""
          },
          {
            ""type"": ""br""
          },
          {
            ""type"": ""text"",
            ""content"": ""Соблюдение баланса. Разнообразие помогает обеспечить поступление всех необходимых витаминов и минералов.\r""
          },
          {
            ""type"": ""br""
          }
        ]
      }
    },
    {
      ""widgetName"": ""raShowcase"",
      ""type"": ""chess"",
      ""blocks"": [
        {
          ""img"": {
            ""src"": ""https://cdn1.ozone.ru/s3/multimedia-1-0/7436312172.jpg"",
            ""srcMobile"": ""https://cdn1.ozone.ru/s3/multimedia-1-0/7436312172.jpg"",
            ""alt"": """",
            ""position"": ""to_the_edge"",
            ""positionMobile"": ""fill"",
            ""widthMobile"": 1680,
            ""heightMobile"": 1680
          },
          ""imgLink"": """",
          ""title"": {
            ""items"": [
              {
                ""type"": ""text"",
                ""content"": ""С любовью и заботой ""
              }
            ],
            ""size"": ""size6"",
            ""align"": ""center"",
            ""color"": ""color1""
          },
          ""text"": {
            ""size"": ""size2"",
            ""align"": ""center"",
            ""color"": ""color1"",
            ""items"": [
              {
                ""type"": ""text"",
                ""content"": ""Мы используем только качественное мясо и тщательно следим за стандартами, чтобы обеспечить здоровье ваших питомцев. Наши лакомства – это продукты, созданные с любовью и заботой.""
              }
            ]
          },
          ""reverse"": false
        },
        {
          ""img"": {
            ""src"": ""https://cdn1.ozone.ru/s3/multimedia-1-p/7435712833.jpg"",
            ""srcMobile"": ""https://cdn1.ozone.ru/s3/multimedia-1-p/7435712833.jpg"",
            ""alt"": """",
            ""position"": ""fill"",
            ""positionMobile"": ""fill"",
            ""widthMobile"": 866,
            ""heightMobile"": 831
          },
          ""imgLink"": """",
          ""title"": {
            ""items"": [
              {
                ""type"": ""text"",
                ""content"": ""Технология""
              }
            ],
            ""size"": ""size6"",
            ""align"": ""center"",
            ""color"": ""color1""
          },
          ""text"": {
            ""size"": ""size2"",
            ""align"": ""left"",
            ""color"": ""color1"",
            ""items"": [
              {
                ""type"": ""text"",
                ""content"": ""Мы производим натуральные лакомства и сбалансированные рационы для собак, не используя консерванты и химические добавки.""
              }
            ]
          },
          ""reverse"": true
        }
      ]
    }
  ],
  ""version"": 0.3
}",вкусняшки для собак;лакомства для собак;лакомство для собак;лакомства для собак мелких пород;лакомство для собак мелких пород;сушеное легкое для собак;лакомства для дрессировки собак;легкие для собак;баранина мясо;баранье легкое для собак;вкусняшки для собак мелких пород;лакомства для собак крупных пород;сушеное легкое;лакомство для дрессировки щенков;вкусняшки для собак мелких пород лакомства;лакомства для щенков мелких пород;сухое легкое для собак лакомство;сушеные легкие для собак;,группа 15,125х30х420,Бумажный пакет;Вакуумная упаковка,,"2309109000 - МАРКИРОВКА РФ - Прочий корм для собак или кошек, расфасованный для розничной продажи",Россия,Легкое;Кусочки,Баранина,Твердые,,,,Мясо,,Крупный;Малый;Средний,С избыточным весом,Без ГМО;Без ароматизаторов;Без вкусовых добавок,В сухом месте;Не подвергать воздействию прямого солнечного света,92,16.2,2.5,"100% баранье лёгкое
Назначение: для дрессировки и поощрения.
Питательная ценность в 100 г:
белки 16.2 г, жиры 2.5 г, кал. 92 кКал.
Срок годности: 12 мес.
",Нет,,
44,SPRD-02269,Лакомство для собак филе куриной грудки SHEPHERD TM 1000 г,"7,170.00","10,242.00",Не облагается,Нет,Нет,,4680614022696,1020,400,50,400,https://cdn1.ozone.ru/s3/multimedia-4/6841933492.jpg,"https://cdn1.ozone.ru/s3/multimedia-b/6841933499.jpg
https://cdn1.ozone.ru/s3/multimedia-7/6841933495.jpg
https://cdn1.ozone.ru/s3/multimedia-3/6841933491.jpg
https://cdn1.ozone.ru/s3/multimedia-9/6841933497.jpg
https://cdn1.ozone.ru/s3/multimedia-8/6841933496.jpg
https://cdn1.ozone.ru/s3/multimedia-c/6841933500.jpg
https://cdn1.ozone.ru/s3/multimedia-e/6850330682.jpg
https://cdn1.ozone.ru/s3/multimedia-6/6841933494.jpg
https://cdn1.ozone.ru/s3/multimedia-a/6841933498.jpg
https://cdn1.ozone.ru/s3/multimedia-5/6841933493.jpg",,,SHEPHERD,"Филе куриное, сушеное для собак, 100% натуральное.",1000,1,1,Лакомство,Для собак,365,Для взрослых;Для маленьких;Для пожилых,,"Филе куриной грудки — один из наиболее доступных и диетических продуктов, который также обладает множеством полезных свойств для здоровья собак. Однако перед тем как добавить куриное мясо в рацион своего питомца, обязательно проконсультируйтесь с ветеринаром, чтобы исключить возможные аллергические реакции.<br/><br/>Польза:<ul><li>Высокое содержание белка. Курятина, особенно грудка, является источником высококачественного протеина, который необходим для поддержания мышечной массы, роста и восстановления тканей. Для активных собак или тех, кто находится на этапе роста, это особенно важно.</li><li>Натуральный состав. Продукция Shepherd известна своим натуральным составом. Сушеная куриная грудка не содержит искусственных добавок, красителей или консервантов. Это делает ее идеальным выбором для собак с чувствительным пищеварением или аллергией на химические компоненты.</li><li>Легкость переваривания. Куриное мясо считается легкоусвояемым продуктом, что помогает поддерживать здоровье желудочно-кишечного тракта собаки. Благодаря процессу сушки, лакомство сохраняет свои полезные свойства, но становится более удобным для хранения и использования.</li><li>Поддержка здоровья кожи и шерсти. Куриная грудка богата незаменимыми аминокислотами и жирными кислотами, которые способствуют здоровью кожи и шерсти вашей собаки.</li><li>Безопасность для зубов. В отличие от некоторых других видов лакомств, сушеная куриная грудка мягкая и не вызывает травм зубов или десен. Она также помогает поддерживать чистоту зубов за счет легкого механического воздействия при жевании.</li></ul>Сушеное лакомство из куриной грудки от Shepherd — это не только вкусное, но и полезное угощение для собак. Если вы заботитесь о своем питомце и хотите порадовать его натуральным лакомством, это продукт стоит попробовать!",,лакомство для собак;лакомства для собак;грудка куриная;лакомства для собак мелких пород;shepherd;лакомство для собак мелких пород;сушеные лакомства для собак;кость для собак большая;набор вкусняшек для собак;куриные грудки для собак,группа 2,400х400х50,Бумажный пакет;Вакуумная упаковка,,"2309109000 - МАРКИРОВКА РФ - Прочий корм для собак или кошек, расфасованный для розничной продажи",Россия,Филе;Кусочки;Ломтики,Курица,Хрустящие,,,,Мясо,,Крупный;Малый;Средний,С избыточным весом,Без ГМО;Без ароматизаторов;Без вкусовых добавок,В сухом месте;Не подвергать воздействию прямого солнечного света,360,39,23,100% куриная грудка,Нет,,
45,SPRD-02271,Филе индейки 100г для собак и кошек,"1,043.00","1,490.00",Не облагается,Нет,Нет,,4680614022719,105,30,225,165,https://cdn1.ozone.ru/s3/multimedia-1-4/7377961360.jpg,"https://cdn1.ozone.ru/s3/multimedia-1-2/7377961394.jpg
https://cdn1.ozone.ru/s3/multimedia-1-t/7377961421.jpg
https://cdn1.ozone.ru/s3/multimedia-1-d/7377961405.jpg
https://cdn1.ozone.ru/s3/multimedia-1-3/7377961359.jpg
https://cdn1.ozone.ru/s3/multimedia-1-p/7377961381.jpg
https://cdn1.ozone.ru/s3/multimedia-1-z/7377961391.jpg
https://cdn1.ozone.ru/s3/multimedia-1-o/7377961380.jpg
https://cdn1.ozone.ru/s3/multimedia-1-s/7377961420.jpg
https://cdn1.ozone.ru/s3/multimedia-1-h/7377961373.jpg
https://cdn1.ozone.ru/s3/multimedia-1-8/7377961364.jpg
https://cdn1.ozone.ru/s3/multimedia-1-y/7377961426.jpg
https://cdn1.ozone.ru/s3/multimedia-1-c/7377961440.jpg
https://cdn1.ozone.ru/s3/multimedia-1-0/7377961428.jpg
https://cdn1.ozone.ru/s3/multimedia-1-r/7377961455.jpg
https://cdn1.ozone.ru/s3/multimedia-1-e/7377961406.jpg
https://cdn1.ozone.ru/s3/multimedia-1-o/7377961416.jpg
https://cdn1.ozone.ru/s3/multimedia-1-6/7377961434.jpg
https://cdn1.ozone.ru/s3/multimedia-1-g/7377961516.jpg
https://cdn1.ozone.ru/s3/multimedia-1-l/7377961413.jpg
https://cdn1.ozone.ru/s3/multimedia-1-2/7377961466.jpg",,,SHEPHERD,"Филе индейки, сушеное для собак, 100% натуральное.",100,1,,Лакомство,Для собак,365,Для взрослых;Для маленьких;Для пожилых,#лакомствадлясобак #вкусняшкидлясобак #длясреднихпород #филеиндейкидлясобак #легкоеговяжьедлясобак #shepherd,"Сушеные лакомства для собак из филе индейки – идеальные вкусняшки для вашего питомца!<br/><br/>Побалуйте своего четвероногого друга натуральными и полезными лакомствами, которые подарят ему удовольствие и заботу о здоровье! Наши сушеные лакомства из филе индейки прекрасно подходят как для крупных, так и для средних пород. Это невероятно вкусные и питательные лакомства для собак, которые сделают каждый день вашего питомца особенным.<br/><br/>Почему именно наши лакомства?<ul><li>Лакомства для собак - Полезные витамины. Филе индейки богато витаминами (РР, A, B, C, D, E), которые способствую нормализации обмена веществ, укреплению иммунной системы и улучшению зрения.</li><li>Макро- и микроэлементы. Индейка слайсы содержит кальций, магний, фосфор и железо, необходимые для здоровья зубов и костей.</li><li>Аминокислоты. Триптофан, лизин и лейцин обеспечивают эмоциональную стабильность, поддерживают рост и развитие.</li></ul>Идеально для дрессировки!<br/><br/>Наши лакомства для собак идеально подходят для использования в процессе дрессировки. Это не просто вкусняшка для собак, но и мощный стимул для обучения- награда лакомства для собак! Благодаря текстуре, лакомство легко разжевывается и одобряется даже самыми взыскательными питомцами.<br/><br/>Для всех!<br/><br/>Лакомства также подойдут и для кошек! Это вкусные и полезные вкусняшки, которые понравятся вашим пушистым друзьям.<br/><br/>Наши преимущества :<ul><li>Натуральные ингредиенты.Мы используем только высококачественные продукты без консервантов и химических добавок.</li><li>Контроль качества. Каждая партия проходит строгую проверку на свежесть и безопасность.</li><li>Удобная упаковка. Обеспечивает долгий срок хранения лакомств, сохраняя их полезные свойства.</li></ul>Рекомендации по применению:<ul><li>Давайте лакомства только здоровым собакам и кошкам.</li><li>При наличии проблем с пищеварением лучше проконсультироваться с ветеринаром.<br/><br/>В производстве используются филейные части грудки и бедер индейки, которые могут незначительно отличаться по цвету, сохраняя при этом все полезные свойства.</li></ul> Заказывайте прямо сейчас и порадуйте своего друга натуральным лакомство от Шерард, которое обогатит его рацион. Пусть каждый момент с любимцем станет незабываемым!","{
  ""content"": [
    {
      ""widgetName"": ""raShowcase"",
      ""type"": ""billboard"",
      ""blocks"": [
        {
          ""imgLink"": ""https://www.ozon.ru/seller/shepherd-1468751/products/?miniapp=seller_1468751"",
          ""img"": {
            ""src"": ""https://cdn1.ozone.ru/s3/multimedia-1-5/7436651549.jpg"",
            ""srcMobile"": ""https://cdn1.ozone.ru/s3/multimedia-1-5/7436651549.jpg"",
            ""alt"": """",
            ""position"": ""width_one_third"",
            ""positionMobile"": ""width_full"",
            ""widthMobile"": 1182,
            ""heightMobile"": 1182
          },
          ""title"": {
            ""items"": [
              {
                ""type"": ""text"",
                ""content"": ""Shepherd TM""
              }
            ],
            ""size"": ""size7"",
            ""align"": ""center"",
            ""color"": ""color1""
          },
          ""text"": {
            ""size"": ""size2"",
            ""align"": ""center"",
            ""color"": ""color1"",
            ""items"": [
              {
                ""type"": ""text"",
                ""content"": ""Мы специализируемся на производстве\r""
              },
              {
                ""type"": ""br""
              },
              {
                ""type"": ""text"",
                ""content"": ""100% натуральных лакомств и сбалансированных рационов для животных.""
              },
              {
                ""type"": ""br""
              },
              {
                ""type"": ""text"",
                ""content"": ""У нас большой выбор на любой вкус. Ваши питомцы останутся довольны.""
              },
              {
                ""type"": ""br""
              }
            ]
          }
        }
      ]
    },
    {
      ""widgetName"": ""raTextBlock"",
      ""title"": {
        ""items"": [
          {
            ""type"": ""text"",
            ""content"": ""Филе индейки для собак""
          }
        ],
        ""size"": ""size7"",
        ""color"": ""color1"",
        ""align"": ""center""
      },
      ""theme"": ""tertiary"",
      ""padding"": ""type2"",
      ""gapSize"": ""s"",
      ""text"": {
        ""size"": ""size2"",
        ""align"": ""left"",
        ""color"": ""color1"",
        ""items"": [
          {
            ""type"": ""text"",
            ""content"": ""Сушеные лакомства для собак из филе индейки – идеальные вкусняшки для вашего питомца!\r""
          },
          {
            ""type"": ""br""
          },
          {
            ""type"": ""text"",
            ""content"": ""\r""
          },
          {
            ""type"": ""br""
          },
          {
            ""type"": ""text"",
            ""content"": ""Побалуйте своего четвероногого друга натуральными и полезными лакомствами, которые подарят ему удовольствие и заботу о здоровье! Наши сушеные лакомства из филе индейки прекрасно подходят как для крупных, так и для средних пород. Это невероятно вкусные и питательные лакомства для собак, которые сделают каждый день вашего питомца особенным.\r""
          },
          {
            ""type"": ""br""
          },
          {
            ""type"": ""text"",
            ""content"": ""\r""
          },
          {
            ""type"": ""br""
          },
          {
            ""type"": ""text"",
            ""content"": ""Почему именно наши лакомства?\r""
          },
          {
            ""type"": ""br""
          },
          {
            ""type"": ""text"",
            ""content"": ""Полезные витамины. Филе индейки богато витаминами (РР, A, B, C, D, E), которые способствую нормализации обмена веществ, укреплению иммунной системы и улучшению зрения.\r""
          },
          {
            ""type"": ""br""
          },
          {
            ""type"": ""text"",
            ""content"": ""Макро- и микроэлементы. Содержит кальций, магний, фосфор и железо, необходимые для здоровья зубов и костей.\r""
          },
          {
            ""type"": ""br""
          },
          {
            ""type"": ""text"",
            ""content"": ""Аминокислоты. Триптофан, лизин и лейцин обеспечивают эмоциональную стабильность, поддерживают рост и развитие.\r""
          },
          {
            ""type"": ""br""
          },
          {
            ""type"": ""text"",
            ""content"": ""Идеально для дрессировки!\r""
          },
          {
            ""type"": ""br""
          },
          {
            ""type"": ""text"",
            ""content"": ""\r""
          },
          {
            ""type"": ""br""
          },
          {
            ""type"": ""text"",
            ""content"": ""Наши лакомства для собак идеально подходят для использования в процессе дрессировки. Это не просто вкусняшка для собак, но и мощный стимул для обучения! Благодаря текстуре, лакомство легко разжевывается и одобряется даже самыми взыскательными питомцами.\r""
          },
          {
            ""type"": ""br""
          },
          {
            ""type"": ""text"",
            ""content"": ""\r""
          },
          {
            ""type"": ""br""
          },
          {
            ""type"": ""text"",
            ""content"": ""Для всех!\r""
          },
          {
            ""type"": ""br""
          },
          {
            ""type"": ""text"",
            ""content"": ""\r""
          },
          {
            ""type"": ""br""
          },
          {
            ""type"": ""text"",
            ""content"": ""Лакомства также подойдут и для кошек! Это вкусные и полезные вкусняшки, которые понравятся вашим пушистым друзьям.\r""
          },
          {
            ""type"": ""br""
          },
          {
            ""type"": ""text"",
            ""content"": ""\r""
          },
          {
            ""type"": ""br""
          },
          {
            ""type"": ""text"",
            ""content"": ""Наши преимущества :\r""
          },
          {
            ""type"": ""br""
          },
          {
            ""type"": ""text"",
            ""content"": ""Натуральные ингредиенты. Мы используем только высококачественные продукты без консервантов и химических добавок.\r""
          },
          {
            ""type"": ""br""
          },
          {
            ""type"": ""text"",
            ""content"": ""Контроль качества. Каждая партия проходит строгую проверку на свежесть и безопасность.\r""
          },
          {
            ""type"": ""br""
          },
          {
            ""type"": ""text"",
            ""content"": ""Удобная упаковка. Обеспечивает долгий срок хранения лакомств, сохраняя их полезные свойства.\r""
          },
          {
            ""type"": ""br""
          },
          {
            ""type"": ""text"",
            ""content"": ""Рекомендации по применению:\r""
          },
          {
            ""type"": ""br""
          },
          {
            ""type"": ""text"",
            ""content"": ""Давайте лакомства только здоровым собакам и кошкам.\r""
          },
          {
            ""type"": ""br""
          },
          {
            ""type"": ""text"",
            ""content"": ""При наличии проблем с пищеварением лучше проконсультироваться с ветеринаром.\r""
          },
          {
            ""type"": ""br""
          },
          {
            ""type"": ""text"",
            ""content"": ""\r""
          },
          {
            ""type"": ""br""
          },
          {
            ""type"": ""text"",
            ""content"": ""В производстве используются филейные части грудки и бедер индейки, которые могут незначительно отличаться по цвету, сохраняя при этом все полезные свойства.\r""
          },
          {
            ""type"": ""br""
          },
          {
            ""type"": ""text"",
            ""content"": "" Заказывайте прямо сейчас и порадуйте своего друга натуральным лакомство от Шерард, которое обогатит его рацион. Пусть каждый момент с любимцем станет незабываемым!""
          }
        ]
      }
    },
    {
      ""widgetName"": ""raShowcase"",
      ""type"": ""chess"",
      ""blocks"": [
        {
          ""img"": {
            ""src"": ""https://cdn1.ozone.ru/s3/multimedia-1-r/7436653731.jpg"",
            ""srcMobile"": ""https://cdn1.ozone.ru/s3/multimedia-1-r/7436653731.jpg"",
            ""alt"": """",
            ""position"": ""to_the_edge"",
            ""positionMobile"": ""fill"",
            ""widthMobile"": 1680,
            ""heightMobile"": 1680
          },
          ""imgLink"": """",
          ""title"": {
            ""items"": [
              {
                ""type"": ""text"",
                ""content"": ""С любовью и заботой ""
              }
            ],
            ""size"": ""size6"",
            ""align"": ""center"",
            ""color"": ""color1""
          },
          ""text"": {
            ""size"": ""size2"",
            ""align"": ""center"",
            ""color"": ""color1"",
            ""items"": [
              {
                ""type"": ""text"",
                ""content"": ""Мы используем только качественное мясо и тщательно следим за стандартами, чтобы обеспечить здоровье ваших питомцев. Наши лакомства – это продукты, созданные с любовью и заботой.""
              }
            ]
          },
          ""reverse"": false
        },
        {
          ""img"": {
            ""src"": ""https://cdn1.ozone.ru/s3/multimedia-1-p/7435712833.jpg"",
            ""srcMobile"": ""https://cdn1.ozone.ru/s3/multimedia-1-p/7435712833.jpg"",
            ""alt"": """",
            ""position"": ""fill"",
            ""positionMobile"": ""fill"",
            ""widthMobile"": 866,
            ""heightMobile"": 831
          },
          ""imgLink"": """",
          ""title"": {
            ""items"": [
              {
                ""type"": ""text"",
                ""content"": ""Технология""
              }
            ],
            ""size"": ""size6"",
            ""align"": ""center"",
            ""color"": ""color1""
          },
          ""text"": {
            ""size"": ""size2"",
            ""align"": ""left"",
            ""color"": ""color1"",
            ""items"": [
              {
                ""type"": ""text"",
                ""content"": ""Мы производим натуральные лакомства и сбалансированные рационы для собак, не используя консерванты и химические добавки.""
              }
            ]
          },
          ""reverse"": true
        }
      ]
    }
  ],
  ""version"": 0.3
}",сушеные лакомства для собак;для собак лакомство;лакомства для собак крупных пород;лакомство;вкусняшки вкусняшки;лакомство для собак для дрессировки;вкусняшка для собак;лакомство для дрессировки собак; лакомства;лакомство для собак крупных;для собак вкусняшки;лакомства для собак лакомство для кошки;лакомства для дрессировки собак;вкусняшки для собак;вкусняшки для собак крупных пород;для кошек лакомство;лакомство для собак средних пород;для чистки зубов собак;вкусняшки для собак;,группа 2,165х30х225,Бумажный пакет;Вакуумная упаковка,,"2309109000 - МАРКИРОВКА РФ - Прочий корм для собак или кошек, расфасованный для розничной продажи",Россия,Филе;Кусочки;Ломтики,Индейка,Хрустящие,,,,Мясо,,Крупный;Малый;Средний,При плохом аппетите,Без ГМО;Без ароматизаторов;Без вкусовых добавок,В сухом месте,360,39,23,"100% филе индейки.
",Нет,,
46,SPRD-02682,Утиная голова 3 штуки Shepherd TM,528.00,754.00,Не облагается,Нет,Нет,,4680614026823,130,30,225,165,https://cdn1.ozone.ru/s3/multimedia-1-i/7517662506.jpg,"https://cdn1.ozone.ru/s3/multimedia-1-v/7302631387.jpg
https://cdn1.ozone.ru/s3/multimedia-1-r/7517659563.jpg
https://cdn1.ozone.ru/s3/multimedia-1-0/7302631428.jpg
https://cdn1.ozone.ru/s3/multimedia-1-5/7517659433.jpg
https://cdn1.ozone.ru/s3/multimedia-1-f/7302631371.jpg
https://cdn1.ozone.ru/s3/multimedia-1-c/7302631368.jpg
https://cdn1.ozone.ru/s3/multimedia-1-t/7517659493.jpg
https://cdn1.ozone.ru/s3/multimedia-1-j/7302631339.jpg
https://cdn1.ozone.ru/s3/multimedia-1-3/7517659539.jpg
https://cdn1.ozone.ru/s3/multimedia-1-9/7517659401.jpg
https://cdn1.ozone.ru/s3/multimedia-1-6/7517659542.jpg
https://cdn1.ozone.ru/s3/multimedia-1-9/7302631437.jpg
https://cdn1.ozone.ru/s3/multimedia-1-n/7302631415.jpg
https://cdn1.ozone.ru/s3/multimedia-1-a/7302631474.jpg
https://cdn1.ozone.ru/s3/multimedia-1-0/7302631356.jpg
https://cdn1.ozone.ru/s3/multimedia-1-6/7517659434.jpg
https://cdn1.ozone.ru/s3/multimedia-1-9/7302631401.jpg
https://cdn1.ozone.ru/s3/multimedia-1-y/7517662486.jpg
https://cdn1.ozone.ru/s3/multimedia-1-s/7302631456.jpg
https://cdn1.ozone.ru/s3/multimedia-1-j/7302631483.jpg
https://cdn1.ozone.ru/s3/multimedia-1-m/7517662474.jpg
https://cdn1.ozone.ru/s3/multimedia-1-f/7517662503.jpg
https://cdn1.ozone.ru/s3/multimedia-1-o/7517662512.jpg",,,SHEPHERD,"Утиная голова, сушеная для собак, 100% натуральное.",110,1,,Лакомство,Для собак,365,Для взрослых;Для маленьких;Для пожилых,,"«Занять вашего друга будет легко и вкусно!»<br/><br/>Утиные головы - уникальное сочетание удовольствия и пользы!<br/><br/>Польза:<ul><li>100% натуральный продукт. Богат витаминами и минералами для здоровья вашего четвероногого друга.</li></ul><ul><li>Поддержка здоровья. Витамин В12 укрепляет мышцы и иммунитет щенков с 3-х месяцев.</li><li>Забота о сустава. Хондроитин и глюкозамин – для суставов активных и пожилых собак.</li><li>Красивая шерсть и кожа. Омега-3 и омега-6 для блестящей шерсти и здоровья кожи.</li><li>Безопасность. Нет искусственных добавок, только натуральные ингредиенты.</li><li>Очищение зубов. Хрустящая текстура способствует естественному очищению зубов.<br/><br/>Почему стоит взять несколько вкусов?<ul><li> Разнообразие. Ваш питомец забудет о скучных перекусах, если вы будете чередовать разные вкусы!</li><li>Эксперименты. Найдите тот самый любимый вкус, который станет хитом у вашего друга!</li><li> Соблюдение баланса. Разнообразие помогает обеспечить поступление всех необходимых витаминов и минералов.</li></ul></li></ul>","{
  ""content"": [
    {
      ""widgetName"": ""raShowcase"",
      ""type"": ""billboard"",
      ""blocks"": [
        {
          ""imgLink"": ""https://www.ozon.ru/seller/shepherd-1468751/products/?miniapp=seller_1468751"",
          ""img"": {
            ""src"": ""https://cdn1.ozone.ru/s3/multimedia-1-5/7436651549.jpg"",
            ""srcMobile"": ""https://cdn1.ozone.ru/s3/multimedia-1-5/7436651549.jpg"",
            ""alt"": """",
            ""position"": ""width_one_third"",
            ""positionMobile"": ""width_full"",
            ""widthMobile"": 1182,
            ""heightMobile"": 1182
          },
          ""title"": {
            ""items"": [
              {
                ""type"": ""text"",
                ""content"": ""Shepherd TM""
              }
            ],
            ""size"": ""size7"",
            ""align"": ""center"",
            ""color"": ""color1""
          },
          ""text"": {
            ""size"": ""size2"",
            ""align"": ""center"",
            ""color"": ""color1"",
            ""items"": [
              {
                ""type"": ""text"",
                ""content"": ""Мы специализируемся на производстве\r""
              },
              {
                ""type"": ""br""
              },
              {
                ""type"": ""text"",
                ""content"": ""100% натуральных лакомств и сбалансированных рационов для животных.""
              },
              {
                ""type"": ""br""
              },
              {
                ""type"": ""text"",
                ""content"": ""У нас большой выбор на любой вкус. Ваши питомцы останутся довольны.""
              },
              {
                ""type"": ""br""
              }
            ]
          }
        }
      ]
    },
    {
      ""widgetName"": ""raTextBlock"",
      ""title"": {
        ""items"": [
          {
            ""type"": ""text"",
            ""content"": ""Утиная голова для собак""
          }
        ],
        ""size"": ""size7"",
        ""color"": ""color1"",
        ""align"": ""center""
      },
      ""theme"": ""tertiary"",
      ""padding"": ""type2"",
      ""gapSize"": ""s"",
      ""text"": {
        ""size"": ""size2"",
        ""align"": ""left"",
        ""color"": ""color1"",
        ""items"": [
          {
            ""type"": ""text"",
            ""content"": ""«Занять вашего друга будет легко и вкусно!»\r""
          },
          {
            ""type"": ""br""
          },
          {
            ""type"": ""text"",
            ""content"": ""\r""
          },
          {
            ""type"": ""br""
          },
          {
            ""type"": ""text"",
            ""content"": ""Утиные головы - уникальное сочетание удовольствия и пользы!\r""
          },
          {
            ""type"": ""br""
          },
          {
            ""type"": ""text"",
            ""content"": ""\r""
          },
          {
            ""type"": ""br""
          },
          {
            ""type"": ""text"",
            ""content"": ""Польза:\r""
          },
          {
            ""type"": ""br""
          },
          {
            ""type"": ""text"",
            ""content"": ""100% натуральный продукт. Богат витаминами и минералами для здоровья вашего четвероногого друга.\r""
          },
          {
            ""type"": ""br""
          },
          {
            ""type"": ""text"",
            ""content"": ""Поддержка здоровья. Витамин В12 укрепляет мышцы и иммунитет щенков с 3-х месяцев.\r""
          },
          {
            ""type"": ""br""
          },
          {
            ""type"": ""text"",
            ""content"": ""Забота о сустава. Хондроитин и глюкозамин – для суставов активных и пожилых собак.\r""
          },
          {
            ""type"": ""br""
          },
          {
            ""type"": ""text"",
            ""content"": ""Красивая шерсть и кожа. Омега-3 и омега-6 для блестящей шерсти и здоровья кожи.\r""
          },
          {
            ""type"": ""br""
          },
          {
            ""type"": ""text"",
            ""content"": ""Безопасность. Нет искусственных добавок, только натуральные ингредиенты.\r""
          },
          {
            ""type"": ""br""
          },
          {
            ""type"": ""text"",
            ""content"": ""Очищение зубов. Хрустящая текстура способствует естественному очищению зубов.\r""
          },
          {
            ""type"": ""br""
          },
          {
            ""type"": ""text"",
            ""content"": ""\r""
          },
          {
            ""type"": ""br""
          },
          {
            ""type"": ""text"",
            ""content"": ""Почему стоит взять несколько вкусов?\r""
          },
          {
            ""type"": ""br""
          },
          {
            ""type"": ""text"",
            ""content"": "" Разнообразие. Ваш питомец забудет о скучных перекусах, если вы будете чередовать разные вкусы!\r""
          },
          {
            ""type"": ""br""
          },
          {
            ""type"": ""text"",
            ""content"": ""Эксперименты. Найдите тот самый любимый вкус, который станет хитом у вашего друга!\r""
          },
          {
            ""type"": ""br""
          },
          {
            ""type"": ""text"",
            ""content"": "" Соблюдение баланса. Разнообразие помогает обеспечить поступление всех необходимых витаминов и минералов.""
          }
        ]
      }
    },
    {
      ""widgetName"": ""raShowcase"",
      ""type"": ""chess"",
      ""blocks"": [
        {
          ""img"": {
            ""src"": ""https://cdn1.ozone.ru/s3/multimedia-1-c/7439066508.jpg"",
            ""srcMobile"": ""https://cdn1.ozone.ru/s3/multimedia-1-c/7439066508.jpg"",
            ""alt"": """",
            ""position"": ""to_the_edge"",
            ""positionMobile"": ""fill"",
            ""widthMobile"": 1680,
            ""heightMobile"": 1680
          },
          ""imgLink"": """",
          ""title"": {
            ""items"": [
              {
                ""type"": ""text"",
                ""content"": ""С любовью и заботой ""
              }
            ],
            ""size"": ""size6"",
            ""align"": ""center"",
            ""color"": ""color1""
          },
          ""text"": {
            ""size"": ""size2"",
            ""align"": ""center"",
            ""color"": ""color1"",
            ""items"": [
              {
                ""type"": ""text"",
                ""content"": ""Мы используем только качественное мясо и тщательно следим за стандартами, чтобы обеспечить здоровье ваших питомцев. Наши лакомства – это продукты, созданные с любовью и заботой.""
              }
            ]
          },
          ""reverse"": false
        },
        {
          ""img"": {
            ""src"": ""https://cdn1.ozone.ru/s3/multimedia-1-p/7435712833.jpg"",
            ""srcMobile"": ""https://cdn1.ozone.ru/s3/multimedia-1-p/7435712833.jpg"",
            ""alt"": """",
            ""position"": ""fill"",
            ""positionMobile"": ""fill"",
            ""widthMobile"": 866,
            ""heightMobile"": 831
          },
          ""imgLink"": """",
          ""title"": {
            ""items"": [
              {
                ""type"": ""text"",
                ""content"": ""Технология""
              }
            ],
            ""size"": ""size6"",
            ""align"": ""center"",
            ""color"": ""color1""
          },
          ""text"": {
            ""size"": ""size2"",
            ""align"": ""left"",
            ""color"": ""color1"",
            ""items"": [
              {
                ""type"": ""text"",
                ""content"": ""Мы производим натуральные лакомства и сбалансированные рационы для собак, не используя консерванты и химические добавки.""
              }
            ]
          },
          ""reverse"": true
        }
      ]
    }
  ],
  ""version"": 0.3
}",Шепард; Shepherd;лакомства для собак;лакомство для собак;утиные головы для собак;утиная;аорта говяжья для собак;головы утиные для собак;лакомство для собак;лакомства для собак;для мелких пород;средних пород;сушеные лакомства для собак; мясо для собак; утка для собак; долгоиграющие лакомства для собак; для зубов собак; кости; косточки; чистка зубов собаке,группа 18,165х30х225,Вакуумная упаковка,,"2309109000 - МАРКИРОВКА РФ - Прочий корм для собак или кошек, расфасованный для розничной продажи",Россия,Голова,Утка,Твердые,,,,Мясо,,Крупный;Малый;Средний,Профилактика зубного налета,Без ГМО;Без ароматизаторов;Без вкусовых добавок,В сухом месте;Не подвергать воздействию прямого солнечного света,401,45,23.5,"100% утиная голова.
Назначение: долгоиграющее лакомство
очищает зубы от налета и камня, тренирует челюсть.
Питательная ценность в 100 г:
белки 49.1 г, жиры 23,5 г, кал. 408 кКал.
Срок годности: 12 мес.",Нет,,
47,SPRD-02255,Лакомство для собак утиные лапки SHEPHERD TM 100г,538.00,768.00,Не облагается,Нет,Нет,,4680614022559,110,135,20,225,https://cdn1.ozone.ru/s3/multimedia-9/6852502737.jpg,"https://cdn1.ozone.ru/s3/multimedia-a/6852502738.jpg
https://cdn1.ozone.ru/s3/multimedia-4/6852502732.jpg
https://cdn1.ozone.ru/s3/multimedia-7/6852502735.jpg
https://cdn1.ozone.ru/s3/multimedia-b/6852502739.jpg
https://cdn1.ozone.ru/s3/multimedia-d/6852502741.jpg
https://cdn1.ozone.ru/s3/multimedia-5/6852502733.jpg
https://cdn1.ozone.ru/s3/multimedia-g/6852502744.jpg
https://cdn1.ozone.ru/s3/multimedia-c/6852502740.jpg
https://cdn1.ozone.ru/s3/multimedia-e/6852502742.jpg
https://cdn1.ozone.ru/s3/multimedia-3/6852502731.jpg
https://cdn1.ozone.ru/s3/multimedia-6/6852502734.jpg
https://cdn1.ozone.ru/s3/multimedia-f/6852502743.jpg
https://cdn1.ozone.ru/s3/multimedia-8/6852502736.jpg
https://cdn1.ozone.ru/s3/multimedia-h/6852502745.jpg",,,SHEPHERD,"Утиные лапки, для собак, 100% натуральное",100,1,1,Лакомство,Для собак,365,Для взрослых;Для маленьких;Для пожилых,,"Утиные лапки для собак – это отличное собачье лакомство, которое не только радует питомцев вкусом, но и заботится о их здоровье и активности.<br/><br/>Польза:<ul><li>Поддержка суставов. Хрящевая ткань в утиных лапках богата коллагеном и глюкозамином, что способствует эластичности суставов и предотвращает развитие артрита.</li><li>Здоровье полости рта. Жевательная текстура этих вкусняшек для собак помогает очищать зубы от налета, массировать десны и укреплять челюсти, поддерживая гигиену полости рта вашего питомца.</li><li>Витамины и минералы. Утиные лапки содержат важные микроэлементы, которые поддерживают общее здоровье, делают шерсть более блестящей и укрепляют иммунитет.</li><li>Натуральный продукт. Все лакомства SHEPHERD производятся из 100% натуральных ингредиентов без искусственных добавок, красителей и консервантов.</li><li>Качественные продукты. Мы предлагаем сушеные утиные лапки с удаленными когтями, что делает их безопасными для употребления. Каждое лакомство тщательно проверяется, чтобы быть достойным вашей собаки.</li></ul>Сделайте правильный выбор для своего любимца! Заботьтесь о здоровье и счастье вашего питомца с качественными и натуральными продуктами от SHEPHERD.","{
  ""content"": [
    {
      ""widgetName"": ""raShowcase"",
      ""type"": ""billboard"",
      ""blocks"": [
        {
          ""imgLink"": ""https://www.ozon.ru/seller/shepherd-1468751/products/?miniapp=seller_1468751"",
          ""img"": {
            ""src"": ""https://cdn1.ozone.ru/s3/multimedia-1-5/7436651549.jpg"",
            ""srcMobile"": ""https://cdn1.ozone.ru/s3/multimedia-1-5/7436651549.jpg"",
            ""alt"": """",
            ""position"": ""width_one_third"",
            ""positionMobile"": ""width_full"",
            ""widthMobile"": 1182,
            ""heightMobile"": 1182
          },
          ""title"": {
            ""items"": [
              {
                ""type"": ""text"",
                ""content"": ""Shepherd TM""
              }
            ],
            ""size"": ""size7"",
            ""align"": ""center"",
            ""color"": ""color1""
          },
          ""text"": {
            ""size"": ""size2"",
            ""align"": ""center"",
            ""color"": ""color1"",
            ""items"": [
              {
                ""type"": ""text"",
                ""content"": ""Мы специализируемся на производстве\r""
              },
              {
                ""type"": ""br""
              },
              {
                ""type"": ""text"",
                ""content"": ""100% натуральных лакомств и сбалансированных рационов для животных.""
              },
              {
                ""type"": ""br""
              },
              {
                ""type"": ""text"",
                ""content"": ""У нас большой выбор на любой вкус. Ваши питомцы останутся довольны.""
              },
              {
                ""type"": ""br""
              }
            ]
          }
        }
      ]
    },
    {
      ""widgetName"": ""raTextBlock"",
      ""title"": {
        ""items"": [
          {
            ""type"": ""text"",
            ""content"": ""Утиные лапки для собак""
          }
        ],
        ""size"": ""size7"",
        ""color"": ""color1"",
        ""align"": ""center""
      },
      ""theme"": ""tertiary"",
      ""padding"": ""type2"",
      ""gapSize"": ""s"",
      ""text"": {
        ""size"": ""size2"",
        ""align"": ""left"",
        ""color"": ""color1"",
        ""items"": [
          {
            ""type"": ""text"",
            ""content"": ""Утиные лапки для собак – это отличное собачье лакомство, которое не только радует питомцев вкусом, но и заботится о их здоровье и активности.\r""
          },
          {
            ""type"": ""br""
          },
          {
            ""type"": ""text"",
            ""content"": ""\r""
          },
          {
            ""type"": ""br""
          },
          {
            ""type"": ""text"",
            ""content"": ""Польза:\r""
          },
          {
            ""type"": ""br""
          },
          {
            ""type"": ""text"",
            ""content"": ""Поддержка суставов. Хрящевая ткань в утиных лапках богата коллагеном и глюкозамином, что способствует эластичности суставов и предотвращает развитие артрита.\r""
          },
          {
            ""type"": ""br""
          },
          {
            ""type"": ""text"",
            ""content"": ""Здоровье полости рта. Жевательная текстура этих вкусняшек для собак помогает очищать зубы от налета, массировать десны и укреплять челюсти, поддерживая гигиену полости рта вашего питомца.\r""
          },
          {
            ""type"": ""br""
          },
          {
            ""type"": ""text"",
            ""content"": ""Витамины и минералы. Утиные лапки содержат важные микроэлементы, которые поддерживают общее здоровье, делают шерсть более блестящей и укрепляют иммунитет.\r""
          },
          {
            ""type"": ""br""
          },
          {
            ""type"": ""text"",
            ""content"": ""Натуральный продукт. Все лакомства SHEPHERD производятся из 100% натуральных ингредиентов без искусственных добавок, красителей и консервантов.\r""
          },
          {
            ""type"": ""br""
          },
          {
            ""type"": ""text"",
            ""content"": ""Качественные продукты. Мы предлагаем сушеные утиные лапки с удаленными когтями, что делает их безопасными для употребления. Каждое лакомство тщательно проверяется, чтобы быть достойным вашей собаки.\r""
          },
          {
            ""type"": ""br""
          },
          {
            ""type"": ""text"",
            ""content"": ""Сделайте правильный выбор для своего любимца! Заботьтесь о здоровье и счастье вашего питомца с качественными и натуральными продуктами от SHEPHERD.""
          }
        ]
      }
    },
    {
      ""widgetName"": ""raShowcase"",
      ""type"": ""chess"",
      ""blocks"": [
        {
          ""img"": {
            ""src"": ""https://cdn1.ozone.ru/s3/multimedia-1-k/7439654828.jpg"",
            ""srcMobile"": ""https://cdn1.ozone.ru/s3/multimedia-1-k/7439654828.jpg"",
            ""alt"": """",
            ""position"": ""to_the_edge"",
            ""positionMobile"": ""fill"",
            ""widthMobile"": 1680,
            ""heightMobile"": 1680
          },
          ""imgLink"": """",
          ""title"": {
            ""items"": [
              {
                ""type"": ""text"",
                ""content"": ""С любовью и заботой ""
              }
            ],
            ""size"": ""size6"",
            ""align"": ""center"",
            ""color"": ""color1""
          },
          ""text"": {
            ""size"": ""size2"",
            ""align"": ""center"",
            ""color"": ""color1"",
            ""items"": [
              {
                ""type"": ""text"",
                ""content"": ""Мы используем только качественное мясо и тщательно следим за стандартами, чтобы обеспечить здоровье ваших питомцев. Наши лакомства – это продукты, созданные с любовью и заботой.""
              }
            ]
          },
          ""reverse"": false
        },
        {
          ""img"": {
            ""src"": ""https://cdn1.ozone.ru/s3/multimedia-1-p/7435712833.jpg"",
            ""srcMobile"": ""https://cdn1.ozone.ru/s3/multimedia-1-p/7435712833.jpg"",
            ""alt"": """",
            ""position"": ""fill"",
            ""positionMobile"": ""fill"",
            ""widthMobile"": 866,
            ""heightMobile"": 831
          },
          ""imgLink"": """",
          ""title"": {
            ""items"": [
              {
                ""type"": ""text"",
                ""content"": ""Технология""
              }
            ],
            ""size"": ""size6"",
            ""align"": ""center"",
            ""color"": ""color1""
          },
          ""text"": {
            ""size"": ""size2"",
            ""align"": ""left"",
            ""color"": ""color1"",
            ""items"": [
              {
                ""type"": ""text"",
                ""content"": ""Мы производим натуральные лакомства и сбалансированные рационы для собак, не используя консерванты и химические добавки.""
              }
            ]
          },
          ""reverse"": true
        }
      ]
    }
  ],
  ""version"": 0.3
}",для собак вкусняшки;вкусняшки для грызунов;деревенское лакомство для собак;для животных;костяшки;вкусняшки для собак мелких пород натуральные;вкусняшки для собак;косточка для собак мелких пород;косточка для собак;косточки для собак;собачьи лакомства;деревенские лакомства для собак мелких пород;лакомства для собак крупных пород;кости для собак мелких пород;для собак мелких;собачье лакомство;кости для собак крупных пород;лакомство для собак крупных пород;вкусняшки для собак мелких;,группа 18,225х135х20,Вакуумная упаковка;Дой-пак,лакомства для собак - 1 упаковка,"2309109000 - МАРКИРОВКА РФ - Прочий корм для собак или кошек, расфасованный для розничной продажи",Россия,Лапки,Утка,Твердые,,,,Птица,,Малый;Средний;Крупный,Профилактика зубного налета,Без ароматизаторов;Без вкусовых добавок;Без ГМО,В сухом месте;Не подвергать воздействию прямого солнечного света;При температуре от +4`С до +25`С,455,42.2,31.7,100% утиные лапки,Нет,,
48,SPRD-02253,Утиные шейки SHEPHERD TM 1000г,"3,528.00","5,040.00",Не облагается,Нет,Нет,,4680614022535,1022,40,300,300,https://cdn1.ozone.ru/s3/multimedia-1/6852513853.jpg,"https://cdn1.ozone.ru/s3/multimedia-a/6852513862.jpg
https://cdn1.ozone.ru/s3/multimedia-2/6852513854.jpg
https://cdn1.ozone.ru/s3/multimedia-1/6852513889.jpg
https://cdn1.ozone.ru/s3/multimedia-9/6852513861.jpg
https://cdn1.ozone.ru/s3/multimedia-7/6852513859.jpg
https://cdn1.ozone.ru/s3/multimedia-5/6852513857.jpg
https://cdn1.ozone.ru/s3/multimedia-8/6852513860.jpg
https://cdn1.ozone.ru/s3/multimedia-b/6852513863.jpg
https://cdn1.ozone.ru/s3/multimedia-c/6852513864.jpg
https://cdn1.ozone.ru/s3/multimedia-3/6852513855.jpg
https://cdn1.ozone.ru/s3/multimedia-6/6852513858.jpg
https://cdn1.ozone.ru/s3/multimedia-4/6852513856.jpg",,,SHEPHERD,"Утиные шейки, натуральное сушёное для собак TM.",1000,,1,Лакомство,Для собак,365,Для взрослых;Для маленьких;Для пожилых,#лакомствадлясобак #вкусняшкидлясобак #длясреднихпород #уткадлясобак #бараньелёгкоедлясобак #шепард #shepherd,"Утиные шеи для собак – идеальное сочетание вкуса и пользы для вашего питомца!<br/><br/>Польза утиных шеек:<br/><br/>Здоровье суставов. Регулярное употребление способствует поддержанию опорно-двигательного аппарата, обеспечивая эластичность и прочность суставов благодаря уникальному природному составу.<br/><br/>Натуральность. Шеи утиные для собак – это 100% натуральный продукт без искусственных добавок, консервантов или красителей. Это делает их безопасным выбором для всех пород, включая собак крупных пород.<br/><br/>Для здоровья зубов. Особенно полезны сушеные лакомства для собак в период смены зубов у щенков. Текстура утиных шеек помогает массировать десны, снимать зуд и дискомфорт, а также укреплять новые зубы.<br/><br/>Вкусняшки для дрессировки собак. Благодаря натуральному составу и высокой вкусовой привлекательности, утиные шеи отлично подходят как вкусняшки для дрессировки собак, мотивируя питомца выполнять команды.<br/><br/>Дарите своему питомцу радость от вкусного лакомства и заботьтесь о его здоровье вместе с SHEPHERD!","{
  ""content"": [
    {
      ""widgetName"": ""raShowcase"",
      ""type"": ""billboard"",
      ""blocks"": [
        {
          ""imgLink"": ""https://www.ozon.ru/seller/shepherd-1468751/products/?miniapp=seller_1468751"",
          ""img"": {
            ""src"": ""https://cdn1.ozone.ru/s3/multimedia-1-5/7436651549.jpg"",
            ""srcMobile"": ""https://cdn1.ozone.ru/s3/multimedia-1-5/7436651549.jpg"",
            ""alt"": """",
            ""position"": ""width_one_third"",
            ""positionMobile"": ""width_full"",
            ""widthMobile"": 1182,
            ""heightMobile"": 1182
          },
          ""title"": {
            ""items"": [
              {
                ""type"": ""text"",
                ""content"": ""Shepherd TM""
              }
            ],
            ""size"": ""size7"",
            ""align"": ""center"",
            ""color"": ""color1""
          },
          ""text"": {
            ""size"": ""size2"",
            ""align"": ""center"",
            ""color"": ""color1"",
            ""items"": [
              {
                ""type"": ""text"",
                ""content"": ""Мы специализируемся на производстве\r""
              },
              {
                ""type"": ""br""
              },
              {
                ""type"": ""text"",
                ""content"": ""100% натуральных лакомств и сбалансированных рационов для животных.""
              },
              {
                ""type"": ""br""
              },
              {
                ""type"": ""text"",
                ""content"": ""У нас большой выбор на любой вкус. Ваши питомцы останутся довольны.""
              },
              {
                ""type"": ""br""
              }
            ]
          }
        }
      ]
    },
    {
      ""widgetName"": ""raTextBlock"",
      ""title"": {
        ""items"": [
          {
            ""type"": ""text"",
            ""content"": ""Утиные шейки для собак""
          }
        ],
        ""size"": ""size7"",
        ""color"": ""color1"",
        ""align"": ""center""
      },
      ""theme"": ""tertiary"",
      ""padding"": ""type2"",
      ""gapSize"": ""s"",
      ""text"": {
        ""size"": ""size2"",
        ""align"": ""left"",
        ""color"": ""color1"",
        ""items"": [
          {
            ""type"": ""text"",
            ""content"": ""Утиные шеи для собак – идеальное сочетание вкуса и пользы для вашего питомца!\r""
          },
          {
            ""type"": ""br""
          },
          {
            ""type"": ""text"",
            ""content"": ""\r""
          },
          {
            ""type"": ""br""
          },
          {
            ""type"": ""text"",
            ""content"": ""Польза утиных шеек:\r""
          },
          {
            ""type"": ""br""
          },
          {
            ""type"": ""text"",
            ""content"": ""\r""
          },
          {
            ""type"": ""br""
          },
          {
            ""type"": ""text"",
            ""content"": ""Здоровье суставов. Регулярное употребление способствует поддержанию опорно-двигательного аппарата, обеспечивая эластичность и прочность суставов благодаря уникальному природному составу.\r""
          },
          {
            ""type"": ""br""
          },
          {
            ""type"": ""text"",
            ""content"": ""\r""
          },
          {
            ""type"": ""br""
          },
          {
            ""type"": ""text"",
            ""content"": ""Натуральность. Шеи утиные для собак – это 100% натуральный продукт без искусственных добавок, консервантов или красителей. Это делает их безопасным выбором для всех пород, включая собак крупных пород.\r""
          },
          {
            ""type"": ""br""
          },
          {
            ""type"": ""text"",
            ""content"": ""\r""
          },
          {
            ""type"": ""br""
          },
          {
            ""type"": ""text"",
            ""content"": ""Для здоровья зубов. Особенно полезны сушеные лакомства для собак в период смены зубов у щенков. Текстура утиных шеек помогает массировать десны, снимать зуд и дискомфорт, а также укреплять новые зубы.\r""
          },
          {
            ""type"": ""br""
          },
          {
            ""type"": ""text"",
            ""content"": ""\r""
          },
          {
            ""type"": ""br""
          },
          {
            ""type"": ""text"",
            ""content"": ""Вкусняшки для дрессировки собак. Благодаря натуральному составу и высокой вкусовой привлекательности, утиные шеи отлично подходят как вкусняшки для дрессировки собак, мотивируя питомца выполнять команды.\r""
          },
          {
            ""type"": ""br""
          },
          {
            ""type"": ""text"",
            ""content"": ""\r""
          },
          {
            ""type"": ""br""
          },
          {
            ""type"": ""text"",
            ""content"": ""Дарите своему питомцу радость от вкусного лакомства и заботьтесь о его здоровье вместе с SHEPHERD!""
          }
        ]
      }
    },
    {
      ""widgetName"": ""raShowcase"",
      ""type"": ""chess"",
      ""blocks"": [
        {
          ""img"": {
            ""src"": ""https://cdn1.ozone.ru/s3/multimedia-1-7/7436856715.jpg"",
            ""srcMobile"": ""https://cdn1.ozone.ru/s3/multimedia-1-7/7436856715.jpg"",
            ""alt"": """",
            ""position"": ""to_the_edge"",
            ""positionMobile"": ""fill"",
            ""widthMobile"": 1680,
            ""heightMobile"": 1680
          },
          ""imgLink"": """",
          ""title"": {
            ""items"": [
              {
                ""type"": ""text"",
                ""content"": ""С любовью и заботой ""
              }
            ],
            ""size"": ""size6"",
            ""align"": ""center"",
            ""color"": ""color1""
          },
          ""text"": {
            ""size"": ""size2"",
            ""align"": ""center"",
            ""color"": ""color1"",
            ""items"": [
              {
                ""type"": ""text"",
                ""content"": ""Мы используем только качественное мясо и тщательно следим за стандартами, чтобы обеспечить здоровье ваших питомцев. Наши лакомства – это продукты, созданные с любовью и заботой.""
              }
            ]
          },
          ""reverse"": false
        },
        {
          ""img"": {
            ""src"": ""https://cdn1.ozone.ru/s3/multimedia-1-p/7435712833.jpg"",
            ""srcMobile"": ""https://cdn1.ozone.ru/s3/multimedia-1-p/7435712833.jpg"",
            ""alt"": """",
            ""position"": ""fill"",
            ""positionMobile"": ""fill"",
            ""widthMobile"": 866,
            ""heightMobile"": 831
          },
          ""imgLink"": """",
          ""title"": {
            ""items"": [
              {
                ""type"": ""text"",
                ""content"": ""Технология""
              }
            ],
            ""size"": ""size6"",
            ""align"": ""center"",
            ""color"": ""color1""
          },
          ""text"": {
            ""size"": ""size2"",
            ""align"": ""left"",
            ""color"": ""color1"",
            ""items"": [
              {
                ""type"": ""text"",
                ""content"": ""Мы производим натуральные лакомства и сбалансированные рационы для собак, не используя консерванты и химические добавки.""
              }
            ]
          },
          ""reverse"": true
        }
      ]
    }
  ],
  ""version"": 0.3
}",лакомство для собак для дрессировки;лакомства для собак крупных пород;для зубов собак;сушеные лакомства для собак;вкусняшки для собак крупных пород;вкусняшки для дрессировки собак;лакомства для собак крупных пород;кости;косточка;лакомство для щенков;собачье лакомство;лакомства для дрессировки собак;вкусняшки для собак мелких;,группа 18,300х40х400,Вакуумная упаковка;Дой-пак,,"2309109000 - МАРКИРОВКА РФ - Прочий корм для собак или кошек, расфасованный для розничной продажи",Россия,Шейка,Утка,Твердые,,,,Птица,,Малый;Крупный;Средний,Профилактика зубного налета,Без ГМО;Без вкусовых добавок,В сухом темном месте,230,40,20,100% утиная шея,Нет,,
49,SPRD-02241,Утиные шейки SHEPHERD TM 500г,"2,227.00","3,181.00",Не облагается,Нет,Нет,,4680614022412,516,250,140,70,https://cdn1.ozone.ru/s3/multimedia-1/6852513889.jpg,"https://cdn1.ozone.ru/s3/multimedia-a/6852513862.jpg
https://cdn1.ozone.ru/s3/multimedia-2/6852513854.jpg
https://cdn1.ozone.ru/s3/multimedia-1/6852513853.jpg
https://cdn1.ozone.ru/s3/multimedia-9/6852513861.jpg
https://cdn1.ozone.ru/s3/multimedia-7/6852513859.jpg
https://cdn1.ozone.ru/s3/multimedia-5/6852513857.jpg
https://cdn1.ozone.ru/s3/multimedia-8/6852513860.jpg
https://cdn1.ozone.ru/s3/multimedia-b/6852513863.jpg
https://cdn1.ozone.ru/s3/multimedia-c/6852513864.jpg
https://cdn1.ozone.ru/s3/multimedia-3/6852513855.jpg
https://cdn1.ozone.ru/s3/multimedia-6/6852513858.jpg
https://cdn1.ozone.ru/s3/multimedia-4/6852513856.jpg",,,SHEPHERD,"Утиные шейки, натуральное сушёное для собак TM.",500,,1,Лакомство,Для собак,365,Для взрослых;Для маленьких;Для пожилых,#лакомствадлясобак #вкусняшкидлясобак #длясреднихпород #утиныешеидлясобак #аортадлясобак #шепард,"Утиные шеи для собак – идеальное сочетание вкуса и пользы для вашего питомца!<br/><br/>Польза утиных шеек:<br/><br/>Здоровье суставов. Регулярное употребление способствует поддержанию опорно-двигательного аппарата, обеспечивая эластичность и прочность суставов благодаря уникальному природному составу.<br/><br/>Натуральность. Шеи утиные для собак – это 100% натуральный продукт без искусственных добавок, консервантов или красителей. Это делает их безопасным выбором для всех пород, включая собак крупных пород.<br/><br/>Для здоровья зубов. Особенно полезны сушеные лакомства для собак в период смены зубов у щенков. Текстура утиных шеек помогает массировать десны, снимать зуд и дискомфорт, а также укреплять новые зубы.<br/><br/>Вкусняшки для дрессировки собак. Благодаря натуральному составу и высокой вкусовой привлекательности, утиные шеи отлично подходят как вкусняшки для дрессировки собак, мотивируя питомца выполнять команды.<br/><br/>Дарите своему питомцу радость от вкусного лакомства и заботьтесь о его здоровье вместе с SHEPHERD!","{
  ""content"": [
    {
      ""widgetName"": ""raShowcase"",
      ""type"": ""billboard"",
      ""blocks"": [
        {
          ""imgLink"": ""https://www.ozon.ru/seller/shepherd-1468751/products/?miniapp=seller_1468751"",
          ""img"": {
            ""src"": ""https://cdn1.ozone.ru/s3/multimedia-1-5/7436651549.jpg"",
            ""srcMobile"": ""https://cdn1.ozone.ru/s3/multimedia-1-5/7436651549.jpg"",
            ""alt"": """",
            ""position"": ""width_one_third"",
            ""positionMobile"": ""width_full"",
            ""widthMobile"": 1182,
            ""heightMobile"": 1182
          },
          ""title"": {
            ""items"": [
              {
                ""type"": ""text"",
                ""content"": ""Shepherd TM""
              }
            ],
            ""size"": ""size7"",
            ""align"": ""center"",
            ""color"": ""color1""
          },
          ""text"": {
            ""size"": ""size2"",
            ""align"": ""center"",
            ""color"": ""color1"",
            ""items"": [
              {
                ""type"": ""text"",
                ""content"": ""Мы специализируемся на производстве\r""
              },
              {
                ""type"": ""br""
              },
              {
                ""type"": ""text"",
                ""content"": ""100% натуральных лакомств и сбалансированных рационов для животных.""
              },
              {
                ""type"": ""br""
              },
              {
                ""type"": ""text"",
                ""content"": ""У нас большой выбор на любой вкус. Ваши питомцы останутся довольны.""
              },
              {
                ""type"": ""br""
              }
            ]
          }
        }
      ]
    },
    {
      ""widgetName"": ""raTextBlock"",
      ""title"": {
        ""items"": [
          {
            ""type"": ""text"",
            ""content"": ""Утиные шейки для собак""
          }
        ],
        ""size"": ""size7"",
        ""color"": ""color1"",
        ""align"": ""center""
      },
      ""theme"": ""tertiary"",
      ""padding"": ""type2"",
      ""gapSize"": ""s"",
      ""text"": {
        ""size"": ""size2"",
        ""align"": ""left"",
        ""color"": ""color1"",
        ""items"": [
          {
            ""type"": ""text"",
            ""content"": ""Утиные шеи для собак – идеальное сочетание вкуса и пользы для вашего питомца!\r""
          },
          {
            ""type"": ""br""
          },
          {
            ""type"": ""text"",
            ""content"": ""\r""
          },
          {
            ""type"": ""br""
          },
          {
            ""type"": ""text"",
            ""content"": ""Польза утиных шеек:\r""
          },
          {
            ""type"": ""br""
          },
          {
            ""type"": ""text"",
            ""content"": ""\r""
          },
          {
            ""type"": ""br""
          },
          {
            ""type"": ""text"",
            ""content"": ""Здоровье суставов. Регулярное употребление способствует поддержанию опорно-двигательного аппарата, обеспечивая эластичность и прочность суставов благодаря уникальному природному составу.\r""
          },
          {
            ""type"": ""br""
          },
          {
            ""type"": ""text"",
            ""content"": ""\r""
          },
          {
            ""type"": ""br""
          },
          {
            ""type"": ""text"",
            ""content"": ""Натуральность. Шеи утиные для собак – это 100% натуральный продукт без искусственных добавок, консервантов или красителей. Это делает их безопасным выбором для всех пород, включая собак крупных пород.\r""
          },
          {
            ""type"": ""br""
          },
          {
            ""type"": ""text"",
            ""content"": ""\r""
          },
          {
            ""type"": ""br""
          },
          {
            ""type"": ""text"",
            ""content"": ""Для здоровья зубов. Особенно полезны сушеные лакомства для собак в период смены зубов у щенков. Текстура утиных шеек помогает массировать десны, снимать зуд и дискомфорт, а также укреплять новые зубы.\r""
          },
          {
            ""type"": ""br""
          },
          {
            ""type"": ""text"",
            ""content"": ""\r""
          },
          {
            ""type"": ""br""
          },
          {
            ""type"": ""text"",
            ""content"": ""Вкусняшки для дрессировки собак. Благодаря натуральному составу и высокой вкусовой привлекательности, утиные шеи отлично подходят как вкусняшки для дрессировки собак, мотивируя питомца выполнять команды.\r""
          },
          {
            ""type"": ""br""
          },
          {
            ""type"": ""text"",
            ""content"": ""\r""
          },
          {
            ""type"": ""br""
          },
          {
            ""type"": ""text"",
            ""content"": ""Дарите своему питомцу радость от вкусного лакомства и заботьтесь о его здоровье вместе с SHEPHERD!""
          }
        ]
      }
    },
    {
      ""widgetName"": ""raShowcase"",
      ""type"": ""chess"",
      ""blocks"": [
        {
          ""img"": {
            ""src"": ""https://cdn1.ozone.ru/s3/multimedia-1-7/7436856715.jpg"",
            ""srcMobile"": ""https://cdn1.ozone.ru/s3/multimedia-1-7/7436856715.jpg"",
            ""alt"": """",
            ""position"": ""to_the_edge"",
            ""positionMobile"": ""fill"",
            ""widthMobile"": 1680,
            ""heightMobile"": 1680
          },
          ""imgLink"": """",
          ""title"": {
            ""items"": [
              {
                ""type"": ""text"",
                ""content"": ""С любовью и заботой ""
              }
            ],
            ""size"": ""size6"",
            ""align"": ""center"",
            ""color"": ""color1""
          },
          ""text"": {
            ""size"": ""size2"",
            ""align"": ""center"",
            ""color"": ""color1"",
            ""items"": [
              {
                ""type"": ""text"",
                ""content"": ""Мы используем только качественное мясо и тщательно следим за стандартами, чтобы обеспечить здоровье ваших питомцев. Наши лакомства – это продукты, созданные с любовью и заботой.""
              }
            ]
          },
          ""reverse"": false
        },
        {
          ""img"": {
            ""src"": ""https://cdn1.ozone.ru/s3/multimedia-1-p/7435712833.jpg"",
            ""srcMobile"": ""https://cdn1.ozone.ru/s3/multimedia-1-p/7435712833.jpg"",
            ""alt"": """",
            ""position"": ""fill"",
            ""positionMobile"": ""fill"",
            ""widthMobile"": 866,
            ""heightMobile"": 831
          },
          ""imgLink"": """",
          ""title"": {
            ""items"": [
              {
                ""type"": ""text"",
                ""content"": ""Технология""
              }
            ],
            ""size"": ""size6"",
            ""align"": ""center"",
            ""color"": ""color1""
          },
          ""text"": {
            ""size"": ""size2"",
            ""align"": ""left"",
            ""color"": ""color1"",
            ""items"": [
              {
                ""type"": ""text"",
                ""content"": ""Мы производим натуральные лакомства и сбалансированные рационы для собак, не используя консерванты и химические добавки.""
              }
            ]
          },
          ""reverse"": true
        }
      ]
    }
  ],
  ""version"": 0.3
}",лакомство для собак для дрессировки;лакомства для собак крупных пород;для зубов собак;сушеные лакомства для собак;вкусняшки для собак крупных пород;вкусняшки для дрессировки собак;лакомства для собак крупных пород;кости;косточка;лакомство для щенков;собачье лакомство;лакомства для дрессировки собак;вкусняшки для собак мелких;,группа 17,250х20х160,Вакуумная упаковка;Дой-пак,,"2309109000 - МАРКИРОВКА РФ - Прочий корм для собак или кошек, расфасованный для розничной продажи",Россия,Шейка,Утка,Твердые,,,,Птица,,Малый;Крупный;Средний,Профилактика зубного налета,Без ГМО,В сухом темном месте,230,40,20,100% утиная шея,Нет,,
50,SPRD-02223,Лакомство для собак баранье сердце SHEPHERD TM 1000г,"8,281.00","11,830.00",Не облагается,Нет,Нет,,4680614022238,1020,400,50,400,https://cdn1.ozone.ru/s3/multimedia-1-6/7254530214.jpg,"https://cdn1.ozone.ru/s3/multimedia-1-f/7254530187.jpg
https://cdn1.ozone.ru/s3/multimedia-1-c/7255380288.jpg
https://cdn1.ozone.ru/s3/multimedia-1-g/7254402892.jpg
https://cdn1.ozone.ru/s3/multimedia-1-r/7254402939.jpg
https://cdn1.ozone.ru/s3/multimedia-1-f/7254530223.jpg
https://cdn1.ozone.ru/s3/multimedia-1-c/7254411600.jpg
https://cdn1.ozone.ru/s3/multimedia-1-j/7254530191.jpg
https://cdn1.ozone.ru/s3/multimedia-1-n/7254402899.jpg
https://cdn1.ozone.ru/s3/multimedia-1-p/7254402937.jpg
https://cdn1.ozone.ru/s3/multimedia-1-f/7254402891.jpg
https://cdn1.ozone.ru/s3/multimedia-1-j/7254530227.jpg
https://cdn1.ozone.ru/s3/multimedia-1-l/7254530193.jpg
https://cdn1.ozone.ru/s3/multimedia-1-c/7254530220.jpg
https://cdn1.ozone.ru/s3/multimedia-1-0/7254530172.jpg
https://cdn1.ozone.ru/s3/multimedia-1-3/7254530211.jpg
https://cdn1.ozone.ru/s3/multimedia-1-z/7254530171.jpg
https://cdn1.ozone.ru/s3/multimedia-1-m/7254530230.jpg
https://cdn1.ozone.ru/s3/multimedia-1-c/7254530184.jpg
https://cdn1.ozone.ru/s3/multimedia-1-x/7254530205.jpg
https://cdn1.ozone.ru/s3/multimedia-1-a/7254530218.jpg
https://cdn1.ozone.ru/s3/multimedia-1-t/7254530165.jpg",,,SHEPHERD,Баранье сердце,1000,1,1,Лакомство,Для собак,365,Для взрослых;Для маленьких;Для пожилых,,"Баранье сердце — это уникальный и натуральный продукт, который станет настоящим подарком для вашего питомца. Это не просто лакомство, а полноценная добавка к рациону, богатая витаминами, минералами и высококачественным белком, необходимыми для поддержания здоровья и энергии вашей собаки.<br/><br/>Польза бараньего сердца:<ul><li>Высокое содержание белка. Баранье сердце — отличный источник легкоусвояемого белка, который способствует росту и восстановлению мышц, особенно важен для щенков и активных собак.</li><li>Железо в три раза больше, чем в говяжьем сердце. Железо необходимо для образования гемоглобина, что помогает предотвратить анемию и поддерживает здоровье кровеносной системы.</li><li>Магний для сердечно-сосудистой системы. Магний поддерживает здоровье сердца и снижает риск сердечно-сосудистых заболеваний.</li><li>Витамины группы B. Поддерживают нервную систему, обмен веществ и обеспечивают энергию для игр и тренировок, также важны для хорошего состояния шерсти и кожи.</li><li>Натуральный продукт без добавок. Наши вкусняшки из бараньего сердца — это 100% натуральный продукт без искусственных красителей, консервантов или усилителей вкуса. Это гарантирует, что ваш питомец получает только полезные вещества.</li><li>Удобная форма для дрессировки. Баранье сердце можно нарезать тонкой соломкой, что делает его идеальным лакомством для дрессировки и поощрения. Щенки и взрослые собаки мелких пород оценят этот вкусный и полезный перекус.</li></ul>Дарите радость и заботу своему питомцу с натуральными вкусняшками для собак от SHEPHERD!",,лакомства для собак;лакомство для собак;для собак;деревенские лакомства для собак;лакомства для собак мелких пород;вкусняшки для собак;баранье сердце для собак;для собак мелких пород;легкое говяжье для собак;легкое говяжье;сушеное легкое для собак;,группа 13,400х400х50,Вакуумная упаковка;Дой-пак,,"2309109000 - МАРКИРОВКА РФ - Прочий корм для собак или кошек, расфасованный для розничной продажи",Россия,Сердце,Баранина,Хрустящие,,,,Мясо,,Крупный;Малый;Средний,Профилактика зубного налета;При плохом аппетите,Без ГМО;Без ароматизаторов;Без вкусовых добавок,В сухом месте;Не подвергать воздействию прямого солнечного света,349,60.1,12,100% баранье сердце,Нет,,
51,SPRD-02260,Лакомство для собак утиное сердце SHEPHERD TM 100г,933.00,"1,332.00",Не облагается,Нет,Нет,,4680614022603,105,135,45,225,https://cdn1.ozone.ru/s3/multimedia-1-s/7303057084.jpg,"https://cdn1.ozone.ru/s3/multimedia-1-z/7303057091.jpg
https://cdn1.ozone.ru/s3/multimedia-1-h/7303057073.jpg
https://cdn1.ozone.ru/s3/multimedia-1-l/7303057077.jpg
https://cdn1.ozone.ru/s3/multimedia-1-j/7303057075.jpg
https://cdn1.ozone.ru/s3/multimedia-1-a/7303057066.jpg
https://cdn1.ozone.ru/s3/multimedia-1-r/7303057083.jpg
https://cdn1.ozone.ru/s3/multimedia-1-c/7303057068.jpg
https://cdn1.ozone.ru/s3/multimedia-1-n/7303057079.jpg
https://cdn1.ozone.ru/s3/multimedia-1-f/7303057071.jpg
https://cdn1.ozone.ru/s3/multimedia-1-f/7303057107.jpg
https://cdn1.ozone.ru/s3/multimedia-1-k/7303057112.jpg
https://cdn1.ozone.ru/s3/multimedia-1-g/7303057072.jpg
https://cdn1.ozone.ru/s3/multimedia-1-w/7303057088.jpg",,,SHEPHERD,"Утиное сердце, для собак, 100% натуральное.",100,1,1,Лакомство,Для собак,365,Для пожилых;Для маленьких;Для взрослых,,"Утиные сердца – это превосходное натуральное лакомство, которое сочетает в себе удивительный вкус и огромную пользу для здоровья вашего питомца. Это идеальный выбор для любителей качественных товаров для животных.<br/><br/>Польза:<br/><br/>Богатый состав. Утиное сердце содержит важнейшие микроэлементы, такие как железо и медь, которые поддерживают здоровье крови и нервной системы.<br/><br/>Контроль веса. Низкое содержание жиров и калорий делает утиные сердца отличным решением для тех, кто следит за фигурой своего питомца. Это идеальное лакомство для активных собак или тех, кто нуждается в легком, но питательном дополнении к рациону.<br/><br/> 100% натуральность. Это деревенское лакомство для собак создано из чистого утиного сердца без искусственных добавок, красителей или консервантов. Такой подход гарантирует полную безопасность и высокое качество каждого кусочка.<br/><br/>Выбирая утиные сердца, вы дарите своему питомцу не просто вкусное удовольствие, а настоящую заботу о его здоровье. Это качественное и натуральное лакомство станет прекрасным дополнением к рациону вашей собаки, помогая поддерживать энергию, здоровье и правильный вес. Дайте вашему любимцу попробовать этот уникальный продукт, и он обязательно станет его любимым!","{
  ""content"": [
    {
      ""widgetName"": ""raShowcase"",
      ""type"": ""billboard"",
      ""blocks"": [
        {
          ""imgLink"": ""https://www.ozon.ru/seller/shepherd-1468751/products/?miniapp=seller_1468751"",
          ""img"": {
            ""src"": ""https://cdn1.ozone.ru/s3/multimedia-1-5/7436651549.jpg"",
            ""srcMobile"": ""https://cdn1.ozone.ru/s3/multimedia-1-5/7436651549.jpg"",
            ""alt"": """",
            ""position"": ""width_one_third"",
            ""positionMobile"": ""width_full"",
            ""widthMobile"": 1182,
            ""heightMobile"": 1182
          },
          ""title"": {
            ""items"": [
              {
                ""type"": ""text"",
                ""content"": ""Shepherd TM""
              }
            ],
            ""size"": ""size7"",
            ""align"": ""center"",
            ""color"": ""color1""
          },
          ""text"": {
            ""size"": ""size2"",
            ""align"": ""center"",
            ""color"": ""color1"",
            ""items"": [
              {
                ""type"": ""text"",
                ""content"": ""Мы специализируемся на производстве\r""
              },
              {
                ""type"": ""br""
              },
              {
                ""type"": ""text"",
                ""content"": ""100% натуральных лакомств и сбалансированных рационов для животных.""
              },
              {
                ""type"": ""br""
              },
              {
                ""type"": ""text"",
                ""content"": ""У нас большой выбор на любой вкус. Ваши питомцы останутся довольны.""
              },
              {
                ""type"": ""br""
              }
            ]
          }
        }
      ]
    },
    {
      ""widgetName"": ""raTextBlock"",
      ""title"": {
        ""items"": [
          {
            ""type"": ""text"",
            ""content"": ""Утиное сердце для собак""
          }
        ],
        ""size"": ""size7"",
        ""color"": ""color1"",
        ""align"": ""center""
      },
      ""theme"": ""tertiary"",
      ""padding"": ""type2"",
      ""gapSize"": ""s"",
      ""text"": {
        ""size"": ""size2"",
        ""align"": ""left"",
        ""color"": ""color1"",
        ""items"": [
          {
            ""type"": ""text"",
            ""content"": ""Утиные сердца – это превосходное натуральное лакомство, которое сочетает в себе удивительный вкус и огромную пользу для здоровья вашего питомца. Это идеальный выбор для любителей качественных товаров для животных.\r""
          },
          {
            ""type"": ""br""
          },
          {
            ""type"": ""text"",
            ""content"": ""\r""
          },
          {
            ""type"": ""br""
          },
          {
            ""type"": ""text"",
            ""content"": ""Польза:\r""
          },
          {
            ""type"": ""br""
          },
          {
            ""type"": ""text"",
            ""content"": ""\r""
          },
          {
            ""type"": ""br""
          },
          {
            ""type"": ""text"",
            ""content"": ""Богатый состав. Утиное сердце содержит важнейшие микроэлементы, такие как железо и медь, которые поддерживают здоровье крови и нервной системы.\r""
          },
          {
            ""type"": ""br""
          },
          {
            ""type"": ""text"",
            ""content"": ""\r""
          },
          {
            ""type"": ""br""
          },
          {
            ""type"": ""text"",
            ""content"": ""Контроль веса. Низкое содержание жиров и калорий делает утиные сердца отличным решением для тех, кто следит за фигурой своего питомца. Это идеальное лакомство для активных собак или тех, кто нуждается в легком, но питательном дополнении к рациону.\r""
          },
          {
            ""type"": ""br""
          },
          {
            ""type"": ""text"",
            ""content"": ""\r""
          },
          {
            ""type"": ""br""
          },
          {
            ""type"": ""text"",
            ""content"": "" 100% натуральность. Это деревенское лакомство для собак создано из чистого утиного сердца без искусственных добавок, красителей или консервантов. Такой подход гарантирует полную безопасность и высокое качество каждого кусочка.\r""
          },
          {
            ""type"": ""br""
          },
          {
            ""type"": ""text"",
            ""content"": ""\r""
          },
          {
            ""type"": ""br""
          },
          {
            ""type"": ""text"",
            ""content"": ""Выбирая утиные сердца, вы дарите своему питомцу не просто вкусное удовольствие, а настоящую заботу о его здоровье. Это качественное и натуральное лакомство станет прекрасным дополнением к рациону вашей собаки, помогая поддерживать энергию, здоровье и правильный вес. Дайте вашему любимцу попробовать этот уникальный продукт, и он обязательно станет его любимым!""
          }
        ]
      }
    },
    {
      ""widgetName"": ""raShowcase"",
      ""type"": ""chess"",
      ""blocks"": [
        {
          ""img"": {
            ""src"": ""https://cdn1.ozone.ru/s3/multimedia-1-3/7439235087.jpg"",
            ""srcMobile"": ""https://cdn1.ozone.ru/s3/multimedia-1-3/7439235087.jpg"",
            ""alt"": """",
            ""position"": ""to_the_edge"",
            ""positionMobile"": ""fill"",
            ""widthMobile"": 1680,
            ""heightMobile"": 1680
          },
          ""imgLink"": """",
          ""title"": {
            ""items"": [
              {
                ""type"": ""text"",
                ""content"": ""С любовью и заботой ""
              }
            ],
            ""size"": ""size6"",
            ""align"": ""center"",
            ""color"": ""color1""
          },
          ""text"": {
            ""size"": ""size2"",
            ""align"": ""center"",
            ""color"": ""color1"",
            ""items"": [
              {
                ""type"": ""text"",
                ""content"": ""Мы используем только качественное мясо и тщательно следим за стандартами, чтобы обеспечить здоровье ваших питомцев. Наши лакомства – это продукты, созданные с любовью и заботой.""
              }
            ]
          },
          ""reverse"": false
        },
        {
          ""img"": {
            ""src"": ""https://cdn1.ozone.ru/s3/multimedia-1-p/7435712833.jpg"",
            ""srcMobile"": ""https://cdn1.ozone.ru/s3/multimedia-1-p/7435712833.jpg"",
            ""alt"": """",
            ""position"": ""fill"",
            ""positionMobile"": ""fill"",
            ""widthMobile"": 866,
            ""heightMobile"": 831
          },
          ""imgLink"": """",
          ""title"": {
            ""items"": [
              {
                ""type"": ""text"",
                ""content"": ""Технология""
              }
            ],
            ""size"": ""size6"",
            ""align"": ""center"",
            ""color"": ""color1""
          },
          ""text"": {
            ""size"": ""size2"",
            ""align"": ""left"",
            ""color"": ""color1"",
            ""items"": [
              {
                ""type"": ""text"",
                ""content"": ""Мы производим натуральные лакомства и сбалансированные рационы для собак, не используя консерванты и химические добавки.""
              }
            ]
          },
          ""reverse"": true
        }
      ]
    }
  ],
  ""version"": 0.3
}",лакомство для собак;лакомства для собак;лакомства для собак мелких пород;shepherd;утиная нарезка для собак;утиные сердечки;лакомство для собак крупных пород;сердце утиное;лакомства для собак с уткой;сердечки из утки,группа 18,225х135х20,Дой-пак;Вакуумная упаковка,,"2309109000 - МАРКИРОВКА РФ - Прочий корм для собак или кошек, расфасованный для розничной продажи",Россия,Сердце,Утка,Твердые,,,,Птица,,Средний;Малый;Крупный,С избыточным весом,Без ГМО;Без вкусовых добавок;Без ароматизаторов,В сухом месте;Не подвергать воздействию прямого солнечного света;При температуре от +4`С до +25`С,440,44.5,29.1,100% утиное сердце,Нет,,
52,SPRD-02219,Утиные шейки SHEPHERD TM 100г,577.00,824.00,Не облагается,Нет,Нет,,4680614022191,109,30,245,160,https://cdn1.ozone.ru/s3/multimedia-a/6852513862.jpg,"https://cdn1.ozone.ru/s3/multimedia-2/6852513854.jpg
https://cdn1.ozone.ru/s3/multimedia-1/6852513889.jpg
https://cdn1.ozone.ru/s3/multimedia-1/6852513853.jpg
https://cdn1.ozone.ru/s3/multimedia-9/6852513861.jpg
https://cdn1.ozone.ru/s3/multimedia-7/6852513859.jpg
https://cdn1.ozone.ru/s3/multimedia-5/6852513857.jpg
https://cdn1.ozone.ru/s3/multimedia-8/6852513860.jpg
https://cdn1.ozone.ru/s3/multimedia-b/6852513863.jpg
https://cdn1.ozone.ru/s3/multimedia-c/6852513864.jpg
https://cdn1.ozone.ru/s3/multimedia-3/6852513855.jpg
https://cdn1.ozone.ru/s3/multimedia-6/6852513858.jpg
https://cdn1.ozone.ru/s3/multimedia-4/6852513856.jpg",,,SHEPHERD,"Утиные шейки, натуральное сушёное для собак TM.",100,,1,Лакомство,Для собак,365,Для взрослых;Для маленьких;Для пожилых,#лакомствадлясобак #вкусняшкидлясобак #длясреднихпород #утиныйшейкидлясобак #аортадлясобак #shepherd,"Утиные шеи для собак – идеальное сочетание вкуса и пользы для вашего питомца!<br/><br/>Польза утиных шеек:<br/><br/>Здоровье суставов. Регулярное употребление способствует поддержанию опорно-двигательного аппарата, обеспечивая эластичность и прочность суставов благодаря уникальному природному составу.<br/><br/>Натуральность. Шеи утиные для собак – это 100% натуральный продукт без искусственных добавок, консервантов или красителей. Это делает их безопасным выбором для всех пород, включая собак крупных пород.<br/><br/>Для здоровья зубов. Особенно полезны сушеные лакомства для собак в период смены зубов у щенков. Текстура утиных шеек помогает массировать десны, снимать зуд и дискомфорт, а также укреплять новые зубы.<br/><br/>Вкусняшки для дрессировки собак. Благодаря натуральному составу и высокой вкусовой привлекательности, утиные шеи отлично подходят как вкусняшки для дрессировки собак, мотивируя питомца выполнять команды.<br/><br/>Дарите своему питомцу радость от вкусного лакомства и заботьтесь о его здоровье вместе с SHEPHERD!","{
  ""content"": [
    {
      ""widgetName"": ""raShowcase"",
      ""type"": ""billboard"",
      ""blocks"": [
        {
          ""imgLink"": ""https://www.ozon.ru/seller/shepherd-1468751/products/?miniapp=seller_1468751"",
          ""img"": {
            ""src"": ""https://cdn1.ozone.ru/s3/multimedia-1-5/7436651549.jpg"",
            ""srcMobile"": ""https://cdn1.ozone.ru/s3/multimedia-1-5/7436651549.jpg"",
            ""alt"": """",
            ""position"": ""width_one_third"",
            ""positionMobile"": ""width_full"",
            ""widthMobile"": 1182,
            ""heightMobile"": 1182
          },
          ""title"": {
            ""items"": [
              {
                ""type"": ""text"",
                ""content"": ""Shepherd TM""
              }
            ],
            ""size"": ""size7"",
            ""align"": ""center"",
            ""color"": ""color1""
          },
          ""text"": {
            ""size"": ""size2"",
            ""align"": ""center"",
            ""color"": ""color1"",
            ""items"": [
              {
                ""type"": ""text"",
                ""content"": ""Мы специализируемся на производстве\r""
              },
              {
                ""type"": ""br""
              },
              {
                ""type"": ""text"",
                ""content"": ""100% натуральных лакомств и сбалансированных рационов для животных.""
              },
              {
                ""type"": ""br""
              },
              {
                ""type"": ""text"",
                ""content"": ""У нас большой выбор на любой вкус. Ваши питомцы останутся довольны.""
              },
              {
                ""type"": ""br""
              }
            ]
          }
        }
      ]
    },
    {
      ""widgetName"": ""raTextBlock"",
      ""title"": {
        ""items"": [
          {
            ""type"": ""text"",
            ""content"": ""Утиные шейки для собак""
          }
        ],
        ""size"": ""size7"",
        ""color"": ""color1"",
        ""align"": ""center""
      },
      ""theme"": ""tertiary"",
      ""padding"": ""type2"",
      ""gapSize"": ""s"",
      ""text"": {
        ""size"": ""size2"",
        ""align"": ""left"",
        ""color"": ""color1"",
        ""items"": [
          {
            ""type"": ""text"",
            ""content"": ""Утиные шеи для собак – идеальное сочетание вкуса и пользы для вашего питомца!\r""
          },
          {
            ""type"": ""br""
          },
          {
            ""type"": ""text"",
            ""content"": ""\r""
          },
          {
            ""type"": ""br""
          },
          {
            ""type"": ""text"",
            ""content"": ""Польза утиных шеек:\r""
          },
          {
            ""type"": ""br""
          },
          {
            ""type"": ""text"",
            ""content"": ""\r""
          },
          {
            ""type"": ""br""
          },
          {
            ""type"": ""text"",
            ""content"": ""Здоровье суставов. Регулярное употребление способствует поддержанию опорно-двигательного аппарата, обеспечивая эластичность и прочность суставов благодаря уникальному природному составу.\r""
          },
          {
            ""type"": ""br""
          },
          {
            ""type"": ""text"",
            ""content"": ""\r""
          },
          {
            ""type"": ""br""
          },
          {
            ""type"": ""text"",
            ""content"": ""Натуральность. Шеи утиные для собак – это 100% натуральный продукт без искусственных добавок, консервантов или красителей. Это делает их безопасным выбором для всех пород, включая собак крупных пород.\r""
          },
          {
            ""type"": ""br""
          },
          {
            ""type"": ""text"",
            ""content"": ""\r""
          },
          {
            ""type"": ""br""
          },
          {
            ""type"": ""text"",
            ""content"": ""Для здоровья зубов. Особенно полезны сушеные лакомства для собак в период смены зубов у щенков. Текстура утиных шеек помогает массировать десны, снимать зуд и дискомфорт, а также укреплять новые зубы.\r""
          },
          {
            ""type"": ""br""
          },
          {
            ""type"": ""text"",
            ""content"": ""\r""
          },
          {
            ""type"": ""br""
          },
          {
            ""type"": ""text"",
            ""content"": ""Вкусняшки для дрессировки собак. Благодаря натуральному составу и высокой вкусовой привлекательности, утиные шеи отлично подходят как вкусняшки для дрессировки собак, мотивируя питомца выполнять команды.\r""
          },
          {
            ""type"": ""br""
          },
          {
            ""type"": ""text"",
            ""content"": ""\r""
          },
          {
            ""type"": ""br""
          },
          {
            ""type"": ""text"",
            ""content"": ""Дарите своему питомцу радость от вкусного лакомства и заботьтесь о его здоровье вместе с SHEPHERD!""
          }
        ]
      }
    },
    {
      ""widgetName"": ""raShowcase"",
      ""type"": ""chess"",
      ""blocks"": [
        {
          ""img"": {
            ""src"": ""https://cdn1.ozone.ru/s3/multimedia-1-7/7436856715.jpg"",
            ""srcMobile"": ""https://cdn1.ozone.ru/s3/multimedia-1-7/7436856715.jpg"",
            ""alt"": """",
            ""position"": ""to_the_edge"",
            ""positionMobile"": ""fill"",
            ""widthMobile"": 1680,
            ""heightMobile"": 1680
          },
          ""imgLink"": """",
          ""title"": {
            ""items"": [
              {
                ""type"": ""text"",
                ""content"": ""С любовью и заботой ""
              }
            ],
            ""size"": ""size6"",
            ""align"": ""center"",
            ""color"": ""color1""
          },
          ""text"": {
            ""size"": ""size2"",
            ""align"": ""center"",
            ""color"": ""color1"",
            ""items"": [
              {
                ""type"": ""text"",
                ""content"": ""Мы используем только качественное мясо и тщательно следим за стандартами, чтобы обеспечить здоровье ваших питомцев. Наши лакомства – это продукты, созданные с любовью и заботой.""
              }
            ]
          },
          ""reverse"": false
        },
        {
          ""img"": {
            ""src"": ""https://cdn1.ozone.ru/s3/multimedia-1-p/7435712833.jpg"",
            ""srcMobile"": ""https://cdn1.ozone.ru/s3/multimedia-1-p/7435712833.jpg"",
            ""alt"": """",
            ""position"": ""fill"",
            ""positionMobile"": ""fill"",
            ""widthMobile"": 866,
            ""heightMobile"": 831
          },
          ""imgLink"": """",
          ""title"": {
            ""items"": [
              {
                ""type"": ""text"",
                ""content"": ""Технология""
              }
            ],
            ""size"": ""size6"",
            ""align"": ""center"",
            ""color"": ""color1""
          },
          ""text"": {
            ""size"": ""size2"",
            ""align"": ""left"",
            ""color"": ""color1"",
            ""items"": [
              {
                ""type"": ""text"",
                ""content"": ""Мы производим натуральные лакомства и сбалансированные рационы для собак, не используя консерванты и химические добавки.""
              }
            ]
          },
          ""reverse"": true
        }
      ]
    }
  ],
  ""version"": 0.3
}",лакомство для собак для дрессировки;лакомства для собак крупных пород;для зубов собак;сушеные лакомства для собак;вкусняшки для собак крупных пород;вкусняшки для дрессировки собак;лакомства для собак крупных пород;кости;косточка;лакомство для щенков;собачье лакомство;лакомства для дрессировки собак;вкусняшки для собак мелких;,группа 17,300х30х300,Вакуумная упаковка;Дой-пак,,"2309109000 - МАРКИРОВКА РФ - Прочий корм для собак или кошек, расфасованный для розничной продажи",Россия,Шейка,Утка,Твердые,,,,Птица,,Малый;Крупный;Средний,Профилактика зубного налета,Без ГМО,В сухом темном месте,230,40,20,100% утиная шея,Нет,,
53,SPRD-02663,Лакомство для собак лопаточный хрящ 1000г SHEPHERD TM,"3,306.00","4,722.00",Не облагается,Нет,Нет,,4680614026632,1000,320,120,450,https://cdn1.ozone.ru/s3/multimedia-1-8/7268681672.jpg,"https://cdn1.ozone.ru/s3/multimedia-1-f/7268681679.jpg
https://cdn1.ozone.ru/s3/multimedia-1-h/7268681681.jpg
https://cdn1.ozone.ru/s3/multimedia-1-j/7268681683.jpg
https://cdn1.ozone.ru/s3/multimedia-1-l/7246224453.jpg
https://cdn1.ozone.ru/s3/multimedia-1-b/7268681675.jpg
https://cdn1.ozone.ru/s3/multimedia-1-x/7246224465.jpg
https://cdn1.ozone.ru/s3/multimedia-1-h/7246224485.jpg
https://cdn1.ozone.ru/s3/multimedia-1-m/7246224454.jpg
https://cdn1.ozone.ru/s3/multimedia-1-g/7268681680.jpg
https://cdn1.ozone.ru/s3/multimedia-1-2/7246224470.jpg
https://cdn1.ozone.ru/s3/multimedia-1-p/7246224457.jpg
https://cdn1.ozone.ru/s3/multimedia-1-5/7268681669.jpg
https://cdn1.ozone.ru/s3/multimedia-1-0/7268681664.jpg
https://cdn1.ozone.ru/s3/multimedia-1-d/7268681677.jpg
https://cdn1.ozone.ru/s3/multimedia-1-9/7268681673.jpg
https://cdn1.ozone.ru/s3/multimedia-1-c/7268681676.jpg
https://cdn1.ozone.ru/s3/multimedia-1-a/7268681674.jpg
https://cdn1.ozone.ru/s3/multimedia-1-6/7268681670.jpg
https://cdn1.ozone.ru/s3/multimedia-1-7/7268681671.jpg
https://cdn1.ozone.ru/s3/multimedia-1-4/7268681668.jpg
https://cdn1.ozone.ru/s3/multimedia-1-i/7268681682.jpg",,,SHEPHERD,Лопаточный хрящ,1000,1,1,Лакомство,Для собак,365,Для взрослых;Для маленьких;Для пожилых,#лакомствадлясобак #вкусняшкидлясобак #длясреднихпород #хрящдлясобак #бараньелёгкоедлясобак #shepherd,"«Лакомства для собак, которые занимают не на один укус!»<br/><br/>Натуральные лопаточные хрящи — это не только вкусное, но и полезное лакомство, способствующее здоровью вашего питомца. Обеспечьте ему энергичность и подвижность, добавив этот снек для собак в рацион!<ul><li>Натуральный источник питания. Хрящ говяжий для собак 100% натуральный продукт. Ваш питомец получает только качественные ингредиенты.</li></ul><ul><li>Поддержка суставов. Состав хрящей богат хондроитином, коллагеном и глюкозамином, что улучшает подвижность и гибкость суставов у активных и пожилых собак.</li></ul><ul><li>Развитие жевательного аппарата. Хрящи для собак способствуют правильному развитию зубов и десен у щенков и молодых собак, формируя здоровые привычки жевания.</li><li>Укрепление костей. Содержит много кальция для укрепления костной системы, особенно важно для растущих и пожилых собак.</li></ul>Почему стоит взять несколько вкусов?<ul><li> Разнообразие. Ваш питомец забудет о скучных перекусах, если вы будете чередовать разные вкусы!</li><li>Эксперименты. Найдите тот самый любимый вкус, который станет хитом у вашего друга!</li><li> Соблюдение баланса. Разнообразие помогает обеспечить поступление всех необходимых витаминов и минералов.</li></ul>","{
  ""content"": [
    {
      ""widgetName"": ""raShowcase"",
      ""type"": ""billboard"",
      ""blocks"": [
        {
          ""imgLink"": ""https://www.ozon.ru/seller/shepherd-1468751/products/?miniapp=seller_1468751"",
          ""img"": {
            ""src"": ""https://cdn1.ozone.ru/s3/multimedia-1-k/7430505860.jpg"",
            ""srcMobile"": ""https://cdn1.ozone.ru/s3/multimedia-1-k/7430505860.jpg"",
            ""alt"": """",
            ""position"": ""width_one_third"",
            ""positionMobile"": ""width_full"",
            ""widthMobile"": 1182,
            ""heightMobile"": 1182
          },
          ""title"": {
            ""items"": [
              {
                ""type"": ""text"",
                ""content"": ""Shepherd TM""
              }
            ],
            ""size"": ""size7"",
            ""align"": ""center"",
            ""color"": ""color1""
          },
          ""text"": {
            ""size"": ""size2"",
            ""align"": ""center"",
            ""color"": ""color1"",
            ""items"": [
              {
                ""type"": ""text"",
                ""content"": ""Мы специализируемся на производстве\r""
              },
              {
                ""type"": ""br""
              },
              {
                ""type"": ""text"",
                ""content"": ""100% натуральных лакомств и сбалансированных рационов для животных.""
              },
              {
                ""type"": ""br""
              },
              {
                ""type"": ""text"",
                ""content"": ""У нас большой выбор на любой вкус. Ваши питомцы останутся довольны.""
              },
              {
                ""type"": ""br""
              }
            ]
          }
        }
      ]
    },
    {
      ""widgetName"": ""raTextBlock"",
      ""title"": {
        ""items"": [
          {
            ""type"": ""text"",
            ""content"": ""Лопаточный хрящ""
          }
        ],
        ""size"": ""size7"",
        ""color"": ""color1"",
        ""align"": ""center""
      },
      ""theme"": ""tertiary"",
      ""padding"": ""type2"",
      ""gapSize"": ""s"",
      ""text"": {
        ""size"": ""size2"",
        ""align"": ""left"",
        ""color"": ""color1"",
        ""items"": [
          {
            ""type"": ""text"",
            ""content"": ""«Лакомства, которые занимают не на один укус!»\r""
          },
          {
            ""type"": ""br""
          },
          {
            ""type"": ""text"",
            ""content"": ""\r""
          },
          {
            ""type"": ""br""
          },
          {
            ""type"": ""text"",
            ""content"": ""Натуральные лопаточные хрящи — это не только вкусное, но и полезное лакомство, способствующее здоровью вашего питомца. Обеспечьте ему энергичность и подвижность, добавив этот продукт в рацион!\r""
          },
          {
            ""type"": ""br""
          },
          {
            ""type"": ""text"",
            ""content"": ""Натуральный источник питания. 100% натуральный продукт. Ваш питомец получает только качественные ингредиенты.\r""
          },
          {
            ""type"": ""br""
          },
          {
            ""type"": ""text"",
            ""content"": ""Поддержка суставов. Состав богат хондроитином, коллагеном и глюкозамином, что улучшает подвижность и гибкость суставов у активных и пожилых собак.\r""
          },
          {
            ""type"": ""br""
          },
          {
            ""type"": ""text"",
            ""content"": ""Развитие жевательного аппарата. Способствует правильному развитию зубов и десен у щенков и молодых собак, формируя здоровые привычки жевания.\r""
          },
          {
            ""type"": ""br""
          },
          {
            ""type"": ""text"",
            ""content"": ""Укрепление костей. Содержит много кальция для укрепления костной системы, особенно важно для растущих и пожилых собак.\r""
          },
          {
            ""type"": ""br""
          },
          {
            ""type"": ""text"",
            ""content"": ""Почему стоит взять несколько вкусов?\r""
          },
          {
            ""type"": ""br""
          },
          {
            ""type"": ""text"",
            ""content"": "" Разнообразие. Ваш питомец забудет о скучных перекусах, если вы будете чередовать разные вкусы!\r""
          },
          {
            ""type"": ""br""
          },
          {
            ""type"": ""text"",
            ""content"": ""Эксперименты. Найдите тот самый любимый вкус, который станет хитом у вашего друга!\r""
          },
          {
            ""type"": ""br""
          },
          {
            ""type"": ""text"",
            ""content"": "" Соблюдение баланса. Разнообразие помогает обеспечить поступление всех необходимых витаминов и минералов.""
          }
        ]
      }
    },
    {
      ""widgetName"": ""raShowcase"",
      ""type"": ""chess"",
      ""blocks"": [
        {
          ""img"": {
            ""src"": ""https://cdn1.ozone.ru/s3/multimedia-1-q/7439310314.jpg"",
            ""srcMobile"": ""https://cdn1.ozone.ru/s3/multimedia-1-q/7439310314.jpg"",
            ""alt"": """",
            ""position"": ""to_the_edge"",
            ""positionMobile"": ""fill"",
            ""widthMobile"": 1680,
            ""heightMobile"": 1680
          },
          ""imgLink"": """",
          ""title"": {
            ""items"": [
              {
                ""type"": ""text"",
                ""content"": ""С любовью и заботой ""
              }
            ],
            ""size"": ""size6"",
            ""align"": ""center"",
            ""color"": ""color1""
          },
          ""text"": {
            ""size"": ""size2"",
            ""align"": ""center"",
            ""color"": ""color1"",
            ""items"": [
              {
                ""type"": ""text"",
                ""content"": ""Мы используем только качественное мясо и тщательно следим за стандартами, чтобы обеспечить здоровье ваших питомцев. Наши лакомства – это продукты, созданные с любовью и заботой.""
              }
            ]
          },
          ""reverse"": false
        },
        {
          ""img"": {
            ""src"": ""https://cdn1.ozone.ru/s3/multimedia-1-c/7268681676.jpg"",
            ""srcMobile"": ""https://cdn1.ozone.ru/s3/multimedia-1-x/7552740093.jpg"",
            ""alt"": """",
            ""position"": ""fill"",
            ""positionMobile"": ""fill"",
            ""widthMobile"": 1200,
            ""heightMobile"": 1600
          },
          ""imgLink"": """",
          ""title"": {
            ""items"": [
              {
                ""type"": ""text"",
                ""content"": ""Технология""
              }
            ],
            ""size"": ""size6"",
            ""align"": ""center"",
            ""color"": ""color1""
          },
          ""text"": {
            ""size"": ""size2"",
            ""align"": ""left"",
            ""color"": ""color1"",
            ""items"": [
              {
                ""type"": ""text"",
                ""content"": ""Мы производим натуральные лакомства и сбалансированные рационы для собак, не используя консерванты и химические добавки.""
              }
            ]
          },
          ""reverse"": true
        }
      ]
    }
  ],
  ""version"": 0.3
}",лакомства для собак;для собак;лакомства для собак мелких пород;лакомство для собак мелких пород;для собак лакомство;для собак мелких пород;лакомство для собак;вкусняшки для собак;лакомства для собак крупных пород;вкусняшки для собак средних пород;,группа 5,400х400х50,Вакуумная упаковка,лакомства для собак - 1 упаковка,"2309109000 - МАРКИРОВКА РФ - Прочий корм для собак или кошек, расфасованный для розничной продажи",Россия,Хрящ,Говядина,Твердые,,,,Мясо,,Крупный;Малый;Средний,Профилактика зубного налета,Без ГМО;Без ароматизаторов;Без вкусовых добавок,В сухом месте;Не подвергать воздействию прямого солнечного света,383,54.9,18.1,100% лопаточный хрящ,Нет,,
54,SPRD-02462,Баранье легкое для собак 1000г палочки SHEPHERD TM,"4,729.00","6,755.00",Не облагается,Нет,Нет,,4680614024621,1020,50,400,400,https://cdn1.ozone.ru/s3/multimedia-1-s/7254411616.jpg,"https://cdn1.ozone.ru/s3/multimedia-1-8/7254411452.jpg
https://cdn1.ozone.ru/s3/multimedia-1-u/7254411510.jpg
https://cdn1.ozone.ru/s3/multimedia-1-g/7254402892.jpg
https://cdn1.ozone.ru/s3/multimedia-1-h/7254411569.jpg
https://cdn1.ozone.ru/s3/multimedia-1-d/7254411601.jpg
https://cdn1.ozone.ru/s3/multimedia-1-c/7254411600.jpg
https://cdn1.ozone.ru/s3/multimedia-1-r/7254411543.jpg
https://cdn1.ozone.ru/s3/multimedia-1-b/7254411599.jpg
https://cdn1.ozone.ru/s3/multimedia-1-l/7254411501.jpg
https://cdn1.ozone.ru/s3/multimedia-1-r/7254402939.jpg
https://cdn1.ozone.ru/s3/multimedia-1-n/7254402899.jpg
https://cdn1.ozone.ru/s3/multimedia-1-p/7254402937.jpg
https://cdn1.ozone.ru/s3/multimedia-1-f/7254402891.jpg
https://cdn1.ozone.ru/s3/multimedia-1-w/7254411584.jpg
https://cdn1.ozone.ru/s3/multimedia-1-k/7254411608.jpg
https://cdn1.ozone.ru/s3/multimedia-1-2/7254411554.jpg
https://cdn1.ozone.ru/s3/multimedia-1-w/7254411656.jpg
https://cdn1.ozone.ru/s3/multimedia-1-k/7254411500.jpg",,,SHEPHERD,Легкое,1001,1,1,Лакомство,Для собак,365,Для взрослых;Для маленьких;Для пожилых,,"Ищете идеальное лакомство для вашего питомца?<br/><br/>Познакомьтесь с бараньим легким от Shepherd – натуральным и вкусным угощением, которое порадует даже самых привередливых собак!<br/><br/>Польза:<ul><li>Гипоаллергенное. Отличный выбор для собак с чувствительным пищеварением - минимальная вероятность аллергических реакций.</li><li>Низкокалорийное. Идеально для контроля веса вашего питомца, помогает поддерживать здоровую физическую форму.</li><li>Богато белком. Высокое содержание качественного белка способствует укреплению мышечной массы и поддержанию здоровья.</li><li>Забота о зубах. Помогает в поддержании зубов и десен, снижая риск образования налета и улучшая гигиену полости рта.</li><li>100% натуральный продукт. Без искусственных консервантов и добавок, только чистое удовольствие для вашего четвероного друга!<br/><br/>Откройте для себя мир вкусных лакомств!<br/><br/>Мы рады пригласить вас в наш каталог! Заходите и откройте для себя разнообразие наших лакомств для собак. Пробуйте новые вкусы и радуйте своего питомца особыми угощениями!<br/><br/>Почему стоит взять несколько вкусов?<ul><li>Разнообразие. Ваш питомец забудет о скучных перекусах, если вы будете чередовать разные вкусы!</li><li>Эксперименты. Найдите тот самый любимый вкус, который станет хитом у вашего друга!</li><li>Соблюдение баланса. Разнообразие помогает обеспечить поступление всех необходимых витаминов и минералов.</li></ul></li></ul>",,вкусняшки для собак;лакомства для собак;лакомство для собак;лакомства для собак мелких пород;лакомство для собак мелких пород;сушеное легкое для собак;лакомства для дрессировки собак;легкие для собак;баранина мясо;баранье легкое для собак;вкусняшки для собак мелких пород;лакомства для собак крупных пород;сушеное легкое;лакомство для дрессировки щенков;вкусняшки для собак мелких пород лакомства;лакомства для щенков мелких пород;сухое легкое для собак лакомство;сушеные легкие для собак;,группа 14,400 х 40 х 400,Вакуумная упаковка,лакомства для собак - 1 упаковка,"2309109000 - МАРКИРОВКА РФ - Прочий корм для собак или кошек, расфасованный для розничной продажи",Россия,Легкое;Палочки,Баранина,Твердые,,,,Мясо,,Крупный;Малый;Средний,При плохом аппетите,Без ГМО;Без ароматизаторов;Без вкусовых добавок,В сухом месте;Не подвергать воздействию прямого солнечного света,92,16.2,2.5,100% баранье лёгкое,Нет,,
55,SPRD-02294,Хвост кролика натуральная съедобная игрушка 100г,773.00,"1,104.00",Не облагается,Нет,Нет,,4680614022948,105,30,300,200,https://cdn1.ozone.ru/s3/multimedia-1-q/7517669390.jpg,"https://cdn1.ozone.ru/s3/multimedia-1-t/7517669393.jpg
https://cdn1.ozone.ru/s3/multimedia-1-d/7517669377.jpg
https://cdn1.ozone.ru/s3/multimedia-1-l/7517669385.jpg
https://cdn1.ozone.ru/s3/multimedia-1-m/7517669386.jpg
https://cdn1.ozone.ru/s3/multimedia-1-4/7517669368.jpg
https://cdn1.ozone.ru/s3/multimedia-1-u/7517669394.jpg
https://cdn1.ozone.ru/s3/multimedia-1-o/7517669388.jpg
https://cdn1.ozone.ru/s3/multimedia-1-t/7517669357.jpg
https://cdn1.ozone.ru/s3/multimedia-1-8/7517669372.jpg
https://cdn1.ozone.ru/s3/multimedia-1-i/7517669382.jpg
https://cdn1.ozone.ru/s3/multimedia-1-z/7517669363.jpg
https://cdn1.ozone.ru/s3/multimedia-1-c/7517669376.jpg",,,SHEPHERD,Кроличьи хвостики,100,,1,Лакомство,Для кошек;Для собак,365,Для взрослых;Для маленьких;Для пожилых,#лакомствадлясобак #вкусняшкидлясобак #длясреднихпород #кроликдлясобак #бараньелёгкоедлясобак #шепард #shepherd,"Кроличьи сушеные хвостики – натуральное лакомство и мотивационная игрушка для собак и кошек!<br/><br/>Польза:<ul><li>Источник белка. Кроличьи сушеные хвостики являются источником легкоусвояемого белка, необходимого для поддержания мышечного тонуса и восстановления мышечной ткани как у собак, так и у кошек.</li><li>Богатый состав витаминов и минералов. Хвостики содержат важные витамины (В, Е) и минералы (кальций, магний, железо), способствующие укреплению организма, поддержанию здоровой шерсти и кожи, улучшению обмена веществ и укреплению иммунной системы.</li><li>Поддержка зубного здоровья. Жевание кроличьих хвостиков помогает удалять налет и зубной камень, что способствует здоровью зубов и десен.</li><li>Мотивационная игрушка. Кроличьи хвостики отлично подойдут для активных игр, стимулируя физическую активность и умственное развитие вашего питомца.</li></ul>Для кошек:<ul><li>Рекомендуется давать только здоровым кошкам.</li><li>При наличии проблем с пищеварением лучше проконсультироваться с ветеринаром.</li></ul>Не упустите шанс улучшить здоровье и самочувствие вашего любимца! Добавьте в рацион вашей собаки или кошки натуральные лакомства от SHEPHERD, и вы обязательно заметите положительные изменения!","{
  ""content"": [
    {
      ""widgetName"": ""raShowcase"",
      ""type"": ""billboard"",
      ""blocks"": [
        {
          ""imgLink"": ""https://www.ozon.ru/seller/shepherd-1468751/products/?miniapp=seller_1468751"",
          ""img"": {
            ""src"": ""https://cdn1.ozone.ru/s3/multimedia-1-n/7436528159.jpg"",
            ""srcMobile"": ""https://cdn1.ozone.ru/s3/multimedia-1-n/7436528159.jpg"",
            ""alt"": """",
            ""position"": ""width_one_third"",
            ""positionMobile"": ""width_full"",
            ""widthMobile"": 1182,
            ""heightMobile"": 1182
          },
          ""title"": {
            ""items"": [
              {
                ""type"": ""text"",
                ""content"": ""Shepherd TM""
              }
            ],
            ""size"": ""size7"",
            ""align"": ""center"",
            ""color"": ""color1""
          },
          ""text"": {
            ""size"": ""size2"",
            ""align"": ""center"",
            ""color"": ""color1"",
            ""items"": [
              {
                ""type"": ""text"",
                ""content"": ""Мы специализируемся на производстве\r""
              },
              {
                ""type"": ""br""
              },
              {
                ""type"": ""text"",
                ""content"": ""100% натуральных лакомств и сбалансированных рационов для животных.""
              },
              {
                ""type"": ""br""
              },
              {
                ""type"": ""text"",
                ""content"": ""У нас большой выбор на любой вкус. Ваши питомцы останутся довольны.""
              },
              {
                ""type"": ""br""
              }
            ]
          }
        }
      ]
    },
    {
      ""widgetName"": ""raTextBlock"",
      ""title"": {
        ""items"": [
          {
            ""type"": ""text"",
            ""content"": ""Хвост кролика для собак""
          }
        ],
        ""size"": ""size7"",
        ""color"": ""color1"",
        ""align"": ""center""
      },
      ""theme"": ""tertiary"",
      ""padding"": ""type2"",
      ""gapSize"": ""s"",
      ""text"": {
        ""size"": ""size2"",
        ""align"": ""left"",
        ""color"": ""color1"",
        ""items"": [
          {
            ""type"": ""text"",
            ""content"": ""Кроличьи сушеные хвостики – натуральное лакомство и мотивационная игрушка для собак и кошек!\r""
          },
          {
            ""type"": ""br""
          },
          {
            ""type"": ""text"",
            ""content"": ""\r""
          },
          {
            ""type"": ""br""
          },
          {
            ""type"": ""text"",
            ""content"": ""Польза:\r""
          },
          {
            ""type"": ""br""
          },
          {
            ""type"": ""text"",
            ""content"": ""Источник белка. Кроличьи сушеные хвостики являются источником легкоусвояемого белка, необходимого для поддержания мышечного тонуса и восстановления мышечной ткани как у собак, так и у кошек.\r""
          },
          {
            ""type"": ""br""
          },
          {
            ""type"": ""text"",
            ""content"": ""Богатый состав витаминов и минералов. Хвостики содержат важные витамины (В, Е) и минералы (кальций, магний, железо), способствующие укреплению организма, поддержанию здоровой шерсти и кожи, улучшению обмена веществ и укреплению иммунной системы.\r""
          },
          {
            ""type"": ""br""
          },
          {
            ""type"": ""text"",
            ""content"": ""Поддержка зубного здоровья. Жевание кроличьих хвостиков помогает удалять налет и зубной камень, что способствует здоровью зубов и десен.\r""
          },
          {
            ""type"": ""br""
          },
          {
            ""type"": ""text"",
            ""content"": ""Мотивационная игрушка. Кроличьи хвостики отлично подойдут для активных игр, стимулируя физическую активность и умственное развитие вашего питомца.\r""
          },
          {
            ""type"": ""br""
          },
          {
            ""type"": ""text"",
            ""content"": ""Для кошек:\r""
          },
          {
            ""type"": ""br""
          },
          {
            ""type"": ""text"",
            ""content"": ""Рекомендуется давать только здоровым кошкам.\r""
          },
          {
            ""type"": ""br""
          },
          {
            ""type"": ""text"",
            ""content"": ""При наличии проблем с пищеварением лучше проконсультироваться с ветеринаром.\r""
          },
          {
            ""type"": ""br""
          },
          {
            ""type"": ""text"",
            ""content"": ""Не упустите шанс улучшить здоровье и самочувствие вашего любимца! Добавьте в рацион вашей собаки или кошки натуральные лакомства от SHEPHERD, и вы обязательно заметите положительные изменения!""
          }
        ]
      }
    },
    {
      ""widgetName"": ""raShowcase"",
      ""type"": ""chess"",
      ""blocks"": [
        {
          ""img"": {
            ""src"": ""https://cdn1.ozone.ru/s3/multimedia-1-l/7436528157.jpg"",
            ""srcMobile"": ""https://cdn1.ozone.ru/s3/multimedia-1-l/7436528157.jpg"",
            ""alt"": """",
            ""position"": ""to_the_edge"",
            ""positionMobile"": ""fill"",
            ""widthMobile"": 1680,
            ""heightMobile"": 1680
          },
          ""imgLink"": """",
          ""title"": {
            ""items"": [
              {
                ""type"": ""text"",
                ""content"": ""С любовью и заботой ""
              }
            ],
            ""size"": ""size6"",
            ""align"": ""center"",
            ""color"": ""color1""
          },
          ""text"": {
            ""size"": ""size2"",
            ""align"": ""center"",
            ""color"": ""color1"",
            ""items"": [
              {
                ""type"": ""text"",
                ""content"": ""Мы используем только качественное мясо и тщательно следим за стандартами, чтобы обеспечить здоровье ваших питомцев. Наши лакомства – это продукты, созданные с любовью и заботой.""
              }
            ]
          },
          ""reverse"": false
        },
        {
          ""img"": {
            ""src"": ""https://cdn1.ozone.ru/s3/multimedia-1-p/7435712833.jpg"",
            ""srcMobile"": ""https://cdn1.ozone.ru/s3/multimedia-1-p/7435712833.jpg"",
            ""alt"": """",
            ""position"": ""fill"",
            ""positionMobile"": ""fill"",
            ""widthMobile"": 866,
            ""heightMobile"": 831
          },
          ""imgLink"": """",
          ""title"": {
            ""items"": [
              {
                ""type"": ""text"",
                ""content"": ""Технология""
              }
            ],
            ""size"": ""size6"",
            ""align"": ""center"",
            ""color"": ""color1""
          },
          ""text"": {
            ""size"": ""size2"",
            ""align"": ""left"",
            ""color"": ""color1"",
            ""items"": [
              {
                ""type"": ""text"",
                ""content"": ""Мы производим натуральные лакомства и сбалансированные рационы для собак, не используя консерванты и химические добавки.""
              }
            ]
          },
          ""reverse"": true
        }
      ]
    }
  ],
  ""version"": 0.3
}",хвостики;кролик;лакомства;для собак;собака; натуральное лакомство сушёное;SHEPHERD;для кошек;вкусняшки для собак средних пород;вкусняшки для собак;товары для собак;зоотовары;товары для животных;игрушка для кошек;игрушка для собак,группа 15,200 х 30 х 300,Вакуумная упаковка,лакомства для собак - 1 упаковка,"2309109000 - МАРКИРОВКА РФ - Прочий корм для собак или кошек, расфасованный для розничной продажи",Россия,Хвост,Кролик,Мягкие,,,,Мясо,,Крупный;Малый;Средний,Малоподвижные,Без ГМО;Без ароматизаторов;Без вкусовых добавок,В сухом месте,364,67.6,10.4,100% хвостик кролика,Нет,,
56,SPRD-02573,"Рубец говяжий молотый 100г, витаминная добавка в корм для собак и кошек SHEPHERD TM",681.00,972.00,Не облагается,Нет,Нет,,4680614025734,130,100,70,100,https://cdn1.ozone.ru/s3/multimedia-1-9/6956181801.jpg,"https://cdn1.ozone.ru/s3/multimedia-1-8/7217789444.jpg
https://cdn1.ozone.ru/s3/multimedia-1-9/7217789445.jpg
https://cdn1.ozone.ru/s3/multimedia-1-p/7079530741.jpg
https://cdn1.ozone.ru/s3/multimedia-1-q/7209988694.jpg
https://cdn1.ozone.ru/s3/multimedia-1-k/6956181776.jpg
https://cdn1.ozone.ru/s3/multimedia-1-1/7210683973.jpg
https://cdn1.ozone.ru/s3/multimedia-1-2/6956181794.jpg
https://cdn1.ozone.ru/s3/multimedia-1-4/7210683976.jpg
https://cdn1.ozone.ru/s3/multimedia-1-7/6956181799.jpg
https://cdn1.ozone.ru/s3/multimedia-1-g/6956181772.jpg
https://cdn1.ozone.ru/s3/multimedia-1-h/6956181773.jpg
https://cdn1.ozone.ru/s3/multimedia-1-l/6956181813.jpg
https://cdn1.ozone.ru/s3/multimedia-1-c/6956181840.jpg
https://cdn1.ozone.ru/s3/multimedia-1-y/6956181826.jpg
https://cdn1.ozone.ru/s3/multimedia-1-e/6956181806.jpg
https://cdn1.ozone.ru/s3/multimedia-1-2/6956181830.jpg
https://cdn1.ozone.ru/s3/multimedia-1-i/6956181846.jpg
https://cdn1.ozone.ru/s3/multimedia-1-z/6956181791.jpg
https://cdn1.ozone.ru/s3/multimedia-1-q/6956181854.jpg
https://cdn1.ozone.ru/s3/multimedia-1-n/6956181779.jpg",,,SHEPHERD,"Рубец говяжий молотый, натуральный сушёный для собак.",100,1,1,Лакомство,Для собак;Для кошек,365,Для взрослых;Для маленьких;Для пожилых,#лакомстводлясобак #лакомствадлясобак #лакомство_для_собак #лакомства_для_собак #вкусняшки_для_собак #вкусняшка_для_собак #вкусняшкадлясобак #лакомстводляпитомцев #молотыйрубец #сушеныйрубец #рубецдлясобак,"Пониженная активность питомца? Рубец говяжий для собак молотый решит эту проблему!<br/><br/>Рубец говяжий представляет собой часть желудка , точнее - первый из его преджелудков, в котором содержится полезная микрофлора.<br/><br/>Основные преимущества:<ul><li>Молотый рубец для собак имеет высокое содержание белка (14%) и жиров (5%) для поддержания энергии и мышечной массы.</li><li>Рубец молотый для собак содержит пищевые волокна для улучшения пищеварения и поддержки микрофлоры кишечника.</li><li>Сушеный рубец для собак легко добавляется в рацион, улучшает аппетит и обогащает питание.</li><li>Поддерживает иммунную систему вашей собаки и общее самочувствие.<br/><br/>Рекомендации:<br/><br/>Для использования молотого рубца рекомендуется добавлять его непосредственно в сухой корм или сырые рационы.</li><li>Чайная ложка на 10 кг веса животного к порции, 4−5 р в неделю. Подходит всем собакам с 2-х месяцев.<br/><br/>Можно замачивать тёплой водой, добавлять в одно из кормлений.</li><li>Эти вкусняшки не просто корм или лакомства для собак, они являются настоящими деликатесами для животных. Рубец говяжий для собак прекрасно подойдет как лакомство для щенков, так и для собак крупных пород. Благодаря удобной упаковке товар легко хранить и брать с собой в поездки .<br/><br/>Выбирайте молотый говяжий рубец прямо сейчас — натуральную добавку для здоровья вашей собаки! У нас всегда большой выбор лакомств для собак и кошек!<br/><br/></li></ul>",,"говяжий рубец молотый;витаминная добавка для собак; кормовая добавка для собак;говяжий рубец для собак, молотый рубец для собак;лакомства для собак;лакомство для собак;ламинария для собак;Шепард;для собак;для кошек",группа 7,100х100х70,Вакуумная упаковка;Пластиковая банка,рубец говяжий для собак молотый,"2309903100 - Прочие продукты, используемые в кормлении животных, не содержащие крахмала или содержащие его 10 мас.% или менее, не содержащие молочных продуктов или содержащие менее 10 мас.% таких продуктов",Россия,Рубец,Говядина,Мягкие,,,,Мясо,,Крупный;Малый;Средний,При плохом аппетите,Без ГМО;Без ароматизаторов;Без вкусовых добавок,В сухом месте;Не подвергать воздействию прямого солнечного света,97,14.8,4.2,100% говяжий рубец,Нет,,
57,SPRD-02845,Говяжья трахея резаная 100г для всех видов собак SHEPHERD TM,623.00,890.00,Не облагается,Нет,Нет,,4680614028452,105,160,30,350,https://cdn1.ozone.ru/s3/multimedia-1-l/7235561073.jpg,"https://cdn1.ozone.ru/s3/multimedia-1-2/7235561054.jpg
https://cdn1.ozone.ru/s3/multimedia-1-0/7235541468.jpg
https://cdn1.ozone.ru/s3/multimedia-1-2/7235006510.jpg
https://cdn1.ozone.ru/s3/multimedia-1-y/7235561086.jpg
https://cdn1.ozone.ru/s3/multimedia-1-s/7235006500.jpg
https://cdn1.ozone.ru/s3/multimedia-1-z/7235006471.jpg
https://cdn1.ozone.ru/s3/multimedia-1-1/7235006545.jpg
https://cdn1.ozone.ru/s3/multimedia-1-j/7235006563.jpg
https://cdn1.ozone.ru/s3/multimedia-1-7/7235006551.jpg
https://cdn1.ozone.ru/s3/multimedia-1-d/7235561065.jpg
https://cdn1.ozone.ru/s3/multimedia-1-3/7235561055.jpg
https://cdn1.ozone.ru/s3/multimedia-1-0/7235561052.jpg
https://cdn1.ozone.ru/s3/multimedia-1-y/7235561050.jpg
https://cdn1.ozone.ru/s3/multimedia-1-1/7235561053.jpg
https://cdn1.ozone.ru/s3/multimedia-1-5/7235561057.jpg
https://cdn1.ozone.ru/s3/multimedia-1-z/7235561051.jpg",,,SHEPHERD,Говяжья трахея резаная,100,,1,Лакомство,Для собак,365,Для взрослых;Для маленьких;Для пожилых,,"Говяжья трахея для собак – это 100% натуральное лакомство из чистого хряща, идеально подходящее для собак всех возрастов. Это лакомство прошла тщательную очистку от жира и обладает жевательной текстурой, способствующей укреплению челюстных мышц и поддержанию здоровья зубов.<br/><br/>Полезные свойства:<ul><li>Источник кальция. Говяжья трахея играет важную роль в поддержании здоровья костей и суставов вашего питомца. Кальций также необходим для нормального функционирования мышц и нервной системы, что особенно важно для активных собак.</li><li>Коллаген. Этот компонент является строительным блоком для кожи, суставов, хрящей и других соединительных тканей в организме собак. Употребление трахеи способствует поддержанию их эластичности и здоровья.</li><li>Натуральный продукт. Наши лакомства не содержат вредных добавок и консервантов, что делает их безопасными для вашего пушистого друга. Говяжья трахея способствует профилактике зубного камня и укрепляет зубы, обеспечивая дополнительный уход за ротовой полостью.</li></ul>Говяжья трахея от Шепард – отличное лакомство для животных, особенно для мелких пород. Позаботьтесь о здоровье вашего питомца и подарите ему удовольствие от жевания!",,лакомства для собак;вкусняшки для собак;лакомство для собак;деревенские лакомства для собак;вкусняшки для собак мелких пород;лакомства для собак мелких пород;лакомство для собак мелких пород;лакомства для собак крупных пород;трахея говяжья для собак;лакомства для собак средних пород;собачьи лакомства;для зубов собак;лакомство для собак крупных пород;лакомства для щенков;лакомство для щенков;лакомства для собак мелких пород натуральные;вкусняшки для щенков мелких пород;трахея для собак;лакомства для собак деревенские лакомства;трахея говяжья;,группа 9,350 х 160 х 30,Вакуумная упаковка,лакомства для собак - 1 упаковка,"2309109000 - МАРКИРОВКА РФ - Прочий корм для собак или кошек, расфасованный для розничной продажи",Россия,Трахея,Говядина,Твердые,,,,Мясо,,Крупный;Малый;Средний,Профилактика зубного налета,Без ГМО;Без ароматизаторов;Без вкусовых добавок,В сухом месте;Не подвергать воздействию прямого солнечного света,489,33.7,39.3,100% говяжья трахея,Нет,,
58,SPRD-02855,Перепелиные лапки 100г для собак SHEPHERD TM,529.00,755.00,Не облагается,Нет,Нет,,4680614028551,109,225,30,135,https://cdn1.ozone.ru/s3/multimedia-1-s/7055647300.jpg,"https://cdn1.ozone.ru/s3/multimedia-1-5/7055647313.jpg
https://cdn1.ozone.ru/s3/multimedia-1-8/7055647316.jpg
https://cdn1.ozone.ru/s3/multimedia-1-f/7055647071.jpg
https://cdn1.ozone.ru/s3/multimedia-1-f/7055647251.jpg
https://cdn1.ozone.ru/s3/multimedia-1-b/7055647175.jpg
https://cdn1.ozone.ru/s3/multimedia-1-w/7055647088.jpg
https://cdn1.ozone.ru/s3/multimedia-1-l/7055647185.jpg
https://cdn1.ozone.ru/s3/multimedia-1-k/7055647328.jpg
https://cdn1.ozone.ru/s3/multimedia-1-c/7055647104.jpg
https://cdn1.ozone.ru/s3/multimedia-1-0/7055647128.jpg
https://cdn1.ozone.ru/s3/multimedia-1-z/7055647235.jpg
https://cdn1.ozone.ru/s3/multimedia-1-e/7055647286.jpg
https://cdn1.ozone.ru/s3/multimedia-1-2/7055647238.jpg
https://cdn1.ozone.ru/s3/multimedia-1-r/7055647155.jpg",,,SHEPHERD,Перепелиные лапки,100,1,1,Лакомство,Для кошек;Для собак,540,Для маленьких;Для взрослых;Для пожилых,,"Лакомства из перепелиных лапок - это не просто вкусное удовольствие для вашего любимца, но и забота о его здоровье. Попробуйте нашу новинку прямо сейчас и убедитесь, что ваш четвероногий друг оценит как неповторимый вкус, так и их пользу.<br/><br/>Польза перепелиных лапок для вашего питомца:<br/><br/><ul><li>Мышечная масса. Лакомства из перепелиных лапок богаты высококачественным белком, который является основой для поддержания мышечной массы, здорового роста и общего благополучия вашего питомца. </li></ul><ul><li>Пищеварение. Наш продукт содержит натуральную клетчатку, которая помогает поддерживать нормальную работу желудочно-кишечного тракта. </li><li>Здоровье костей. В составе перепелиных лапок содержится необходимый минерал – кальций. Он играет ключевую роль в формировании и поддержании прочности костей и зубов, что особенно важно для щенков и взрослых собак.</li><li>Суставы. Перепелиные лапки богаты естественным коллагеном, который способствует здоровью суставов, кожи и шерсти вашего питомца. Коллаген помогает сохранить эластичность кожи и укрепить хрящевую ткань.</li></ul>Добавьте эти полезные лакомства в рацион вашего питомца, и вы заметите, как они поддерживают его здоровье, энергию и хорошее настроение! ","{
  ""content"": [
    {
      ""widgetName"": ""raShowcase"",
      ""type"": ""billboard"",
      ""blocks"": [
        {
          ""imgLink"": ""https://www.ozon.ru/seller/shepherd-1468751/products/?miniapp=seller_1468751"",
          ""img"": {
            ""src"": ""https://cdn1.ozone.ru/s3/multimedia-1-5/7436651549.jpg"",
            ""srcMobile"": ""https://cdn1.ozone.ru/s3/multimedia-1-5/7436651549.jpg"",
            ""alt"": """",
            ""position"": ""width_one_third"",
            ""positionMobile"": ""width_full"",
            ""widthMobile"": 1182,
            ""heightMobile"": 1182
          },
          ""title"": {
            ""items"": [
              {
                ""type"": ""text"",
                ""content"": ""Shepherd TM""
              }
            ],
            ""size"": ""size7"",
            ""align"": ""center"",
            ""color"": ""color1""
          },
          ""text"": {
            ""size"": ""size2"",
            ""align"": ""center"",
            ""color"": ""color1"",
            ""items"": [
              {
                ""type"": ""text"",
                ""content"": ""Мы специализируемся на производстве\r""
              },
              {
                ""type"": ""br""
              },
              {
                ""type"": ""text"",
                ""content"": ""100% натуральных лакомств и сбалансированных рационов для животных.""
              },
              {
                ""type"": ""br""
              },
              {
                ""type"": ""text"",
                ""content"": ""У нас большой выбор на любой вкус. Ваши питомцы останутся довольны.""
              },
              {
                ""type"": ""br""
              }
            ]
          }
        }
      ]
    },
    {
      ""widgetName"": ""raTextBlock"",
      ""title"": {
        ""items"": [
          {
            ""type"": ""text"",
            ""content"": ""Перепелиные лапки  для собак""
          }
        ],
        ""size"": ""size6"",
        ""color"": ""color1"",
        ""align"": ""center""
      },
      ""theme"": ""tertiary"",
      ""padding"": ""type2"",
      ""gapSize"": ""s"",
      ""text"": {
        ""size"": ""size2"",
        ""align"": ""left"",
        ""color"": ""color1"",
        ""items"": [
          {
            ""type"": ""text"",
            ""content"": ""Лакомства из перепелиных лапок - это не просто вкусное удовольствие для вашего любимца, но и забота о его здоровье. Попробуйте нашу новинку прямо сейчас и убедитесь, что ваш четвероногий друг оценит как неповторимый вкус, так и их пользу.\r""
          },
          {
            ""type"": ""br""
          },
          {
            ""type"": ""text"",
            ""content"": ""\r""
          },
          {
            ""type"": ""br""
          },
          {
            ""type"": ""text"",
            ""content"": ""Польза перепелиных лапок для вашего питомца:\r""
          },
          {
            ""type"": ""br""
          },
          {
            ""type"": ""text"",
            ""content"": ""\r""
          },
          {
            ""type"": ""br""
          },
          {
            ""type"": ""text"",
            ""content"": ""Мышечная масса. Лакомства из перепелиных лапок богаты высококачественным белком, который является основой для поддержания мышечной массы, здорового роста и общего благополучия вашего питомца. \r""
          },
          {
            ""type"": ""br""
          },
          {
            ""type"": ""text"",
            ""content"": ""Пищеварение. Наш продукт содержит натуральную клетчатку, которая помогает поддерживать нормальную работу желудочно-кишечного тракта. \r""
          },
          {
            ""type"": ""br""
          },
          {
            ""type"": ""text"",
            ""content"": ""Здоровье костей. В составе перепелиных лапок содержится необходимый минерал – кальций. Он играет ключевую роль в формировании и поддержании прочности костей и зубов, что особенно важно для щенков и взрослых собак.\r""
          },
          {
            ""type"": ""br""
          },
          {
            ""type"": ""text"",
            ""content"": ""Суставы. Перепелиные лапки богаты естественным коллагеном, который способствует здоровью суставов, кожи и шерсти вашего питомца. Коллаген помогает сохранить эластичность кожи и укрепить хрящевую ткань.\r""
          },
          {
            ""type"": ""br""
          },
          {
            ""type"": ""text"",
            ""content"": ""Добавьте эти полезные лакомства в рацион вашего питомца, и вы заметите, как они поддерживают его здоровье, энергию и хорошее настроение! ""
          }
        ]
      }
    },
    {
      ""widgetName"": ""raShowcase"",
      ""type"": ""chess"",
      ""blocks"": [
        {
          ""img"": {
            ""src"": ""https://cdn1.ozone.ru/s3/multimedia-1-d/7439057941.jpg"",
            ""srcMobile"": ""https://cdn1.ozone.ru/s3/multimedia-1-d/7439057941.jpg"",
            ""alt"": """",
            ""position"": ""to_the_edge"",
            ""positionMobile"": ""fill"",
            ""widthMobile"": 1680,
            ""heightMobile"": 1680
          },
          ""imgLink"": """",
          ""title"": {
            ""items"": [
              {
                ""type"": ""text"",
                ""content"": ""С любовью и заботой ""
              }
            ],
            ""size"": ""size6"",
            ""align"": ""center"",
            ""color"": ""color1""
          },
          ""text"": {
            ""size"": ""size2"",
            ""align"": ""center"",
            ""color"": ""color1"",
            ""items"": [
              {
                ""type"": ""text"",
                ""content"": ""Мы используем только качественное мясо и тщательно следим за стандартами, чтобы обеспечить здоровье ваших питомцев. Наши лакомства – это продукты, созданные с любовью и заботой.""
              }
            ]
          },
          ""reverse"": false
        },
        {
          ""img"": {
            ""src"": ""https://cdn1.ozone.ru/s3/multimedia-1-p/7435712833.jpg"",
            ""srcMobile"": ""https://cdn1.ozone.ru/s3/multimedia-1-p/7435712833.jpg"",
            ""alt"": """",
            ""position"": ""fill"",
            ""positionMobile"": ""fill"",
            ""widthMobile"": 866,
            ""heightMobile"": 831
          },
          ""imgLink"": """",
          ""title"": {
            ""items"": [
              {
                ""type"": ""text"",
                ""content"": ""Технология""
              }
            ],
            ""size"": ""size6"",
            ""align"": ""center"",
            ""color"": ""color1""
          },
          ""text"": {
            ""size"": ""size2"",
            ""align"": ""left"",
            ""color"": ""color1"",
            ""items"": [
              {
                ""type"": ""text"",
                ""content"": ""Мы производим натуральные лакомства и сбалансированные рационы для собак, не используя консерванты и химические добавки.""
              }
            ]
          },
          ""reverse"": true
        }
      ]
    }
  ],
  ""version"": 0.3
}",лакомства для собак;для собак;лакомства для собак мелких пород;лакомство для собак мелких пород;для собак лакомство;для собак мелких пород;лакомство для собак;вкусняшки для собак;лакомства для собак крупных пород;вкусняшки для собак средних пород;,группа 13,130 х 220 х 30,Дой-пак;Вакуумная упаковка,,"2309109000 - МАРКИРОВКА РФ - Прочий корм для собак или кошек, расфасованный для розничной продажи",Россия,Лапки,Перепел,Твердые,,,,Птица,,Малый;Средний;Крупный,С избыточным весом,Без ароматизаторов;Без вкусовых добавок;Без ГМО,В сухом месте;Не подвергать воздействию прямого солнечного света,162,17.7,18,100% лапки перепёлки,Нет,,
59,SPRD-02247,Баранье легкое для собак 100г кусочки Shepherd TM,697.00,995.00,Не облагается,Нет,Нет,,4680614022474,105,30,225,165,https://cdn1.ozone.ru/s3/multimedia-1-i/7254402930.jpg,"https://cdn1.ozone.ru/s3/multimedia-1-k/7254402896.jpg
https://cdn1.ozone.ru/s3/multimedia-1-9/7254402885.jpg
https://cdn1.ozone.ru/s3/multimedia-1-g/7254402892.jpg
https://cdn1.ozone.ru/s3/multimedia-1-t/7254402941.jpg
https://cdn1.ozone.ru/s3/multimedia-1-5/7254402917.jpg
https://cdn1.ozone.ru/s3/multimedia-1-y/7254402910.jpg
https://cdn1.ozone.ru/s3/multimedia-1-m/7254402934.jpg
https://cdn1.ozone.ru/s3/multimedia-1-r/7254402939.jpg
https://cdn1.ozone.ru/s3/multimedia-1-p/7254402937.jpg
https://cdn1.ozone.ru/s3/multimedia-1-n/7254402899.jpg
https://cdn1.ozone.ru/s3/multimedia-1-m/7254402970.jpg
https://cdn1.ozone.ru/s3/multimedia-1-f/7254402891.jpg
https://cdn1.ozone.ru/s3/multimedia-1-g/7254402928.jpg
https://cdn1.ozone.ru/s3/multimedia-1-y/7254402982.jpg
https://cdn1.ozone.ru/s3/multimedia-1-u/7254402906.jpg
https://cdn1.ozone.ru/s3/multimedia-1-t/7254402977.jpg
https://cdn1.ozone.ru/s3/multimedia-1-q/7254402974.jpg
https://cdn1.ozone.ru/s3/multimedia-1-9/7254402921.jpg
https://cdn1.ozone.ru/s3/multimedia-1-f/7254402927.jpg
https://cdn1.ozone.ru/s3/multimedia-1-j/7254402895.jpg
https://cdn1.ozone.ru/s3/multimedia-1-0/7254402912.jpg
https://cdn1.ozone.ru/s3/multimedia-1-u/7254402978.jpg
https://cdn1.ozone.ru/s3/multimedia-1-a/7254402922.jpg
https://cdn1.ozone.ru/s3/multimedia-1-q/7254402938.jpg
https://cdn1.ozone.ru/s3/multimedia-1-d/7254402925.jpg
https://cdn1.ozone.ru/s3/multimedia-1-l/7254402933.jpg
https://cdn1.ozone.ru/s3/multimedia-1-j/7254402931.jpg",,,SHEPHERD,Легкое,100,1,,Лакомство,Для собак,365,Для взрослых;Для маленьких;Для пожилых,#лакомствадлясобак #вкусняшкидлясобак #длясреднихпород #бычийкореньдлясобак #бараньелёгкоедлясобак #shepherd,"Ищете идеальное лакомство для вашего питомца?<br/><br/>Познакомьтесь с бараньим легким от Shepherd – натуральным и вкусным угощением, которое порадует даже самых привередливых собак! Баранье легкое (кубики), сушеное для собак, 100% натуральное.<br/><br/>Польза:<ul><li>Гипоаллергенное. Отличный выбор для собак с чувствительным пищеварением - минимальная вероятность аллергических реакций.</li><li>Низкокалорийное. Идеально для контроля веса вашего питомца, помогает поддерживать здоровую физическую форму.</li><li>Богато белком. Высокое содержание качественного белка способствует укреплению мышечной массы и поддержанию здоровья.</li><li>Забота о зубах. Помогает в поддержании зубов и десен, снижая риск образования налета и улучшая гигиену полости рта.</li><li>100% натуральный продукт. Без искусственных консервантов и добавок, только чистое удовольствие для вашего четвероного друга!<br/><br/>Откройте для себя мир вкусных лакомств!<br/><br/>Мы рады пригласить вас в наш каталог! Заходите и откройте для себя разнообразие наших лакомств для собак. Пробуйте новые вкусы и радуйте своего питомца особыми угощениями!<br/><br/>Почему стоит взять несколько вкусов?<ul><li>Разнообразие. Ваш питомец забудет о скучных перекусах, если вы будете чередовать разные вкусы!</li><li>Эксперименты. Найдите тот самый любимый вкус, который станет хитом у вашего друга!</li><li>Соблюдение баланса. Разнообразие помогает обеспечить поступление всех необходимых витаминов и минералов.</li></ul></li></ul>","{
  ""content"": [
    {
      ""widgetName"": ""raShowcase"",
      ""type"": ""billboard"",
      ""blocks"": [
        {
          ""imgLink"": ""https://www.ozon.ru/seller/shepherd-1468751/products/?miniapp=seller_1468751"",
          ""img"": {
            ""src"": ""https://cdn1.ozone.ru/s3/multimedia-1-f/7435712823.jpg"",
            ""srcMobile"": ""https://cdn1.ozone.ru/s3/multimedia-1-f/7435712823.jpg"",
            ""alt"": """",
            ""position"": ""width_one_third"",
            ""positionMobile"": ""width_full"",
            ""widthMobile"": 1182,
            ""heightMobile"": 1182
          },
          ""title"": {
            ""items"": [
              {
                ""type"": ""text"",
                ""content"": ""Shepherd TM""
              }
            ],
            ""size"": ""size7"",
            ""align"": ""center"",
            ""color"": ""color1""
          },
          ""text"": {
            ""size"": ""size2"",
            ""align"": ""center"",
            ""color"": ""color1"",
            ""items"": [
              {
                ""type"": ""text"",
                ""content"": ""Мы специализируемся на производстве\r""
              },
              {
                ""type"": ""br""
              },
              {
                ""type"": ""text"",
                ""content"": ""100% натуральных лакомств и сбалансированных рационов для животных.""
              },
              {
                ""type"": ""br""
              },
              {
                ""type"": ""text"",
                ""content"": ""У нас большой выбор на любой вкус. Ваши питомцы останутся довольны.""
              },
              {
                ""type"": ""br""
              }
            ]
          }
        }
      ]
    },
    {
      ""widgetName"": ""raTextBlock"",
      ""title"": {
        ""items"": [
          {
            ""type"": ""text"",
            ""content"": ""Баранье легкое для собак""
          }
        ],
        ""size"": ""size7"",
        ""color"": ""color1"",
        ""align"": ""center""
      },
      ""theme"": ""tertiary"",
      ""padding"": ""type2"",
      ""gapSize"": ""s"",
      ""text"": {
        ""size"": ""size2"",
        ""align"": ""left"",
        ""color"": ""color1"",
        ""items"": [
          {
            ""type"": ""text"",
            ""content"": ""Ищете идеальное лакомство для вашего питомца?\r""
          },
          {
            ""type"": ""br""
          },
          {
            ""type"": ""text"",
            ""content"": ""\r""
          },
          {
            ""type"": ""br""
          },
          {
            ""type"": ""text"",
            ""content"": ""Познакомьтесь с бараньим легким от Shepherd – натуральным и вкусным угощением, которое порадует даже самых привередливых собак!\r""
          },
          {
            ""type"": ""br""
          },
          {
            ""type"": ""text"",
            ""content"": ""\r""
          },
          {
            ""type"": ""br""
          },
          {
            ""type"": ""text"",
            ""content"": ""Польза:\r""
          },
          {
            ""type"": ""br""
          },
          {
            ""type"": ""text"",
            ""content"": ""Гипоаллергенное. Отличный выбор для собак с чувствительным пищеварением - минимальная вероятность аллергических реакций.\r""
          },
          {
            ""type"": ""br""
          },
          {
            ""type"": ""text"",
            ""content"": ""Низкокалорийное. Идеально для контроля веса вашего питомца, помогает поддерживать здоровую физическую форму.\r""
          },
          {
            ""type"": ""br""
          },
          {
            ""type"": ""text"",
            ""content"": ""Богато белком. Высокое содержание качественного белка способствует укреплению мышечной массы и поддержанию здоровья.\r""
          },
          {
            ""type"": ""br""
          },
          {
            ""type"": ""text"",
            ""content"": ""Забота о зубах. Помогает в поддержании зубов и десен, снижая риск образования налета и улучшая гигиену полости рта.\r""
          },
          {
            ""type"": ""br""
          },
          {
            ""type"": ""text"",
            ""content"": ""100% натуральный продукт. Без искусственных консервантов и добавок, только чистое удовольствие для вашего четвероного друга!\r""
          },
          {
            ""type"": ""br""
          },
          {
            ""type"": ""text"",
            ""content"": ""\r""
          },
          {
            ""type"": ""br""
          },
          {
            ""type"": ""text"",
            ""content"": ""Откройте для себя мир вкусных лакомств!\r""
          },
          {
            ""type"": ""br""
          },
          {
            ""type"": ""text"",
            ""content"": ""\r""
          },
          {
            ""type"": ""br""
          },
          {
            ""type"": ""text"",
            ""content"": ""Мы рады пригласить вас в наш каталог! Заходите и откройте для себя разнообразие наших лакомств для собак. Пробуйте новые вкусы и радуйте своего питомца особыми угощениями!\r""
          },
          {
            ""type"": ""br""
          },
          {
            ""type"": ""text"",
            ""content"": ""\r""
          },
          {
            ""type"": ""br""
          },
          {
            ""type"": ""text"",
            ""content"": ""Почему стоит взять несколько вкусов?\r""
          },
          {
            ""type"": ""br""
          },
          {
            ""type"": ""text"",
            ""content"": ""Разнообразие. Ваш питомец забудет о скучных перекусах, если вы будете чередовать разные вкусы!\r""
          },
          {
            ""type"": ""br""
          },
          {
            ""type"": ""text"",
            ""content"": ""Эксперименты. Найдите тот самый любимый вкус, который станет хитом у вашего друга!\r""
          },
          {
            ""type"": ""br""
          },
          {
            ""type"": ""text"",
            ""content"": ""Соблюдение баланса. Разнообразие помогает обеспечить поступление всех необходимых витаминов и минералов.""
          }
        ]
      }
    },
    {
      ""widgetName"": ""raShowcase"",
      ""type"": ""chess"",
      ""blocks"": [
        {
          ""img"": {
            ""src"": ""https://cdn1.ozone.ru/s3/multimedia-1-0/7436312172.jpg"",
            ""srcMobile"": ""https://cdn1.ozone.ru/s3/multimedia-1-0/7436312172.jpg"",
            ""alt"": """",
            ""position"": ""to_the_edge"",
            ""positionMobile"": ""fill"",
            ""widthMobile"": 1680,
            ""heightMobile"": 1680
          },
          ""imgLink"": """",
          ""title"": {
            ""items"": [
              {
                ""type"": ""text"",
                ""content"": ""С любовью и заботой ""
              }
            ],
            ""size"": ""size6"",
            ""align"": ""center"",
            ""color"": ""color1""
          },
          ""text"": {
            ""size"": ""size2"",
            ""align"": ""center"",
            ""color"": ""color1"",
            ""items"": [
              {
                ""type"": ""text"",
                ""content"": ""Мы используем только качественное мясо и тщательно следим за стандартами, чтобы обеспечить здоровье ваших питомцев. Наши корма – это продукты, созданные с любовью и заботой.""
              }
            ]
          },
          ""reverse"": false
        },
        {
          ""img"": {
            ""src"": ""https://cdn1.ozone.ru/s3/multimedia-1-p/7435712833.jpg"",
            ""srcMobile"": ""https://cdn1.ozone.ru/s3/multimedia-1-p/7435712833.jpg"",
            ""alt"": """",
            ""position"": ""fill"",
            ""positionMobile"": ""fill"",
            ""widthMobile"": 866,
            ""heightMobile"": 831
          },
          ""imgLink"": """",
          ""title"": {
            ""items"": [
              {
                ""type"": ""text"",
                ""content"": ""Технология""
              }
            ],
            ""size"": ""size6"",
            ""align"": ""center"",
            ""color"": ""color1""
          },
          ""text"": {
            ""size"": ""size2"",
            ""align"": ""left"",
            ""color"": ""color1"",
            ""items"": [
              {
                ""type"": ""text"",
                ""content"": ""Мы производим натуральные лакомства и сбалансированные рационы для собак, не используя консерванты и химические добавки.""
              }
            ]
          },
          ""reverse"": true
        }
      ]
    }
  ],
  ""version"": 0.3
}",вкусняшки для собак;лакомства для собак;лакомство для собак;лакомства для собак мелких пород;лакомство для собак мелких пород;сушеное легкое для собак;лакомства для дрессировки собак;легкие для собак;баранина мясо;баранье легкое для собак;вкусняшки для собак мелких пород;лакомства для собак крупных пород;сушеное легкое;лакомство для дрессировки щенков;вкусняшки для собак мелких пород лакомства;лакомства для щенков мелких пород;сухое легкое для собак лакомство;сушеные легкие для собак;,группа 14,165х30х225,Бумажный пакет;Вакуумная упаковка,,"2309109000 - МАРКИРОВКА РФ - Прочий корм для собак или кошек, расфасованный для розничной продажи",Россия,Легкое;Кусочки,Баранина,Твердые,,,,Мясо,,Крупный;Малый;Средний,С избыточным весом,Без ГМО;Без ароматизаторов;Без вкусовых добавок,В сухом месте;Не подвергать воздействию прямого солнечного света,92,16.2,2.5,"100% баранье лёгкое
Назначение: для дрессировки и поощрения.
Питательная ценность в 100 г:
белки 16.2 г, жиры 2.5 г, кал. 92 кКал.
Срок годности: 12 мес.
",Нет,,
60,SPRD-02367,"Рубец говяжий молотый 250г, витаминная добавка в корм для собак и кошек SHEPHERD TM","1,219.00","1,741.00",Не облагается,Нет,Нет,,4680614023679,260,110,40,190,https://cdn1.ozone.ru/s3/multimedia-1-k/6956181776.jpg,"https://cdn1.ozone.ru/s3/multimedia-1-8/7217789444.jpg
https://cdn1.ozone.ru/s3/multimedia-1-9/7217789445.jpg
https://cdn1.ozone.ru/s3/multimedia-1-p/7079530741.jpg
https://cdn1.ozone.ru/s3/multimedia-1-q/7209988694.jpg
https://cdn1.ozone.ru/s3/multimedia-1-2/6956181794.jpg
https://cdn1.ozone.ru/s3/multimedia-1-1/7210683973.jpg
https://cdn1.ozone.ru/s3/multimedia-1-7/6956181799.jpg
https://cdn1.ozone.ru/s3/multimedia-1-4/7210683976.jpg
https://cdn1.ozone.ru/s3/multimedia-1-g/6956181772.jpg
https://cdn1.ozone.ru/s3/multimedia-1-h/6956181773.jpg
https://cdn1.ozone.ru/s3/multimedia-1-l/6956181813.jpg
https://cdn1.ozone.ru/s3/multimedia-1-c/6956181840.jpg
https://cdn1.ozone.ru/s3/multimedia-1-y/6956181826.jpg
https://cdn1.ozone.ru/s3/multimedia-1-e/6956181806.jpg
https://cdn1.ozone.ru/s3/multimedia-1-2/6956181830.jpg
https://cdn1.ozone.ru/s3/multimedia-1-9/6956181801.jpg
https://cdn1.ozone.ru/s3/multimedia-1-i/6956181846.jpg
https://cdn1.ozone.ru/s3/multimedia-1-z/6956181791.jpg
https://cdn1.ozone.ru/s3/multimedia-1-q/6956181854.jpg
https://cdn1.ozone.ru/s3/multimedia-1-n/6956181779.jpg",,,SHEPHERD,"Рубец говяжий молотый, натуральный сушёный для собак.",250,1,1,Лакомство,Для собак;Для кошек,365,Для маленьких,#лакомстводлясобак #лакомствадлясобак #лакомство_для_собак #лакомства_для_собак #вкусняшки_для_собак #вкусняшка_для_собак #вкусняшкадлясобак #лакомстводляпитомцев #молотыйрубец #сушеныйрубец #рубецдлясобак,"Пониженная активность питомца? Рубец говяжий для собак молотый решит эту проблему!<br/><br/>Рубец говяжий представляет собой часть желудка , точнее - первый из его преджелудков, в котором содержится полезная микрофлора.<br/><br/>Основные преимущества:<ul><li>Молотый рубец для собак имеет высокое содержание белка (14%) и жиров (5%) для поддержания энергии и мышечной массы.</li><li>Рубец молотый для собак содержит пищевые волокна для улучшения пищеварения и поддержки микрофлоры кишечника.</li><li>Сушеный рубец  легко добавляется в рацион, улучшает аппетит и обогащает питание.</li><li>Поддерживает иммунную систему вашей собаки и общее самочувствие.<br/><br/>Рекомендации:<br/><br/>Для использования молотого рубца рекомендуется добавлять его непосредственно в сухой корм или сырые рационы.</li><li>Чайная ложка на 10 кг веса животного к порции, 4−5 р в неделю. Подходит всем собакам с 2-х месяцев.<br/><br/>Можно замачивать тёплой водой, добавлять в одно из кормлений.</li><li>Эти вкусняшки не просто корм или лакомства для собак, они являются настоящими деликатесами для животных. Рубец говяжий для собак прекрасно подойдет как лакомство для щенков, так и для собак крупных пород. Благодаря удобной упаковке товар легко хранить и брать с собой в поездки .<br/><br/>Выбирайте молотый говяжий рубец прямо сейчас — натуральную добавку для здоровья вашей собаки! У нас всегда большой выбор лакомств для собак и кошек!<br/><br/></li></ul>",,"говяжий рубец молотый;витаминная добавка для собак; кормовая добавка для собак;говяжий рубец для собак, молотый рубец для собак;лакомства для собак;лакомство для собак;ламинария для собак;Шепард;для собак;для кошек",группа 8,190х100х40,Вакуумная упаковка;Пластиковая банка,рубец говяжий для собак молотый,"2309903100 - Прочие продукты, используемые в кормлении животных, не содержащие крахмала или содержащие его 10 мас.% или менее, не содержащие молочных продуктов или содержащие менее 10 мас.% таких продуктов",Россия,Рубец,Говядина,Мягкие,,,,Мясо,,Крупный;Малый;Средний,При плохом аппетите,Без ГМО;Без ароматизаторов;Без вкусовых добавок,В сухом месте;Не подвергать воздействию прямого солнечного света,97,14.8,4.2,100% говяжий рубец,Нет,,
61,SPRD-02693,Утиная голова 4 штуки Shepherd TM,628.00,897.00,Не облагается,Нет,Нет,,4680614026939,230,30,225,165,https://cdn1.ozone.ru/s3/multimedia-1-c/7302631368.jpg,"https://cdn1.ozone.ru/s3/multimedia-1-j/7302631339.jpg
https://cdn1.ozone.ru/s3/multimedia-1-v/7302631387.jpg
https://cdn1.ozone.ru/s3/multimedia-1-6/7517659434.jpg
https://cdn1.ozone.ru/s3/multimedia-1-9/7302631437.jpg
https://cdn1.ozone.ru/s3/multimedia-1-r/7517659563.jpg
https://cdn1.ozone.ru/s3/multimedia-1-i/7517662506.jpg
https://cdn1.ozone.ru/s3/multimedia-1-f/7302631371.jpg
https://cdn1.ozone.ru/s3/multimedia-1-t/7517659493.jpg
https://cdn1.ozone.ru/s3/multimedia-1-n/7302631415.jpg
https://cdn1.ozone.ru/s3/multimedia-1-3/7517659539.jpg
https://cdn1.ozone.ru/s3/multimedia-1-9/7517659401.jpg
https://cdn1.ozone.ru/s3/multimedia-1-5/7517659433.jpg
https://cdn1.ozone.ru/s3/multimedia-1-6/7517659542.jpg
https://cdn1.ozone.ru/s3/multimedia-1-a/7302631474.jpg
https://cdn1.ozone.ru/s3/multimedia-1-y/7517662486.jpg
https://cdn1.ozone.ru/s3/multimedia-1-0/7302631356.jpg
https://cdn1.ozone.ru/s3/multimedia-1-9/7302631401.jpg
https://cdn1.ozone.ru/s3/multimedia-1-f/7517662503.jpg
https://cdn1.ozone.ru/s3/multimedia-1-s/7302631456.jpg
https://cdn1.ozone.ru/s3/multimedia-1-0/7302631428.jpg
https://cdn1.ozone.ru/s3/multimedia-1-j/7302631483.jpg
https://cdn1.ozone.ru/s3/multimedia-1-m/7517662474.jpg
https://cdn1.ozone.ru/s3/multimedia-1-o/7517662512.jpg",,,SHEPHERD,"Утиная голова, сушеная для собак, 100% натуральное.",150,1,,Лакомство,Для собак,365,Для взрослых;Для маленьких;Для пожилых,,"«Занять вашего друга будет легко и вкусно!»<br/><br/>Утиные головы - уникальное сочетание удовольствия и пользы!<br/><br/>Польза:<ul><li>100% натуральный продукт. Богат витаминами и минералами для здоровья вашего четвероногого друга.</li></ul><ul><li>Поддержка здоровья. Витамин В12 укрепляет мышцы и иммунитет щенков с 3-х месяцев.</li><li>Забота о сустава. Хондроитин и глюкозамин – для суставов активных и пожилых собак.</li><li>Красивая шерсть и кожа. Омега-3 и омега-6 для блестящей шерсти и здоровья кожи.</li><li>Безопасность. Нет искусственных добавок, только натуральные ингредиенты.</li><li>Очищение зубов. Хрустящая текстура способствует естественному очищению зубов.<br/><br/>Откройте для своего питомца новые вкусы и текстуры :<ul><li>Филе индейки</li><li>Баранье легкое</li><li>Утиные лапки</li></ul></li></ul>","{
  ""content"": [
    {
      ""widgetName"": ""raShowcase"",
      ""type"": ""billboard"",
      ""blocks"": [
        {
          ""imgLink"": ""https://www.ozon.ru/seller/shepherd-1468751/products/?miniapp=seller_1468751"",
          ""img"": {
            ""src"": ""https://cdn1.ozone.ru/s3/multimedia-1-5/7436651549.jpg"",
            ""srcMobile"": ""https://cdn1.ozone.ru/s3/multimedia-1-5/7436651549.jpg"",
            ""alt"": """",
            ""position"": ""width_one_third"",
            ""positionMobile"": ""width_full"",
            ""widthMobile"": 1182,
            ""heightMobile"": 1182
          },
          ""title"": {
            ""items"": [
              {
                ""type"": ""text"",
                ""content"": ""Shepherd TM""
              }
            ],
            ""size"": ""size7"",
            ""align"": ""center"",
            ""color"": ""color1""
          },
          ""text"": {
            ""size"": ""size2"",
            ""align"": ""center"",
            ""color"": ""color1"",
            ""items"": [
              {
                ""type"": ""text"",
                ""content"": ""Мы специализируемся на производстве\r""
              },
              {
                ""type"": ""br""
              },
              {
                ""type"": ""text"",
                ""content"": ""100% натуральных лакомств и сбалансированных рационов для животных.""
              },
              {
                ""type"": ""br""
              },
              {
                ""type"": ""text"",
                ""content"": ""У нас большой выбор на любой вкус. Ваши питомцы останутся довольны.""
              },
              {
                ""type"": ""br""
              }
            ]
          }
        }
      ]
    },
    {
      ""widgetName"": ""raTextBlock"",
      ""title"": {
        ""items"": [
          {
            ""type"": ""text"",
            ""content"": ""Утиная голова для собак""
          }
        ],
        ""size"": ""size7"",
        ""color"": ""color1"",
        ""align"": ""center""
      },
      ""theme"": ""tertiary"",
      ""padding"": ""type2"",
      ""gapSize"": ""s"",
      ""text"": {
        ""size"": ""size2"",
        ""align"": ""left"",
        ""color"": ""color1"",
        ""items"": [
          {
            ""type"": ""text"",
            ""content"": ""«Занять вашего друга будет легко и вкусно!»\r""
          },
          {
            ""type"": ""br""
          },
          {
            ""type"": ""text"",
            ""content"": ""\r""
          },
          {
            ""type"": ""br""
          },
          {
            ""type"": ""text"",
            ""content"": ""Утиные головы - уникальное сочетание удовольствия и пользы!\r""
          },
          {
            ""type"": ""br""
          },
          {
            ""type"": ""text"",
            ""content"": ""\r""
          },
          {
            ""type"": ""br""
          },
          {
            ""type"": ""text"",
            ""content"": ""Польза:\r""
          },
          {
            ""type"": ""br""
          },
          {
            ""type"": ""text"",
            ""content"": ""100% натуральный продукт. Богат витаминами и минералами для здоровья вашего четвероногого друга.\r""
          },
          {
            ""type"": ""br""
          },
          {
            ""type"": ""text"",
            ""content"": ""Поддержка здоровья. Витамин В12 укрепляет мышцы и иммунитет щенков с 3-х месяцев.\r""
          },
          {
            ""type"": ""br""
          },
          {
            ""type"": ""text"",
            ""content"": ""Забота о сустава. Хондроитин и глюкозамин – для суставов активных и пожилых собак.\r""
          },
          {
            ""type"": ""br""
          },
          {
            ""type"": ""text"",
            ""content"": ""Красивая шерсть и кожа. Омега-3 и омега-6 для блестящей шерсти и здоровья кожи.\r""
          },
          {
            ""type"": ""br""
          },
          {
            ""type"": ""text"",
            ""content"": ""Безопасность. Нет искусственных добавок, только натуральные ингредиенты.\r""
          },
          {
            ""type"": ""br""
          },
          {
            ""type"": ""text"",
            ""content"": ""Очищение зубов. Хрустящая текстура способствует естественному очищению зубов.\r""
          },
          {
            ""type"": ""br""
          },
          {
            ""type"": ""text"",
            ""content"": ""\r""
          },
          {
            ""type"": ""br""
          },
          {
            ""type"": ""text"",
            ""content"": ""Почему стоит взять несколько вкусов?\r""
          },
          {
            ""type"": ""br""
          },
          {
            ""type"": ""text"",
            ""content"": "" Разнообразие. Ваш питомец забудет о скучных перекусах, если вы будете чередовать разные вкусы!\r""
          },
          {
            ""type"": ""br""
          },
          {
            ""type"": ""text"",
            ""content"": ""Эксперименты. Найдите тот самый любимый вкус, который станет хитом у вашего друга!\r""
          },
          {
            ""type"": ""br""
          },
          {
            ""type"": ""text"",
            ""content"": "" Соблюдение баланса. Разнообразие помогает обеспечить поступление всех необходимых витаминов и минералов.""
          }
        ]
      }
    },
    {
      ""widgetName"": ""raShowcase"",
      ""type"": ""chess"",
      ""blocks"": [
        {
          ""img"": {
            ""src"": ""https://cdn1.ozone.ru/s3/multimedia-1-c/7439066508.jpg"",
            ""srcMobile"": ""https://cdn1.ozone.ru/s3/multimedia-1-c/7439066508.jpg"",
            ""alt"": """",
            ""position"": ""to_the_edge"",
            ""positionMobile"": ""fill"",
            ""widthMobile"": 1680,
            ""heightMobile"": 1680
          },
          ""imgLink"": """",
          ""title"": {
            ""items"": [
              {
                ""type"": ""text"",
                ""content"": ""С любовью и заботой ""
              }
            ],
            ""size"": ""size6"",
            ""align"": ""center"",
            ""color"": ""color1""
          },
          ""text"": {
            ""size"": ""size2"",
            ""align"": ""center"",
            ""color"": ""color1"",
            ""items"": [
              {
                ""type"": ""text"",
                ""content"": ""Мы используем только качественное мясо и тщательно следим за стандартами, чтобы обеспечить здоровье ваших питомцев. Наши лакомства – это продукты, созданные с любовью и заботой.""
              }
            ]
          },
          ""reverse"": false
        },
        {
          ""img"": {
            ""src"": ""https://cdn1.ozone.ru/s3/multimedia-1-p/7435712833.jpg"",
            ""srcMobile"": ""https://cdn1.ozone.ru/s3/multimedia-1-p/7435712833.jpg"",
            ""alt"": """",
            ""position"": ""fill"",
            ""positionMobile"": ""fill"",
            ""widthMobile"": 866,
            ""heightMobile"": 831
          },
          ""imgLink"": """",
          ""title"": {
            ""items"": [
              {
                ""type"": ""text"",
                ""content"": ""Технология""
              }
            ],
            ""size"": ""size6"",
            ""align"": ""center"",
            ""color"": ""color1""
          },
          ""text"": {
            ""size"": ""size2"",
            ""align"": ""left"",
            ""color"": ""color1"",
            ""items"": [
              {
                ""type"": ""text"",
                ""content"": ""Мы производим натуральные лакомства и сбалансированные рационы для собак, не используя консерванты и химические добавки.""
              }
            ]
          },
          ""reverse"": true
        }
      ]
    }
  ],
  ""version"": 0.3
}",Шепард; Shepherd;лакомства для собак;лакомство для собак;утиные головы для собак;утиная;аорта говяжья для собак;головы утиные для собак;лакомство для собак;лакомства для собак;для мелких пород;средних пород;сушеные лакомства для собак; мясо для собак; утка для собак; долгоиграющие лакомства для собак; для зубов собак; кости; косточки; чистка зубов собаке,группа 17,165х30х225,Вакуумная упаковка,,"2309109000 - МАРКИРОВКА РФ - Прочий корм для собак или кошек, расфасованный для розничной продажи",Россия,Голова,Утка,Твердые,,,,Мясо,,Крупный;Малый;Средний,Профилактика зубного налета,Без ГМО;Без ароматизаторов;Без вкусовых добавок,В сухом месте,401,45,23.5,"100% утиная голова.
Назначение: долгоиграющее лакомство
очищает зубы от налета и камня, тренирует челюсть.
Питательная ценность в 100 г:
белки 49.1 г, жиры 23,5 г, кал. 408 кКал.
Срок годности: 12 мес.",Нет,,
62,SPRD-02741,Лакомство для собак говяжий нос MAXI SHEPHERD TM 70г,577.00,824.00,Не облагается,Нет,Нет,,4680614027417,75,160,20,250,https://cdn1.ozone.ru/s3/multimedia-1-6/7517607126.jpg,"https://cdn1.ozone.ru/s3/multimedia-1-l/7517607177.jpg
https://cdn1.ozone.ru/s3/multimedia-1-v/7517607079.jpg
https://cdn1.ozone.ru/s3/multimedia-1-p/7517607109.jpg
https://cdn1.ozone.ru/s3/multimedia-1-l/7246224453.jpg
https://cdn1.ozone.ru/s3/multimedia-1-c/7517607132.jpg
https://cdn1.ozone.ru/s3/multimedia-1-h/7246224485.jpg
https://cdn1.ozone.ru/s3/multimedia-1-x/7246224465.jpg
https://cdn1.ozone.ru/s3/multimedia-1-m/7246224454.jpg
https://cdn1.ozone.ru/s3/multimedia-1-2/7246224470.jpg
https://cdn1.ozone.ru/s3/multimedia-1-p/7246224457.jpg
https://cdn1.ozone.ru/s3/multimedia-1-t/7517607005.jpg
https://cdn1.ozone.ru/s3/multimedia-1-4/7517607016.jpg
https://cdn1.ozone.ru/s3/multimedia-1-a/7517607022.jpg",,,SHEPHERD,"Говяжий нос, натуральное для собак TM.",70,1,1,Лакомство,Для собак,365,Для взрослых;Для маленьких;Для пожилых,,"Говяжий нос от SHEPHERD - это премиальное натуральное лакомство для собак, которое сочетает в себе вкусовые качества и полезные свойства. Изготовлено из 100% натуральных ингредиентов без использования ГМО, искусственных красителей, ароматизаторов и консервантов. <br/><br/>Польза говяжьего носа от SHEPHERD:<ul><li>100% натуральный состав без ГМО и искусственных добавок </li><li> Богат белком для строения клеток и энергии.</li><li>Содержит коллаген для здоровья суставов. </li><li>Обогащен кальцием для прочных костей и зубов. </li><li> Эффективно чистит зубы во время жевания. </li><li> Подходит для собак всех возрастов и размеров. </li><li> Безопасен благодаря натуральному составу. </li><li> Улучшает состояние кожи и шерсти. </li><li> Способствует здоровью опорно-двигательного аппарата.</li></ul>Выбирая говяжий нос SHEPHERD, вы даете своему питомцу не только вкусное лакомство, но и важные питательные вещества, которые поддерживают его здоровье и активность.",,лакомства для собак;для собак;лакомства для собак мелких пород;лакомство для собак мелких пород;для собак лакомство;для собак мелких пород;лакомство для собак;вкусняшки для собак;лакомства для собак крупных пород;вкусняшки для собак средних пород;,группа 10,250х160х20,Вакуумная упаковка,,"2309109000 - МАРКИРОВКА РФ - Прочий корм для собак или кошек, расфасованный для розничной продажи",Россия,Нос,Говядина,Твердые,,,,Мясо,,Крупный;Малый;Средний,Профилактика зубного налета,Без ГМО;Без ароматизаторов;Без вкусовых добавок,Не подвергать воздействию прямого солнечного света;При температуре от +4`С до +25`С,335,64.7,8.5,100% говяжий нос,Нет,,
63,SPRD-02662,Хрящ говяжий 500 грамм,"1,810.00","2,585.00",Не облагается,Нет,Нет,,4680614026625,510,300,40,400,https://cdn1.ozone.ru/s3/multimedia-1-f/7268681679.jpg,"https://cdn1.ozone.ru/s3/multimedia-1-h/7268681681.jpg
https://cdn1.ozone.ru/s3/multimedia-1-j/7268681683.jpg
https://cdn1.ozone.ru/s3/multimedia-1-l/7246224453.jpg
https://cdn1.ozone.ru/s3/multimedia-1-b/7268681675.jpg
https://cdn1.ozone.ru/s3/multimedia-1-x/7246224465.jpg
https://cdn1.ozone.ru/s3/multimedia-1-h/7246224485.jpg
https://cdn1.ozone.ru/s3/multimedia-1-m/7246224454.jpg
https://cdn1.ozone.ru/s3/multimedia-1-g/7268681680.jpg
https://cdn1.ozone.ru/s3/multimedia-1-2/7246224470.jpg
https://cdn1.ozone.ru/s3/multimedia-1-p/7246224457.jpg
https://cdn1.ozone.ru/s3/multimedia-1-5/7268681669.jpg
https://cdn1.ozone.ru/s3/multimedia-1-0/7268681664.jpg
https://cdn1.ozone.ru/s3/multimedia-1-d/7268681677.jpg
https://cdn1.ozone.ru/s3/multimedia-1-9/7268681673.jpg
https://cdn1.ozone.ru/s3/multimedia-1-c/7268681676.jpg
https://cdn1.ozone.ru/s3/multimedia-1-a/7268681674.jpg
https://cdn1.ozone.ru/s3/multimedia-1-8/7268681672.jpg
https://cdn1.ozone.ru/s3/multimedia-1-6/7268681670.jpg
https://cdn1.ozone.ru/s3/multimedia-1-7/7268681671.jpg
https://cdn1.ozone.ru/s3/multimedia-1-4/7268681668.jpg
https://cdn1.ozone.ru/s3/multimedia-1-i/7268681682.jpg",,,SHEPHERD,Лопаточный хрящ,500,1,1,Лакомство,Для собак,365,Для взрослых;Для маленьких;Для пожилых,,"«Лакомства для собак, которые занимают не на один укус!»<br/><br/>Натуральные лопаточные хрящи — это не только вкусное, но и полезное лакомство, способствующее здоровью вашего питомца. Обеспечьте ему энергичность и подвижность, добавив этот снек для собак в рацион!<ul><li>Натуральный источник питания. Хрящ говяжий для собак 100% натуральный продукт. Ваш питомец получает только качественные ингредиенты.</li></ul><ul><li>Поддержка суставов. Состав хрящей богат хондроитином, коллагеном и глюкозамином, что улучшает подвижность и гибкость суставов у активных и пожилых собак.</li></ul><ul><li>Развитие жевательного аппарата. Хрящи для собак способствуют правильному развитию зубов и десен у щенков и молодых собак, формируя здоровые привычки жевания.</li><li>Укрепление костей. Содержит много кальция для укрепления костной системы, особенно важно для растущих и пожилых собак.</li></ul>Почему стоит взять несколько вкусов?<ul><li> Разнообразие. Ваш питомец забудет о скучных перекусах, если вы будете чередовать разные вкусы!</li><li>Эксперименты. Найдите тот самый любимый вкус, который станет хитом у вашего друга!</li><li> Соблюдение баланса. Разнообразие помогает обеспечить поступление всех необходимых витаминов и минералов.</li></ul>",,лакомства для собак;для собак;лакомства для собак мелких пород;лакомство для собак мелких пород;для собак лакомство;для собак мелких пород;лакомство для собак;вкусняшки для собак;лакомства для собак крупных пород;вкусняшки для собак средних пород;,группа 5,400х300х40,Вакуумная упаковка,лакомства для собак - 1 упаковка,"2309109000 - МАРКИРОВКА РФ - Прочий корм для собак или кошек, расфасованный для розничной продажи",Россия,Хрящ,Говядина,Твердые,,,,Мясо,,Крупный;Малый;Средний,Профилактика зубного налета,Без ГМО;Без ароматизаторов;Без вкусовых добавок,В сухом месте;Не подвергать воздействию прямого солнечного света,383,54.9,18.1,100% лопаточный хрящ,Нет,,
64,SPRD-02333,Пятаки свиные 1000 г для собак SHEPHERD TM,"2,928.00","4,182.00",Не облагается,Нет,Нет,,4680614023334,1010,300,100,300,https://cdn1.ozone.ru/s3/multimedia-1-q/7673087870.jpg,"https://cdn1.ozone.ru/s3/multimedia-1-e/7380286790.jpg
https://cdn1.ozone.ru/s3/multimedia-1-e/7380286718.jpg
https://cdn1.ozone.ru/s3/multimedia-1-x/7380287241.jpg
https://cdn1.ozone.ru/s3/multimedia-1-g/7380287692.jpg
https://cdn1.ozone.ru/s3/multimedia-1-p/7380286765.jpg
https://cdn1.ozone.ru/s3/multimedia-1-1/7380286705.jpg
https://cdn1.ozone.ru/s3/multimedia-1-d/7380286717.jpg
https://cdn1.ozone.ru/s3/multimedia-1-q/7380287126.jpg
https://cdn1.ozone.ru/s3/multimedia-1-n/7380286655.jpg
https://cdn1.ozone.ru/s3/multimedia-1-0/7380287028.jpg",,,SHEPHERD,пятаки,1000,,1,Лакомство,Для собак,546,Для маленьких;Для взрослых;Для пожилых,#лакомстводлясобак #долгоиграющеелакомство #длясобаксреднихпород #лакомства_для_собак,"Свиные пятачки – натуральное лакомство для вашего любимца!<br/><br/>Подарите своему питомцу вкусное и полезное угощение!<br/><br/><ul><li>100% натуральность и безопасность. Только сушеные свиные пятачки без химии, красителей, ароматизаторов и усилителей вкуса.</li><li>Идеально для здоровья зубов. Хрустящая текстура эффективно очищает зубной налет, массирует десны и поддерживает здоровье ротовой полости.</li><li>Богатый источник белка. Питательное лакомство, которое дополняет рацион вашего питомца необходимыми витаминами и минералами.</li><li>Для собак всех пород и размеров. Удобная форма и универсальный размер снеков для собак отлично подходят мелким породам , так и крупным. Легко дозировать и брать с собой на прогулку.</li></ul>🎯 Жевательные снеки для собак идеально для дрессировки. Приятный запах и вкус делают пятачки отличным поощрением во время обучения.<br/><br/>Закажите прямо сейчас!<br/><br/>Сочные и хрустящие свиные пятачки станут любимым лакомством вашего питомца.",,пятачок;пяточки свиные для собак;свиной пятак;свиные пятаки для собак;пятачки свиные;свиные пятаки в банке;долгоиграющие лакомства для собак;лакомство для собак;,,30х30х10,Вакуумная упаковка,свиные пятаки,"2309109000 - МАРКИРОВКА РФ - Прочий корм для собак или кошек, расфасованный для розничной продажи",Россия,Пятачок,Свинина,Жевательные,,,,Мясо,,Малый;Средний;Крупный,Гиперактивные;Для длинношерстных пород;Кастрированным и стерилизованным,Без ГМО;Без ароматизаторов;Без вкусовых добавок,При температуре от +4`С до +25`С,250,21,14,100% свиные пятачки,Нет,,
65,SPRD-02300,Уши кролика натуральные 500 г,"3,762.00","5,374.00",Не облагается,Нет,Нет,,4680614023006,515,300,40,400,https://cdn1.ozone.ru/s3/multimedia-c/6835019016.jpg,"https://cdn1.ozone.ru/s3/multimedia-x/6834995817.jpg
https://cdn1.ozone.ru/s3/multimedia-p/6834981841.jpg
https://cdn1.ozone.ru/s3/multimedia-1/6834995785.jpg
https://cdn1.ozone.ru/s3/multimedia-o/6834981840.jpg
https://cdn1.ozone.ru/s3/multimedia-s/6834995776.jpg
https://cdn1.ozone.ru/s3/multimedia-u/6834981846.jpg
https://cdn1.ozone.ru/s3/multimedia-u/6834995814.jpg
https://cdn1.ozone.ru/s3/multimedia-r/6834995775.jpg
https://cdn1.ozone.ru/s3/multimedia-q/6834981842.jpg
https://cdn1.ozone.ru/s3/multimedia-f/6835019019.jpg",,,SHEPHERD,"Ушки кролика, натуральное сушёное для собак.",500,1,1,Лакомство,Для собак,360,Для взрослых;Для маленьких;Для пожилых,,"Кроличьи уши — это не просто вкусняшки для собак, а настоящие деревенские лакомства, которые сочетают в себе натуральность и пользу. При изготовлении используется высококачественное мяса кролика, которое идеально подходит для питомцев всех возрастов и пород.<br/><br/>Польза:<ul><li>Витамины. Кроличьи уши содержат множество витаминов, таких как витамин С, группа витаминов В (включая витамин B3 — никотиновую кислоту), витамин РР, витамин А и витамин Е. Все эти витамины положительно влияют на общее состояние здоровья собаки, поддерживают иммунную систему и способствуют нормальному функционированию организма.</li><li>Минералы. В составе этих полезных лакомств для собак присутствуют важные минералы: железо, кобальт, фтор, фосфор, калий и марганец. Эти элементы играют ключевую роль в обмене веществ, помогают поддерживать здоровье костей, зубов, мышц и нервной системы вашего питомца.</li><li>100% натуральный продукт. Наши кроличьи уши — это 100% натуральные лакомства для собак, не содержащие искусственных добавок, красителей или консервантов. Они являются безопасным и здоровым дополнением к основному рациону вашего питомца.</li></ul>Кроличьи уши — это полноценное питательное удовольствие, которое заботится о здоровье вашего питомца. <br/><br/>Позвольте вашей собаке насладиться этими полезными лакомствами и поддержать ее активность и здоровье вместе с SHEPHERD!",,собачьи лакомства;лакомства для собак;лакомство для собак;для собак;деревенские лакомства для собак;лакомства для собак мелких пород;вкусняшки для собак;полезные лакомства для собак;,группа 16,400х300х40,Вакуумная упаковка,,"2309109000 - МАРКИРОВКА РФ - Прочий корм для собак или кошек, расфасованный для розничной продажи",Россия,Ушки,Кролик,Твердые,,,,Мясо,,Крупный;Малый;Средний,Профилактика зубного налета,Без ГМО;Без ароматизаторов;Без вкусовых добавок,В сухом месте;Не подвергать воздействию прямого солнечного света;При температуре до +24`C,364,67.6,10.4,100% ушки кролика,Нет,,
66,SPRD-02850,Перепелиные шейки 500г лакомства для собак SHEPHERD TM,"2,860.00","4,100.00",Не облагается,Нет,Нет,,4680614028506,510,30,300,200,https://cdn1.ozone.ru/s3/multimedia-1-z/6938232695.jpg,"https://cdn1.ozone.ru/s3/multimedia-1-0/6938232624.jpg
https://cdn1.ozone.ru/s3/multimedia-1-n/6938232611.jpg
https://cdn1.ozone.ru/s3/multimedia-1-6/6938232594.jpg
https://cdn1.ozone.ru/s3/multimedia-1-o/6938232684.jpg
https://cdn1.ozone.ru/s3/multimedia-1-8/6938232668.jpg
https://cdn1.ozone.ru/s3/multimedia-1-w/6938232692.jpg
https://cdn1.ozone.ru/s3/multimedia-1-b/6938232707.jpg
https://cdn1.ozone.ru/s3/multimedia-1-7/6938232667.jpg
https://cdn1.ozone.ru/s3/multimedia-1-a/6938232670.jpg
https://cdn1.ozone.ru/s3/multimedia-1-t/6938232689.jpg",,,SHEPHERD,Перепелиные шейки,500,,1,Лакомство,Для собак,365,Для взрослых;Для маленьких;Для пожилых,,"Порадуйте своего питомца хрустящим лакомством — сушеными перепелиными шейками! Это не просто вкусное удовольствие для вашего любимца, но и забота о его здоровье. <br/><br/>Польза перепелиных лапок для вашего питомца:<br/><br/><ul><li>Мышечная масса. Лакомства из перепелиных лапок богаты высококачественным белком, который является основой для поддержания мышечной массы, здорового роста и общего благополучия вашего питомца. </li></ul><ul><li>Пищеварение. Наш продукт содержит натуральную клетчатку, которая помогает поддерживать нормальную работу желудочно-кишечного тракта. </li><li>Здоровье костей. В составе перепелиных лапок содержится необходимый минерал – кальций. Он играет ключевую роль в формировании и поддержании прочности костей и зубов, что особенно важно для щенков и взрослых собак.</li><li>Суставы. Перепелиные лапки богаты естественным коллагеном, который способствует здоровью суставов, кожи и шерсти вашего питомца. Коллаген помогает сохранить эластичность кожи и укрепить хрящевую ткань.</li></ul>Добавьте эти полезные лакомства в рацион вашего питомца, и вы заметите, как они поддерживают его здоровье, энергию и хорошее настроение! <br/><br/>Почему стоит взять несколько вкусов?<ul><li> Разнообразие. Ваш питомец забудет о скучных перекусах, если вы будете чередовать разные вкусы!</li><li>Эксперименты. Найдите тот самый любимый вкус, который станет хитом у вашего друга!</li><li> Соблюдение баланса. Разнообразие помогает обеспечить поступление всех необходимых витаминов и минералов.</li></ul>",,лакомства для собак;для собак;лакомства для собак мелких пород;лакомство для собак мелких пород;для собак лакомство;для собак мелких пород;лакомство для собак;вкусняшки для собак;лакомства для собак крупных пород;вкусняшки для собак средних пород;,группа 13,200х30х300,Вакуумная упаковка;Дой-пак,лакомства для собак - 1 упаковка,"2309109000 - МАРКИРОВКА РФ - Прочий корм для собак или кошек, расфасованный для розничной продажи",Россия,Шейка,Перепел,Твердые,,,,Птица,,Крупный;Малый;Средний,Профилактика зубного налета,Без ГМО;Без вкусовых добавок;Без ароматизаторов,В сухом месте;Не подвергать воздействию прямого солнечного света;При температуре от +4`С до +25`С,277,12.2,25,100% перепелиные шейки,Нет,,
67,SPRD-41049,Пищевод утиный 100г источник коллагена и глюкозамина SHEPHERD,699.00,998.00,Не облагается,Нет,Нет,,4610305410495,110,200,20,300,https://cdn1.ozone.ru/s3/multimedia-1-5/7378192373.jpg,"https://cdn1.ozone.ru/s3/multimedia-1-y/7378192006.jpg
https://cdn1.ozone.ru/s3/multimedia-1-6/7378192374.jpg
https://cdn1.ozone.ru/s3/multimedia-1-h/7378192349.jpg
https://cdn1.ozone.ru/s3/multimedia-1-z/7378192151.jpg
https://cdn1.ozone.ru/s3/multimedia-1-b/7378192343.jpg
https://cdn1.ozone.ru/s3/multimedia-1-o/7378192356.jpg
https://cdn1.ozone.ru/s3/multimedia-1-i/7378192314.jpg
https://cdn1.ozone.ru/s3/multimedia-1-3/7378192335.jpg
https://cdn1.ozone.ru/s3/multimedia-1-l/7378192353.jpg
https://cdn1.ozone.ru/s3/multimedia-1-z/7378192403.jpg
https://cdn1.ozone.ru/s3/multimedia-1-c/7378192092.jpg
https://cdn1.ozone.ru/s3/multimedia-1-3/7378192659.jpg
https://cdn1.ozone.ru/s3/multimedia-1-u/7378192074.jpg",,,SHEPHERD,пищевод,100,,,Лакомство,Для собак;Для кошек,546,Для взрослых;Для маленьких;Для пожилых,#лакомстводлясобак,"Утиный пищевод – натуральное лакомство для собак и кошек!<br/><br/>Побалуйте питомца полезным угощением!<br/><br/>Почему выбирают нас?<br/><br/><ul><li>Натуральность. Только качественное сырьё, без химии и примесей.</li><li>Здоровье зубов. Волокнистая структура очищает налёт и массирует десны.</li><li>Богат белком и витаминами. Поддерживает иммунитет, энергию и мышечную массу.</li><li>Источник коллагена и глюкозамина. Для суставов, кожи и шерсти.</li></ul>Кому подойдёт?<br/><br/>🐶 Собакам всех пород и возрастов.<br/><br/>🐱 Кошкам, которые любят погрызть что-то вкусное.<br/><br/>Легко разламывается на кусочки – удобно делить между питомцами.<br/><br/>Подарите радость и заботу!<br/><br/>Закажите прямо сейчас и убедитесь сами: ваш питомец будет в восторге!",,Утиный пищевод;Лакомство для собак;Лакомство для кошек;Утиный пищевод для собак;Источник коллагена для собак;,,,,,"2309109000 - МАРКИРОВКА РФ - Прочий корм для собак или кошек, расфасованный для розничной продажи",Россия,Пищевод,Утка,,,,,Мясо,,Малый;Средний;Крупный,Защита суставов;Профилактика зубного налета,Без ГМО;Без ароматизаторов;Без вкусовых добавок,При температуре до +25`C;При температуре не ниже +4`С,180,10,10.2,100% пищевод утиный,Нет,,
68,SPRD-41051,Пищевод утиный 500 г источник коллагена и глюкозамина SHEPHERD,"2,500.00","4,900.00",Не облагается,Нет,Нет,,4610305410518,510,270,70,270,https://cdn1.ozone.ru/s3/multimedia-1-v/7378217347.jpg,"https://cdn1.ozone.ru/s3/multimedia-1-6/7378192374.jpg
https://cdn1.ozone.ru/s3/multimedia-1-h/7378192349.jpg
https://cdn1.ozone.ru/s3/multimedia-1-z/7378192151.jpg
https://cdn1.ozone.ru/s3/multimedia-1-y/7378192006.jpg
https://cdn1.ozone.ru/s3/multimedia-1-i/7378192314.jpg
https://cdn1.ozone.ru/s3/multimedia-1-3/7378192335.jpg
https://cdn1.ozone.ru/s3/multimedia-1-l/7378192353.jpg
https://cdn1.ozone.ru/s3/multimedia-1-u/7378192074.jpg
https://cdn1.ozone.ru/s3/multimedia-1-c/7378192092.jpg
https://cdn1.ozone.ru/s3/multimedia-1-s/7378217164.jpg
https://cdn1.ozone.ru/s3/multimedia-1-t/7378217093.jpg
https://cdn1.ozone.ru/s3/multimedia-1-3/7378192659.jpg",,,SHEPHERD,пищевод,500,,,Лакомство,Для кошек;Для собак,546,Для маленьких;Для взрослых;Для пожилых,#лакомстводлясобак,"Утиный пищевод – натуральное лакомство для собак и кошек!<br/><br/>Побалуйте питомца полезным угощением!<br/><br/>Почему выбирают нас?<br/><br/><ul><li>Натуральность. Только качественное сырьё, без химии и примесей.</li><li>Здоровье зубов. Волокнистая структура очищает налёт и массирует десны.</li><li>Богат белком и витаминами. Поддерживает иммунитет, энергию и мышечную массу.</li><li>Источник коллагена и глюкозамина. Для суставов, кожи и шерсти.</li></ul>Кому подойдёт?<br/><br/>🐶 Собакам всех пород и возрастов.<br/><br/>🐱 Кошкам, которые любят погрызть что-то вкусное.<br/><br/>Легко разламывается на кусочки – удобно делить между питомцами.<br/><br/>Подарите радость и заботу!<br/><br/>Закажите прямо сейчас и убедитесь сами: ваш питомец будет в восторге!",,Утиный пищевод;Лакомство для собак;Лакомство для кошек;Утиный пищевод для собак;Источник коллагена для собак;,,,,,"2309109000 - МАРКИРОВКА РФ - Прочий корм для собак или кошек, расфасованный для розничной продажи",Россия,Пищевод,Утка,,,,,Мясо,,Малый;Средний;Крупный,Защита суставов;Профилактика зубного налета,Без ГМО;Без ароматизаторов;Без вкусовых добавок,При температуре до +25`C;При температуре не ниже +4`С,180,10,10.2,100% пищевод утиный,Нет,,
69,SPRD-02369,"Рубец говяжий молотый 1000г, витаминная добавка в корм для собак и кошек SHEPHERD TM","4,779.00","6,827.00",Не облагается,Нет,Нет,,4680614023693,1015,150,50,340,https://cdn1.ozone.ru/s3/multimedia-1-7/6956181799.jpg,"https://cdn1.ozone.ru/s3/multimedia-1-8/7217789444.jpg
https://cdn1.ozone.ru/s3/multimedia-1-p/7079530741.jpg
https://cdn1.ozone.ru/s3/multimedia-1-q/7209988694.jpg
https://cdn1.ozone.ru/s3/multimedia-1-k/6956181776.jpg
https://cdn1.ozone.ru/s3/multimedia-1-1/7210683973.jpg
https://cdn1.ozone.ru/s3/multimedia-1-2/6956181794.jpg
https://cdn1.ozone.ru/s3/multimedia-1-4/7210683976.jpg
https://cdn1.ozone.ru/s3/multimedia-1-h/6956181773.jpg
https://cdn1.ozone.ru/s3/multimedia-1-l/6956181813.jpg
https://cdn1.ozone.ru/s3/multimedia-1-c/6956181840.jpg
https://cdn1.ozone.ru/s3/multimedia-1-y/6956181826.jpg
https://cdn1.ozone.ru/s3/multimedia-1-2/6956181830.jpg
https://cdn1.ozone.ru/s3/multimedia-1-9/6956181801.jpg
https://cdn1.ozone.ru/s3/multimedia-1-i/6956181846.jpg
https://cdn1.ozone.ru/s3/multimedia-1-z/6956181791.jpg
https://cdn1.ozone.ru/s3/multimedia-1-q/6956181854.jpg
https://cdn1.ozone.ru/s3/multimedia-1-n/6956181779.jpg",,,SHEPHERD,"Рубец говяжий молотый, натуральный сушёный для собак.",1000,1,1,Лакомство,Для собак;Для кошек,365,Для взрослых;Для маленьких;Для пожилых,#лакомстводлясобак #лакомствадлясобак #лакомство_для_собак #лакомства_для_собак #вкусняшки_для_собак #вкусняшка_для_собак #вкусняшкадлясобак #лакомстводляпитомцев #молотыйрубец #сушеныйрубец #рубецдлясобак,"Пониженная активность питомца? Рубец говяжий для собак молотый решит эту проблему!<br/><br/>Рубец говяжий представляет собой часть желудка , точнее - первый из его преджелудков, в котором содержится полезная микрофлора.<br/><br/>Основные преимущества:<ul><li>Молотый рубец для собак имеет высокое содержание белка (14%) и жиров (5%) для поддержания энергии и мышечной массы.</li><li>Рубец молотый для собак содержит пищевые волокна для улучшения пищеварения и поддержки микрофлоры кишечника.</li><li>Сушеный рубец для собак легко добавляется в рацион, улучшает аппетит и обогащает питание.</li><li>Поддерживает иммунную систему вашей собаки и общее самочувствие.<br/><br/>Рекомендации:<br/><br/>Для использования молотого рубца рекомендуется добавлять его непосредственно в сухой корм или сырые рационы.</li><li>Чайная ложка на 10 кг веса животного к порции, 4−5 р в неделю. Подходит всем собакам с 2-х месяцев.<br/><br/>Можно замачивать тёплой водой, добавлять в одно из кормлений.</li><li>Эти вкусняшки не просто корм или лакомства для собак, они являются настоящими деликатесами для животных. Рубец говяжий для собак прекрасно подойдет как лакомство для щенков, так и для собак крупных пород. Благодаря удобной упаковке товар легко хранить и брать с собой в поездки .<br/><br/>Выбирайте молотый говяжий рубец прямо сейчас — натуральную добавку для здоровья вашей собаки! У нас всегда большой выбор лакомств для собак и кошек!<br/><br/></li></ul>",,"говяжий рубец молотый;витаминная добавка для собак; кормовая добавка для собак;говяжий рубец для собак, молотый рубец для собак;лакомства для собак;лакомство для собак;ламинария для собак;Шепард;для собак;для кошек",группа 1,340х150х50,Вакуумная упаковка;Пластиковая банка,рубец говяжий для собак молотый,"2309903100 - Прочие продукты, используемые в кормлении животных, не содержащие крахмала или содержащие его 10 мас.% или менее, не содержащие молочных продуктов или содержащие менее 10 мас.% таких продуктов",Россия,Рубец,Говядина,Мягкие,,,,Мясо,,Крупный;Малый;Средний,При плохом аппетите,Без ГМО;Без ароматизаторов;Без вкусовых добавок,В сухом месте;Не подвергать воздействию прямого солнечного света,97,14.8,4.2,100% говяжий рубец,Нет,,
70,SPRD-02267,Лакомство для собак филе куриной грудки SHEPHERD TM 100г,880.00,"1,257.00",Не облагается,Нет,Нет,,4680614022672,105,160,30,250,https://cdn1.ozone.ru/s3/multimedia-5/6841933493.jpg,"https://cdn1.ozone.ru/s3/multimedia-4/6841933492.jpg
https://cdn1.ozone.ru/s3/multimedia-b/6841933499.jpg
https://cdn1.ozone.ru/s3/multimedia-7/6841933495.jpg
https://cdn1.ozone.ru/s3/multimedia-3/6841933491.jpg
https://cdn1.ozone.ru/s3/multimedia-9/6841933497.jpg
https://cdn1.ozone.ru/s3/multimedia-8/6841933496.jpg
https://cdn1.ozone.ru/s3/multimedia-c/6841933500.jpg
https://cdn1.ozone.ru/s3/multimedia-e/6850330682.jpg
https://cdn1.ozone.ru/s3/multimedia-6/6841933494.jpg
https://cdn1.ozone.ru/s3/multimedia-a/6841933498.jpg",,,SHEPHERD,"Филе куриное, сушеное для собак, 100% натуральное.",100,1,1,Лакомство,Для собак,365,Для взрослых;Для маленьких;Для пожилых,#лакомствадлясобак #вкусняшкидлясобак #длясреднихпород #бычийкореньдлясобак #курицадлясобак #shepherd,"Филе куриной грудки — один из наиболее доступных и диетических продуктов, который также обладает множеством полезных свойств для здоровья собак. Однако перед тем как добавить куриное мясо в рацион своего питомца, обязательно проконсультируйтесь с ветеринаром, чтобы исключить возможные аллергические реакции.<br/><br/>Польза:<ul><li>Высокое содержание белка. Курятина, особенно грудка, является источником высококачественного протеина, который необходим для поддержания мышечной массы, роста и восстановления тканей. Для активных собак или тех, кто находится на этапе роста, это особенно важно.</li><li>Натуральный состав. Продукция Shepherd известна своим натуральным составом. Сушеная куриная грудка не содержит искусственных добавок, красителей или консервантов. Это делает ее идеальным выбором для собак с чувствительным пищеварением или аллергией на химические компоненты.</li><li>Легкость переваривания. Куриное мясо считается легкоусвояемым продуктом, что помогает поддерживать здоровье желудочно-кишечного тракта собаки. Благодаря процессу сушки, лакомство сохраняет свои полезные свойства, но становится более удобным для хранения и использования.</li><li>Поддержка здоровья кожи и шерсти. Куриная грудка богата незаменимыми аминокислотами и жирными кислотами, которые способствуют здоровью кожи и шерсти вашей собаки.</li><li>Безопасность для зубов. В отличие от некоторых других видов лакомств, сушеная куриная грудка мягкая и не вызывает травм зубов или десен. Она также помогает поддерживать чистоту зубов за счет легкого механического воздействия при жевании.</li></ul>Сушеное лакомство из куриной грудки от Shepherd — это не только вкусное, но и полезное угощение для собак. Если вы заботитесь о своем питомце и хотите порадовать его натуральным лакомством, это продукт стоит попробовать!","{
  ""content"": [
    {
      ""widgetName"": ""raShowcase"",
      ""type"": ""billboard"",
      ""blocks"": [
        {
          ""imgLink"": ""https://www.ozon.ru/seller/shepherd-1468751/products/?miniapp=seller_1468751"",
          ""img"": {
            ""src"": ""https://cdn1.ozone.ru/s3/multimedia-1-v/7436538967.jpg"",
            ""srcMobile"": ""https://cdn1.ozone.ru/s3/multimedia-1-v/7436538967.jpg"",
            ""alt"": """",
            ""position"": ""width_one_third"",
            ""positionMobile"": ""width_full"",
            ""widthMobile"": 1182,
            ""heightMobile"": 1182
          },
          ""title"": {
            ""items"": [
              {
                ""type"": ""text"",
                ""content"": ""Shepherd TM""
              }
            ],
            ""size"": ""size7"",
            ""align"": ""center"",
            ""color"": ""color1""
          },
          ""text"": {
            ""size"": ""size2"",
            ""align"": ""center"",
            ""color"": ""color1"",
            ""items"": [
              {
                ""type"": ""text"",
                ""content"": ""Мы специализируемся на производстве\r""
              },
              {
                ""type"": ""br""
              },
              {
                ""type"": ""text"",
                ""content"": ""100% натуральных лакомств и сбалансированных рационов для животных.""
              },
              {
                ""type"": ""br""
              },
              {
                ""type"": ""text"",
                ""content"": ""У нас большой выбор на любой вкус. Ваши питомцы останутся довольны.""
              },
              {
                ""type"": ""br""
              }
            ]
          }
        }
      ]
    },
    {
      ""widgetName"": ""raTextBlock"",
      ""title"": {
        ""items"": [
          {
            ""type"": ""text"",
            ""content"": "" Филе куриной грудки для собак""
          }
        ],
        ""size"": ""size6"",
        ""color"": ""color1"",
        ""align"": ""center""
      },
      ""theme"": ""tertiary"",
      ""padding"": ""type2"",
      ""gapSize"": ""s"",
      ""text"": {
        ""size"": ""size2"",
        ""align"": ""left"",
        ""color"": ""color1"",
        ""items"": [
          {
            ""type"": ""text"",
            ""content"": ""Филе куриной грудки — один из наиболее доступных и диетических продуктов, который также обладает множеством полезных свойств для здоровья собак. Однако перед тем как добавить куриное мясо в рацион своего питомца, обязательно проконсультируйтесь с ветеринаром, чтобы исключить возможные аллергические реакции.\r""
          },
          {
            ""type"": ""br""
          },
          {
            ""type"": ""text"",
            ""content"": ""\r""
          },
          {
            ""type"": ""br""
          },
          {
            ""type"": ""text"",
            ""content"": ""Польза:\r""
          },
          {
            ""type"": ""br""
          },
          {
            ""type"": ""text"",
            ""content"": ""Высокое содержание белка. Курятина, особенно грудка, является источником высококачественного протеина, который необходим для поддержания мышечной массы, роста и восстановления тканей. Для активных собак или тех, кто находится на этапе роста, это особенно важно.\r""
          },
          {
            ""type"": ""br""
          },
          {
            ""type"": ""text"",
            ""content"": ""Натуральный состав. Продукция Shepherd известна своим натуральным составом. Сушеная куриная грудка не содержит искусственных добавок, красителей или консервантов. Это делает ее идеальным выбором для собак с чувствительным пищеварением или аллергией на химические компоненты.\r""
          },
          {
            ""type"": ""br""
          },
          {
            ""type"": ""text"",
            ""content"": ""Легкость переваривания. Куриное мясо считается легкоусвояемым продуктом, что помогает поддерживать здоровье желудочно-кишечного тракта собаки. Благодаря процессу сушки, лакомство сохраняет свои полезные свойства, но становится более удобным для хранения и использования.\r""
          },
          {
            ""type"": ""br""
          },
          {
            ""type"": ""text"",
            ""content"": ""Поддержка здоровья кожи и шерсти. Куриная грудка богата незаменимыми аминокислотами и жирными кислотами, которые способствуют здоровью кожи и шерсти вашей собаки.\r""
          },
          {
            ""type"": ""br""
          },
          {
            ""type"": ""text"",
            ""content"": ""Безопасность для зубов. В отличие от некоторых других видов лакомств, сушеная куриная грудка мягкая и не вызывает травм зубов или десен. Она также помогает поддерживать чистоту зубов за счет легкого механического воздействия при жевании.\r""
          },
          {
            ""type"": ""br""
          },
          {
            ""type"": ""text"",
            ""content"": ""Сушеное лакомство из куриной грудки от Shepherd — это не только вкусное, но и полезное угощение для собак. Если вы заботитесь о своем питомце и хотите порадовать его натуральным лакомством, это продукт стоит попробовать!""
          }
        ]
      }
    },
    {
      ""widgetName"": ""raShowcase"",
      ""type"": ""chess"",
      ""blocks"": [
        {
          ""img"": {
            ""src"": ""https://cdn1.ozone.ru/s3/multimedia-1-4/7436538940.jpg"",
            ""srcMobile"": ""https://cdn1.ozone.ru/s3/multimedia-1-4/7436538940.jpg"",
            ""alt"": """",
            ""position"": ""to_the_edge"",
            ""positionMobile"": ""fill"",
            ""widthMobile"": 1680,
            ""heightMobile"": 1680
          },
          ""imgLink"": """",
          ""title"": {
            ""items"": [
              {
                ""type"": ""text"",
                ""content"": ""С любовью и заботой ""
              }
            ],
            ""size"": ""size6"",
            ""align"": ""center"",
            ""color"": ""color1""
          },
          ""text"": {
            ""size"": ""size2"",
            ""align"": ""center"",
            ""color"": ""color1"",
            ""items"": [
              {
                ""type"": ""text"",
                ""content"": ""Мы используем только качественное мясо и тщательно следим за стандартами, чтобы обеспечить здоровье ваших питомцев. Наши лакомства – это продукты, созданные с любовью и заботой.""
              }
            ]
          },
          ""reverse"": false
        },
        {
          ""img"": {
            ""src"": ""https://cdn1.ozone.ru/s3/multimedia-1-p/7435712833.jpg"",
            ""srcMobile"": ""https://cdn1.ozone.ru/s3/multimedia-1-p/7435712833.jpg"",
            ""alt"": """",
            ""position"": ""fill"",
            ""positionMobile"": ""fill"",
            ""widthMobile"": 866,
            ""heightMobile"": 831
          },
          ""imgLink"": """",
          ""title"": {
            ""items"": [
              {
                ""type"": ""text"",
                ""content"": ""Технология""
              }
            ],
            ""size"": ""size6"",
            ""align"": ""center"",
            ""color"": ""color1""
          },
          ""text"": {
            ""size"": ""size2"",
            ""align"": ""left"",
            ""color"": ""color1"",
            ""items"": [
              {
                ""type"": ""text"",
                ""content"": ""Мы производим натуральные лакомства и сбалансированные рационы для собак, не используя консерванты и химические добавки.""
              }
            ]
          },
          ""reverse"": true
        }
      ]
    }
  ],
  ""version"": 0.3
}",лакомства для собак; лакомство для собак; для собак; деревенские лакомства для собак; лакомства для собак мелких пород; вкусняшки для собак; brit для собак; сушеные лакомства из говядины; полезные лакомства для собак; вымя для собак;,группа 4,250х160х30,Бумажный пакет;Вакуумная упаковка,,"2309109000 - МАРКИРОВКА РФ - Прочий корм для собак или кошек, расфасованный для розничной продажи",Россия,Филе;Кусочки;Ломтики,Курица,Хрустящие,,,,Мясо,,Крупный;Малый;Средний,С избыточным весом,Без ГМО;Без ароматизаторов;Без вкусовых добавок,В сухом месте;Не подвергать воздействию прямого солнечного света,360,39,23,100% куриная грудка,Нет,,
71,SPRD-02243,Лакомство для собак бараний калтык SHEPHERD TM 100г,742.00,"1,060.00",Не облагается,Нет,Нет,,4680614022436,109,25,220,135,https://cdn1.ozone.ru/s3/multimedia-1-n/7288221083.jpg,"https://cdn1.ozone.ru/s3/multimedia-1-p/7288221085.jpg
https://cdn1.ozone.ru/s3/multimedia-1-e/7288221074.jpg
https://cdn1.ozone.ru/s3/multimedia-1-g/7254402892.jpg
https://cdn1.ozone.ru/s3/multimedia-1-r/7254402939.jpg
https://cdn1.ozone.ru/s3/multimedia-1-o/7288221084.jpg
https://cdn1.ozone.ru/s3/multimedia-1-c/7254411600.jpg
https://cdn1.ozone.ru/s3/multimedia-1-p/7254402937.jpg
https://cdn1.ozone.ru/s3/multimedia-1-n/7254402899.jpg
https://cdn1.ozone.ru/s3/multimedia-1-f/7254402891.jpg
https://cdn1.ozone.ru/s3/multimedia-1-m/7288221082.jpg
https://cdn1.ozone.ru/s3/multimedia-1-k/7288221080.jpg
https://cdn1.ozone.ru/s3/multimedia-1-d/7288221073.jpg
https://cdn1.ozone.ru/s3/multimedia-1-l/7288221081.jpg
https://cdn1.ozone.ru/s3/multimedia-1-g/7288221076.jpg
https://cdn1.ozone.ru/s3/multimedia-1-i/7288221078.jpg
https://cdn1.ozone.ru/s3/multimedia-1-j/7288221079.jpg
https://cdn1.ozone.ru/s3/multimedia-1-f/7288221075.jpg
https://cdn1.ozone.ru/s3/multimedia-1-h/7288221077.jpg
https://cdn1.ozone.ru/s3/multimedia-1-w/7288221092.jpg
https://cdn1.ozone.ru/s3/multimedia-1-c/7288221072.jpg",,,SHEPHERD,"Бараний калтык, сушёное для собак, 100% натуральное.",100,1,1,Лакомство,Для собак,365,Для взрослых;Для маленьких;Для пожилых,#лакомствадлясобак #вкусняшкидлясобак #длясреднихпород #баранийкалтыкдлясобак #легкоеговяжьедлясобак #лакомствадлясобак #вкусняшкидлясобак #длясреднихпород #утиныетрахеидлясобак #аортадлясобак #шепард,"Калтык бараний — натуральное лакомство для собак, богатое кальцием, белком и другими полезными веществами.<br/><br/>Польза:<ul><li>Кальций. Калтык бараний — отличный источник кальция, который поддерживает здоровье костей и зубов. Особенно важно в период роста и смены зубов у щенков.</li><li>Белок. Лакомство из баранины содержит высокий уровень белка, который является основным строительным материалом для мышц, кожи и шерсти вашего питомца.</li><li>Коллаген.  Богатый состав соединительной и хрящевой ткани делает калтык бараний отличным источником коллагена. Коллаген способствует здоровью кожи и шерсти, а также поддерживает суставы, что особенно важно для активных и стареющих собак.</li><li>Для дрессировки. Его можно использовать как лакомство для дрессировки собак , нарезав на небольшие кусочки. Такие собачьи вкусняшки станут идеальным поощрением для ваших занятий с питомцем.</li></ul>Наши деревенские лакомства для собак — это продукт, созданный с любовью и заботой о вашем питомце. Они изготовлены из натуральной баранины без искусственных добавок, красителей или консервантов.<br/><br/>Не упускайте возможность улучшить здоровье и самочувствие вашего любимца вместе с SHEPHERD!<br/><br/> ","{
  ""content"": [
    {
      ""widgetName"": ""raShowcase"",
      ""type"": ""billboard"",
      ""blocks"": [
        {
          ""imgLink"": ""https://www.ozon.ru/seller/shepherd-1468751/products/?miniapp=seller_1468751"",
          ""img"": {
            ""src"": ""https://cdn1.ozone.ru/s3/multimedia-1-f/7435712823.jpg"",
            ""srcMobile"": ""https://cdn1.ozone.ru/s3/multimedia-1-f/7435712823.jpg"",
            ""alt"": """",
            ""position"": ""width_one_third"",
            ""positionMobile"": ""width_full"",
            ""widthMobile"": 1182,
            ""heightMobile"": 1182
          },
          ""title"": {
            ""items"": [
              {
                ""type"": ""text"",
                ""content"": ""Shepherd TM""
              }
            ],
            ""size"": ""size7"",
            ""align"": ""center"",
            ""color"": ""color1""
          },
          ""text"": {
            ""size"": ""size2"",
            ""align"": ""center"",
            ""color"": ""color1"",
            ""items"": [
              {
                ""type"": ""text"",
                ""content"": ""Мы специализируемся на производстве\r""
              },
              {
                ""type"": ""br""
              },
              {
                ""type"": ""text"",
                ""content"": ""100% натуральных лакомств и сбалансированных рационов для животных.""
              },
              {
                ""type"": ""br""
              },
              {
                ""type"": ""text"",
                ""content"": ""У нас большой выбор на любой вкус. Ваши питомцы останутся довольны.""
              },
              {
                ""type"": ""br""
              }
            ]
          }
        }
      ]
    },
    {
      ""widgetName"": ""raTextBlock"",
      ""title"": {
        ""items"": [
          {
            ""type"": ""text"",
            ""content"": ""Бараний калтык для собак""
          }
        ],
        ""size"": ""size7"",
        ""color"": ""color1"",
        ""align"": ""center""
      },
      ""theme"": ""tertiary"",
      ""padding"": ""type2"",
      ""gapSize"": ""s"",
      ""text"": {
        ""size"": ""size2"",
        ""align"": ""left"",
        ""color"": ""color1"",
        ""items"": [
          {
            ""type"": ""text"",
            ""content"": ""Калтык бараний — натуральное лакомство для собак, богатое кальцием, белком и другими полезными веществами.\r""
          },
          {
            ""type"": ""br""
          },
          {
            ""type"": ""text"",
            ""content"": ""\r""
          },
          {
            ""type"": ""br""
          },
          {
            ""type"": ""text"",
            ""content"": ""Польза:\r""
          },
          {
            ""type"": ""br""
          },
          {
            ""type"": ""text"",
            ""content"": ""Кальций. Калтык бараний — отличный источник кальция, который поддерживает здоровье костей и зубов. Особенно важно в период роста и смены зубов у щенков.\r""
          },
          {
            ""type"": ""br""
          },
          {
            ""type"": ""text"",
            ""content"": ""Белок. Лакомство из баранины содержит высокий уровень белка, который является основным строительным материалом для мышц, кожи и шерсти вашего питомца.\r""
          },
          {
            ""type"": ""br""
          },
          {
            ""type"": ""text"",
            ""content"": ""Коллаген.  Богатый состав соединительной и хрящевой ткани делает калтык бараний отличным источником коллагена. Коллаген способствует здоровью кожи и шерсти, а также поддерживает суставы, что особенно важно для активных и стареющих собак.\r""
          },
          {
            ""type"": ""br""
          },
          {
            ""type"": ""text"",
            ""content"": ""Для дрессировки. Его можно использовать как лакомство для дрессировки собак , нарезав на небольшие кусочки. Такие собачьи вкусняшки станут идеальным поощрением для ваших занятий с питомцем.\r""
          },
          {
            ""type"": ""br""
          },
          {
            ""type"": ""text"",
            ""content"": ""Наши деревенские лакомства для собак — это продукт, созданный с любовью и заботой о вашем питомце. Они изготовлены из натуральной баранины без искусственных добавок, красителей или консервантов.\r""
          },
          {
            ""type"": ""br""
          },
          {
            ""type"": ""text"",
            ""content"": ""\r""
          },
          {
            ""type"": ""br""
          },
          {
            ""type"": ""text"",
            ""content"": ""Не упускайте возможность улучшить здоровье и самочувствие вашего любимца вместе с SHEPHERD!""
          }
        ]
      }
    },
    {
      ""widgetName"": ""raShowcase"",
      ""type"": ""chess"",
      ""blocks"": [
        {
          ""img"": {
            ""src"": ""https://cdn1.ozone.ru/s3/multimedia-1-m/7438962082.jpg"",
            ""srcMobile"": ""https://cdn1.ozone.ru/s3/multimedia-1-m/7438962082.jpg"",
            ""alt"": """",
            ""position"": ""to_the_edge"",
            ""positionMobile"": ""fill"",
            ""widthMobile"": 1680,
            ""heightMobile"": 1680
          },
          ""imgLink"": """",
          ""title"": {
            ""items"": [
              {
                ""type"": ""text"",
                ""content"": ""С любовью и заботой ""
              }
            ],
            ""size"": ""size6"",
            ""align"": ""center"",
            ""color"": ""color1""
          },
          ""text"": {
            ""size"": ""size2"",
            ""align"": ""center"",
            ""color"": ""color1"",
            ""items"": [
              {
                ""type"": ""text"",
                ""content"": ""Мы используем только качественное мясо и тщательно следим за стандартами, чтобы обеспечить здоровье ваших питомцев. Наши лакомства – это продукты, созданные с любовью и заботой.""
              }
            ]
          },
          ""reverse"": false
        },
        {
          ""img"": {
            ""src"": ""https://cdn1.ozone.ru/s3/multimedia-1-9/7552805985.jpg"",
            ""srcMobile"": ""https://cdn1.ozone.ru/s3/multimedia-1-9/7552805985.jpg"",
            ""alt"": """",
            ""position"": ""fill"",
            ""positionMobile"": ""fill"",
            ""widthMobile"": 1200,
            ""heightMobile"": 1600
          },
          ""imgLink"": """",
          ""title"": {
            ""items"": [
              {
                ""type"": ""text"",
                ""content"": ""Технология""
              }
            ],
            ""size"": ""size6"",
            ""align"": ""center"",
            ""color"": ""color1""
          },
          ""text"": {
            ""size"": ""size2"",
            ""align"": ""left"",
            ""color"": ""color1"",
            ""items"": [
              {
                ""type"": ""text"",
                ""content"": ""Мы производим натуральные лакомства и сбалансированные рационы для собак, не используя консерванты и химические добавки.""
              }
            ]
          },
          ""reverse"": true
        }
      ]
    }
  ],
  ""version"": 0.3
}",лакомство для собак;лакомства для собак;лакомства для собак мелких пород;shepherd;баранина;собачьи вкусняшки;вкусняшки для собак для дрессировки;лакомства для щенков мелких пород;;кость для собак большая;лакомства для собак средних,группа 15,165 х 30 х 225; 135 х 30 х 220,Вакуумная упаковка;Дой-пак,,"2309109000 - МАРКИРОВКА РФ - Прочий корм для собак или кошек, расфасованный для розничной продажи",Россия,Калтык,Баранина,Твердые,,,,Мясо,,Крупный;Малый;Средний,Профилактика зубного налета,Без ГМО;Без ароматизаторов;Без вкусовых добавок,В сухом месте;Не подвергать воздействию прямого солнечного света,349,60.3,12,100% бараний калтык,Нет,,
72,SPRD-02250,Бараний корень (бибер) 100г лакомство для собак SHEPHERD TM,"1,199.00","1,712.00",Не облагается,Нет,Нет,,4680614022504,108,280,125,30,https://cdn1.ozone.ru/s3/multimedia-1-1/7721489053.jpg,"https://cdn1.ozone.ru/s3/multimedia-1-0/7286334264.jpg
https://cdn1.ozone.ru/s3/multimedia-1-t/7286334257.jpg
https://cdn1.ozone.ru/s3/multimedia-1-o/7286334252.jpg
https://cdn1.ozone.ru/s3/multimedia-1-k/7286334248.jpg
https://cdn1.ozone.ru/s3/multimedia-1-g/7254402892.jpg
https://cdn1.ozone.ru/s3/multimedia-1-r/7254402939.jpg
https://cdn1.ozone.ru/s3/multimedia-1-p/7286334253.jpg
https://cdn1.ozone.ru/s3/multimedia-1-n/7254402899.jpg
https://cdn1.ozone.ru/s3/multimedia-1-p/7254402937.jpg
https://cdn1.ozone.ru/s3/multimedia-1-f/7254402891.jpg
https://cdn1.ozone.ru/s3/multimedia-1-q/7286334254.jpg
https://cdn1.ozone.ru/s3/multimedia-1-w/7286334260.jpg
https://cdn1.ozone.ru/s3/multimedia-1-r/7286334255.jpg
https://cdn1.ozone.ru/s3/multimedia-1-m/7286334250.jpg
https://cdn1.ozone.ru/s3/multimedia-1-l/7286334249.jpg
https://cdn1.ozone.ru/s3/multimedia-1-u/7286334258.jpg
https://cdn1.ozone.ru/s3/multimedia-1-s/7286334256.jpg
https://cdn1.ozone.ru/s3/multimedia-1-v/7286334259.jpg
https://cdn1.ozone.ru/s3/multimedia-1-n/7286334251.jpg
https://cdn1.ozone.ru/s3/multimedia-1-y/7286334262.jpg
https://cdn1.ozone.ru/s3/multimedia-1-z/7286334263.jpg
https://cdn1.ozone.ru/s3/multimedia-1-x/7286334261.jpg",,,SHEPHERD,"Бараний бибер (корень), сушеное для собак, 100% натуральное.",100,1,1,Лакомство,Для собак,365,Для взрослых;Для маленьких;Для пожилых,#лакомствадлясобак #вкусняшкидлясобак #длясреднихпород #баранийкореньдлясобак #легкоеговяжьедлясобак,"Ищете идеальное лакомство для своей собаки? <br/><br/>Познакомьтесь с бараний корень от Shepherd – уникальное, 100% натуральное угощение, которое обязательно понравится вашему четвероногому другу!<br/><br/>Польза:<ul><li>100% натуральный состав. Лакомство не содержит искусственных красителей, консервантов или ароматизаторов, что гарантирует безопасность и высокое качество питания.</li><li>Высокое содержание белка. Помогает поддерживать здоровье и активность, способствуя развитию сильных и здоровых мышц.</li><li>Аминокислоты и микроэлементы. Улучшают обмен веществ и общее состояние здоровья вашей собаки.</li><li>Поддержка жевательной функции. Натуральная текстура помогает сохранить здоровье зубов и десен, что особенно важно для крупных пород.<br/><br/>Не упустите возможность сделать лакомства ещё более интересными! Заходите в наш каталог, выбирайте и экспериментируйте с новыми вкусами для вашего четвероного друга!</li></ul>","{
  ""content"": [
    {
      ""widgetName"": ""raShowcase"",
      ""type"": ""billboard"",
      ""blocks"": [
        {
          ""imgLink"": ""https://www.ozon.ru/seller/shepherd-1468751/products/?miniapp=seller_1468751"",
          ""img"": {
            ""src"": ""https://cdn1.ozone.ru/s3/multimedia-1-w/7552781528.jpg"",
            ""srcMobile"": ""https://cdn1.ozone.ru/s3/multimedia-1-w/7552781528.jpg"",
            ""alt"": """",
            ""position"": ""width_one_third"",
            ""positionMobile"": ""width_full"",
            ""widthMobile"": 1182,
            ""heightMobile"": 1182
          },
          ""title"": {
            ""items"": [
              {
                ""type"": ""text"",
                ""content"": ""Shepherd TM""
              }
            ],
            ""size"": ""size7"",
            ""align"": ""center"",
            ""color"": ""color1""
          },
          ""text"": {
            ""size"": ""size2"",
            ""align"": ""center"",
            ""color"": ""color1"",
            ""items"": [
              {
                ""type"": ""text"",
                ""content"": ""Мы специализируемся на производстве\r""
              },
              {
                ""type"": ""br""
              },
              {
                ""type"": ""text"",
                ""content"": ""100% натуральных лакомств и сбалансированных рационов для животных.""
              },
              {
                ""type"": ""br""
              },
              {
                ""type"": ""text"",
                ""content"": ""У нас большой выбор на любой вкус. Ваши питомцы останутся довольны.""
              },
              {
                ""type"": ""br""
              }
            ]
          }
        }
      ]
    },
    {
      ""widgetName"": ""raTextBlock"",
      ""title"": {
        ""items"": [
          {
            ""type"": ""text"",
            ""content"": ""Бараний корень(бибер) для собак""
          }
        ],
        ""size"": ""size5"",
        ""color"": ""color1"",
        ""align"": ""center""
      },
      ""theme"": ""tertiary"",
      ""padding"": ""type2"",
      ""gapSize"": ""s"",
      ""text"": {
        ""size"": ""size2"",
        ""align"": ""left"",
        ""color"": ""color1"",
        ""items"": [
          {
            ""type"": ""text"",
            ""content"": ""Ищете идеальное лакомство для своей собаки? \r""
          },
          {
            ""type"": ""br""
          },
          {
            ""type"": ""text"",
            ""content"": ""\r""
          },
          {
            ""type"": ""br""
          },
          {
            ""type"": ""text"",
            ""content"": ""Бараний корень для собак от Shepherd – уникальное, 100% натуральное угощение, которое обязательно понравится вашему четвероногому другу!\r""
          },
          {
            ""type"": ""br""
          },
          {
            ""type"": ""text"",
            ""content"": ""\r""
          },
          {
            ""type"": ""br""
          },
          {
            ""type"": ""text"",
            ""content"": ""Польза:\r""
          },
          {
            ""type"": ""br""
          },
          {
            ""type"": ""text"",
            ""content"": ""100% натуральный состав. Лакомство не содержит искусственных красителей, консервантов или ароматизаторов, что гарантирует безопасность и высокое качество питания.\r""
          },
          {
            ""type"": ""br""
          },
          {
            ""type"": ""text"",
            ""content"": ""Высокое содержание белка. Помогает поддерживать здоровье и активность, способствуя развитию сильных и здоровых мышц.\r""
          },
          {
            ""type"": ""br""
          },
          {
            ""type"": ""text"",
            ""content"": ""Аминокислоты и микроэлементы. Улучшают обмен веществ и общее состояние здоровья вашей собаки.\r""
          },
          {
            ""type"": ""br""
          },
          {
            ""type"": ""text"",
            ""content"": ""Поддержка жевательной функции. Натуральная текстура помогает сохранить здоровье зубов и десен, что особенно важно для крупных пород.\r""
          },
          {
            ""type"": ""br""
          },
          {
            ""type"": ""text"",
            ""content"": ""\r""
          },
          {
            ""type"": ""br""
          },
          {
            ""type"": ""text"",
            ""content"": ""Не упустите возможность сделать лакомства ещё более интересными! Заходите в наш каталог, выбирайте и экспериментируйте с новыми вкусами снеков для вашего четвероного друга!""
          }
        ]
      }
    },
    {
      ""widgetName"": ""raShowcase"",
      ""type"": ""chess"",
      ""blocks"": [
        {
          ""img"": {
            ""src"": ""https://cdn1.ozone.ru/s3/multimedia-1-u/7286334258.jpg"",
            ""srcMobile"": ""https://cdn1.ozone.ru/s3/multimedia-1-o/7286334252.jpg"",
            ""alt"": """",
            ""position"": ""to_the_edge"",
            ""positionMobile"": ""fill"",
            ""widthMobile"": 1200,
            ""heightMobile"": 1600
          },
          ""imgLink"": """",
          ""title"": {
            ""items"": [
              {
                ""type"": ""text"",
                ""content"": ""С любовью и заботой ""
              }
            ],
            ""size"": ""size6"",
            ""align"": ""center"",
            ""color"": ""color1""
          },
          ""text"": {
            ""size"": ""size2"",
            ""align"": ""center"",
            ""color"": ""color1"",
            ""items"": [
              {
                ""type"": ""text"",
                ""content"": ""Мы используем только качественное мясо и тщательно следим за стандартами, чтобы обеспечить здоровье ваших питомцев. Наши лакомства – это продукты, созданные с любовью и заботой.""
              }
            ]
          },
          ""reverse"": false
        },
        {
          ""img"": {
            ""src"": ""https://cdn1.ozone.ru/s3/multimedia-1-m/7552781518.jpg"",
            ""srcMobile"": ""https://cdn1.ozone.ru/s3/multimedia-1-m/7552781518.jpg"",
            ""alt"": """",
            ""position"": ""fill"",
            ""positionMobile"": ""fill"",
            ""widthMobile"": 1200,
            ""heightMobile"": 1600
          },
          ""imgLink"": """",
          ""title"": {
            ""items"": [
              {
                ""type"": ""text"",
                ""content"": ""Технология""
              }
            ],
            ""size"": ""size6"",
            ""align"": ""center"",
            ""color"": ""color1""
          },
          ""text"": {
            ""size"": ""size2"",
            ""align"": ""left"",
            ""color"": ""color1"",
            ""items"": [
              {
                ""type"": ""text"",
                ""content"": ""Мы производим натуральные лакомства и сбалансированные рационы для собак, не используя консерванты и химические добавки.""
              }
            ]
          },
          ""reverse"": true
        }
      ]
    }
  ],
  ""version"": 0.3
}",бараний корень;бараний корень для собак;лакомства для собак крупных пород;бараний корень для собак;лакомства для собак;для собак;бычий корень для собак;бычий корень для собак мелких пород;лакомства для собак мелких пород натуральные;лакомства для дрессировки собак;,группа 13,120 х 20 х 420,Вакуумная упаковка,,"2309109000 - МАРКИРОВКА РФ - Прочий корм для собак или кошек, расфасованный для розничной продажи",Россия,Корень;Палочки,Баранина,Твердые,,,,Мясо,,Крупный;Малый;Средний,Профилактика зубного налета,Без ароматизаторов;Без вкусовых добавок;Без ГМО,В сухом темном месте;Не подвергать воздействию прямого солнечного света,336,72.4,8.5,100% бараний бибер (корень),Нет,,
73,SPRD-02767,Губы говяжьи незачищенные 250г для собак SHEPHERD TM,825.00,975.00,Не облагается,Нет,Нет,,4680614027677,239,157,45,225,https://cdn1.ozone.ru/s3/multimedia-s/6853403188.jpg,"https://cdn1.ozone.ru/s3/multimedia-8/6853403204.jpg
https://cdn1.ozone.ru/s3/multimedia-1-p/7079530741.jpg
https://cdn1.ozone.ru/s3/multimedia-1-q/7209988694.jpg
https://cdn1.ozone.ru/s3/multimedia-c/6853403172.jpg
https://cdn1.ozone.ru/s3/multimedia-1-1/7210683973.jpg
https://cdn1.ozone.ru/s3/multimedia-1-4/7210683976.jpg
https://cdn1.ozone.ru/s3/multimedia-1-8/7217789444.jpg
https://cdn1.ozone.ru/s3/multimedia-1-9/7217789445.jpg",,,SHEPHERD,"Говяжьи губы, натуральное сушёное для собак TM.",250,3,1,Лакомство,Для собак,365,Для взрослых;Для маленьких;Для пожилых,,"Говяжьи губы для собак — долгоиграющее лакомство для вашего питомца!<br/><br/>Говяжьи губы — это лакомство для собак, созданное для удовлетворения жевательного инстинкта вашего четвероногого друга. Это долгоиграющее лакомство подходит для собак всех пород и станет отличным дополнением к рациону вашего питомца.<br/><br/>Польза :<ul><li>Источник полезных веществ. Говяжьи губы являются богатым источником белка, коллагена и кальция, которые способствуют укреплению здоровья вашей собаки. Лакомство прекрасно поддерживает общую физическую форму и благополучие питомца.</li><li>Белок. Играет важную роль в поддержании мышечной массы и общего здоровья. Повышает уровень энергии и активности.</li><li>Коллаген. Он поддерживает здоровье суставов, хрящей и связок. Это особенно важно для пожилых собак или питомцев с проблемами суставов.</li><li>Кальций. Кальций, содержащийся в говяжьих губах, для укрепления костей и зубов вашей собаки. Он особенно важен для щенков и пожилых собак, помогая предотвратить заболевания костей и зубов.<br/><br/>Почему стоит взять несколько вкусов?<ul><li> Разнообразие. Ваш питомец забудет о скучных перекусах, если вы будете чередовать разные вкусы!</li><li>Эксперименты. Найдите тот самый любимый вкус, который станет хитом у вашего друга!</li><li> Соблюдение баланса. Разнообразие помогает обеспечить поступление всех необходимых витаминов и минералов.</li></ul></li></ul>",,лакомства для собак;лакомство для собак;вкусняшки для собак;лакомства для собак средних пород;губы говяжьи для собак;лакомства для собак мелких пород;лакомство для собак мелких пород;говяжьи губы;лакомства для собак крупных пород;вкусняшки для собак средних пород;вкусняшки для собак крупных пород;собачьи лакомства;для собак лакомство;,группа 9,400х200х30,Вакуумная упаковка,лакомства для собак - 1 упаковка,"2309109000 - МАРКИРОВКА РФ - Прочий корм для собак или кошек, расфасованный для розничной продажи",Россия,Губы,Говядина,Твердые,,,,Мясо,,Крупный;Малый;Средний,Профилактика зубного налета,Без ароматизаторов;Без вкусовых добавок;Без ГМО,В сухом месте;Не подвергать воздействию прямого солнечного света,335,64.7,8.5,100% говяжьи губы,Нет,,
74,SPRD-02295,"Лакомства для кошек и собак, кроличьи хвостики SHEPHERD TM 500г","2,745.00","3,921.00",Не облагается,Нет,Нет,,4680614022955,515,30,400,300,https://cdn1.ozone.ru/s3/multimedia-1-t/7517669393.jpg,"https://cdn1.ozone.ru/s3/multimedia-1-i/7517669382.jpg
https://cdn1.ozone.ru/s3/multimedia-1-q/7517669390.jpg
https://cdn1.ozone.ru/s3/multimedia-1-m/7517669386.jpg
https://cdn1.ozone.ru/s3/multimedia-1-l/7517669385.jpg
https://cdn1.ozone.ru/s3/multimedia-1-u/7517669394.jpg
https://cdn1.ozone.ru/s3/multimedia-1-4/7517669368.jpg
https://cdn1.ozone.ru/s3/multimedia-1-o/7517669388.jpg
https://cdn1.ozone.ru/s3/multimedia-1-d/7517669377.jpg
https://cdn1.ozone.ru/s3/multimedia-1-z/7517669363.jpg
https://cdn1.ozone.ru/s3/multimedia-1-8/7517669372.jpg
https://cdn1.ozone.ru/s3/multimedia-1-t/7517669357.jpg
https://cdn1.ozone.ru/s3/multimedia-1-c/7517669376.jpg",,,SHEPHERD,Кроличьи хвостики,500,,1,Лакомство,Для кошек;Для собак,365,Для взрослых;Для маленьких;Для пожилых,,"Кроличьи сушеные хвостики – натуральное лакомство и мотивационная игрушка для собак и кошек!<br/><br/>Польза:<ul><li>Источник белка. Кроличьи сушеные хвостики являются источником легкоусвояемого белка, необходимого для поддержания мышечного тонуса и восстановления мышечной ткани как у собак, так и у кошек.</li><li>Богатый состав витаминов и минералов. Хвостики содержат важные витамины (В, Е) и минералы (кальций, магний, железо), способствующие укреплению организма, поддержанию здоровой шерсти и кожи, улучшению обмена веществ и укреплению иммунной системы.</li><li>Поддержка зубного здоровья. Жевание кроличьих хвостиков помогает удалять налет и зубной камень, что способствует здоровью зубов и десен.</li><li>Мотивационная игрушка. Кроличьи хвостики отлично подойдут для активных игр, стимулируя физическую активность и умственное развитие вашего питомца.</li></ul>Для кошек:<ul><li>Рекомендуется давать только здоровым кошкам.</li><li>При наличии проблем с пищеварением лучше проконсультироваться с ветеринаром.</li></ul>Не упустите шанс улучшить здоровье и самочувствие вашего любимца! Добавьте в рацион вашей собаки или кошки натуральные лакомства от SHEPHERD, и вы обязательно заметите положительные изменения!",,игрушки для собак;игрушка для собак;лакомства для собак;для собак;игрушки для собак мелких пород;лакомства для кошек;собака;вкусняшки для собак:лакомства для собак мелких пород;лакомство для кошек;игрушки для собак крупных пород;корм для щенков;вкусняшки ,группа 18,300 х 30 х 400,Вакуумная упаковка,лакомства для собак - 1 упаковка,"2309109000 - МАРКИРОВКА РФ - Прочий корм для собак или кошек, расфасованный для розничной продажи",Россия,Хвост,Кролик,Мягкие,,,,Мясо,,Крупный;Малый;Средний,Малоподвижные,Без ГМО;Без ароматизаторов;Без вкусовых добавок,В сухом месте,364,67.6,10.4,100% хвостик кролика,Нет,,
75,SPRD-02916,"Бычий корень для собак ""Тюльпан"" 100 г SHEPHERD TM","1,016.00","1,451.00",Не облагается,Нет,Нет,,4680614029169,110,130,20,190,https://cdn1.ozone.ru/s3/multimedia-1-n/7380106691.jpg,"https://cdn1.ozone.ru/s3/multimedia-1-0/7514037900.jpg
https://cdn1.ozone.ru/s3/multimedia-1-r/7380106695.jpg
https://cdn1.ozone.ru/s3/multimedia-1-l/7246224453.jpg
https://cdn1.ozone.ru/s3/multimedia-1-2/7246224470.jpg
https://cdn1.ozone.ru/s3/multimedia-1-5/7380106817.jpg
https://cdn1.ozone.ru/s3/multimedia-1-m/7246224454.jpg
https://cdn1.ozone.ru/s3/multimedia-1-h/7246224485.jpg
https://cdn1.ozone.ru/s3/multimedia-1-1/7380106777.jpg
https://cdn1.ozone.ru/s3/multimedia-1-x/7246224465.jpg
https://cdn1.ozone.ru/s3/multimedia-1-i/7380106794.jpg
https://cdn1.ozone.ru/s3/multimedia-1-l/7380106689.jpg
https://cdn1.ozone.ru/s3/multimedia-1-p/7246224457.jpg
https://cdn1.ozone.ru/s3/multimedia-1-0/7380106776.jpg
https://cdn1.ozone.ru/s3/multimedia-1-o/7380106764.jpg
https://cdn1.ozone.ru/s3/multimedia-1-f/7380106791.jpg
https://cdn1.ozone.ru/s3/multimedia-1-k/7380106688.jpg
https://cdn1.ozone.ru/s3/multimedia-1-s/7380106696.jpg",,,SHEPHERD,тюльпан,100,,,Лакомство,Для собак,546,Для маленьких;Для взрослых;Для пожилых,,"Бычий корень для собак ""Тюльпан"" – это 100% натуральный продукт, который поддерживает здоровье зубов и десен мелких и средних собак, а также крупных животных. Вкусняшка для собак богата белком и подходит для пород щенков и собачек всех размеров, включая овчарок и других крупных и мелких собак.<ul><li>Почему выбирают нас?<ul><li>Благодаря собственному производству мы контролируем каждый этап создания продукта, чтобы вы могли купить только самое лучшее.</li><li>100% натуральный состав: Без добавок, красителей и консервантов.</li><li>Долгоиграющее лакомство. Хрустящая текстура очищает налет, предотвращает камень и массирует десны, что особенно важно для здоровья зубов ваших питомцев.</li><li>Снеки для собак: У нас есть не только говяжьи корни, но и другие лакомства, включая чипсы и лакомства для дрессировки и поощрения собак.</li><li>Успокаивает и развлекает: Длительное жевание снижает стресс и удовлетворяет желание грызть, что полезно для собачьих хвостов и общего самочувствия.</li><li>Корень бычий для собак средних и крупных пород.</li></ul>Закажите собачье лакомство ""Тюльпан"" прямо сейчас, чтобы обеспечить здоровье и радость вашим питомцам!</li></ul>",,лакомства для собак;для собак;лакомства для собак мелких пород;лакомство для собак мелких пород;для собак лакомство;для собак мелких пород;лакомство для собак;вкусняшки для собак;лакомства для собак крупных пород;вкусняшки для собак средних пород;бычий корень для собак мелких пород;бычий корень;собачьи вкусняшки;лакомства для собак крупных;собачье лакомство;вкусняшки для собак мелких;лакомство для собак средних;,,190х130х20,Вакуумная упаковка,,"2309109000 - МАРКИРОВКА РФ - Прочий корм для собак или кошек, расфасованный для розничной продажи",Россия,Корень;Кость из жил,Говядина,Твердые,,,,Мясо,,Средний;Крупный,Предупреждение стрессов;Профилактика зубного налета,Без ГМО;Без ароматизаторов;Без вкусовых добавок,При температуре от +4`С до +25`С,216,42.6,5,100% бычий корень для собак,Нет,,
76,SPRD-02918,"Бычий корень ""Тюльпан""1000 г SHEPHERD TM","8,446.00","12,065.00",Не облагается,Нет,Нет,,4680614029183,1010,280,100,300,https://cdn1.ozone.ru/s3/multimedia-1-k/7380106688.jpg,"https://cdn1.ozone.ru/s3/multimedia-1-0/7514037900.jpg
https://cdn1.ozone.ru/s3/multimedia-1-r/7380106695.jpg
https://cdn1.ozone.ru/s3/multimedia-1-l/7246224453.jpg
https://cdn1.ozone.ru/s3/multimedia-1-8/7380134252.jpg
https://cdn1.ozone.ru/s3/multimedia-1-2/7246224470.jpg
https://cdn1.ozone.ru/s3/multimedia-1-m/7246224454.jpg
https://cdn1.ozone.ru/s3/multimedia-1-7/7380134071.jpg
https://cdn1.ozone.ru/s3/multimedia-1-x/7246224465.jpg
https://cdn1.ozone.ru/s3/multimedia-1-h/7246224485.jpg
https://cdn1.ozone.ru/s3/multimedia-1-c/7380134220.jpg
https://cdn1.ozone.ru/s3/multimedia-1-f/7380106791.jpg
https://cdn1.ozone.ru/s3/multimedia-1-p/7246224457.jpg
https://cdn1.ozone.ru/s3/multimedia-1-0/7380106776.jpg
https://cdn1.ozone.ru/s3/multimedia-1-i/7380106794.jpg
https://cdn1.ozone.ru/s3/multimedia-1-0/7380134280.jpg
https://cdn1.ozone.ru/s3/multimedia-1-o/7380106764.jpg
https://cdn1.ozone.ru/s3/multimedia-1-l/7380106689.jpg
https://cdn1.ozone.ru/s3/multimedia-1-7/7380134359.jpg
https://cdn1.ozone.ru/s3/multimedia-1-s/7380106696.jpg",,,SHEPHERD,тюльпан,1000,,,Лакомство,Для собак,546,Для маленьких;Для взрослых;Для пожилых,,"Забота о здоровье и удовольствие в одном угощении! <br/><br/>Говяжий корень ""Тюльпан"" – это 100% натуральный продукт, который поддерживает здоровье зубов, десен и общее самочувствие вашего питомца.<br/><br/>Почему выбирают нас?<ul><li>Собственное производство. Благодаря собственному производству мы контролируем каждый этап создания продукта, чтобы вы получили только самое лучшее</li></ul><ul><li> 100% натуральный состав. Без добавок, красителей и консервантов.</li><li>Здоровье зубов. Хрустящая текстура очищает налет, предотвращает камень и массирует десны. </li><li>Богат белком. Поддерживает мышцы и обмен веществ. </li><li> Успокаивает и развлекает. Длительное жевание снижает стресс и удовлетворяет желание грызть.</li></ul>Закажите говяжий корень ""Тюльпан"" прямо сейчас!",,лакомства для собак;для собак;лакомства для собак мелких пород;лакомство для собак мелких пород;для собак лакомство;для собак мелких пород;лакомство для собак;вкусняшки для собак;лакомства для собак крупных пород;вкусняшки для собак средних пород;бычий корень для собак мелких пород;бычий корень;собачьи вкусняшки;лакомства для собак крупных;собачье лакомство;вкусняшки для собак мелких;лакомство для собак средних;,,,Вакуумная упаковка,,"2309109000 - МАРКИРОВКА РФ - Прочий корм для собак или кошек, расфасованный для розничной продажи",Россия,Корень;Кость из жил,Говядина,,,,,Мясо,,Средний;Крупный,Предупреждение стрессов;Профилактика зубного налета,Без ГМО;Без ароматизаторов;Без вкусовых добавок,При температуре от +4`С до +25`С,216,42.6,5,100% бычий корень,Нет,,
77,SPRD-02651,Аорта говяжья 500г лакомство для собак натуральное,"2,717.00","3,881.00",Не облагается,Нет,Нет,,4680614026519,510,30,400,300,https://cdn1.ozone.ru/s3/multimedia-1-6/7237271454.jpg,"https://cdn1.ozone.ru/s3/multimedia-1-o/7237271436.jpg
https://cdn1.ozone.ru/s3/multimedia-1-a/7237271458.jpg
https://cdn1.ozone.ru/s3/multimedia-1-2/7235006510.jpg
https://cdn1.ozone.ru/s3/multimedia-1-u/7237271442.jpg
https://cdn1.ozone.ru/s3/multimedia-1-z/7235006471.jpg
https://cdn1.ozone.ru/s3/multimedia-1-s/7235006500.jpg
https://cdn1.ozone.ru/s3/multimedia-1-1/7235006545.jpg
https://cdn1.ozone.ru/s3/multimedia-1-j/7235006563.jpg
https://cdn1.ozone.ru/s3/multimedia-1-7/7235006551.jpg
https://cdn1.ozone.ru/s3/multimedia-1-u/7237271478.jpg
https://cdn1.ozone.ru/s3/multimedia-1-0/7237271448.jpg
https://cdn1.ozone.ru/s3/multimedia-1-e/7237271426.jpg
https://cdn1.ozone.ru/s3/multimedia-1-3/7237271451.jpg
https://cdn1.ozone.ru/s3/multimedia-1-s/7237271440.jpg
https://cdn1.ozone.ru/s3/multimedia-1-f/7237271427.jpg
https://cdn1.ozone.ru/s3/multimedia-1-t/7237271441.jpg
https://cdn1.ozone.ru/s3/multimedia-1-h/7237271429.jpg
https://cdn1.ozone.ru/s3/multimedia-1-4/7237278148.jpg",,,SHEPHERD,"Аорта говяжья , натуральный сушёный для собак.",500,1,,Лакомство,Для собак,365,Для взрослых;Для маленьких;Для пожилых,,"Ищете идеальное лакомство, которое не только порадует вашего питомца, но и принесет пользу его здоровью? <br/><br/>Попробуйте нашу говяжью аорту — 100% натуральный продукт, насыщенный аминокислотами, микроэлементами и коллагеном. Это лакомство подходит для собак всех возрастов и размеров!<br/><br/>Польза:<ul><li>Питательные вещества. Аорта является источником аминокислот, необходимых для роста и восстановления тканей. Они укрепляют иммунную систему и помогают поддерживать энергетический баланс вашего питомца.</li><li>Здоровье суставов. Высокое содержание коллагена способствует укреплению хрящевой ткани и повышает её эластичность. Это особенно важно для активных собак и пожилых питомцев, у которых могут возникать проблемы с суставами и костями.</li><li>Гигиена полости рта. Текстура аорты помогает удалять зубной налет и массировать десны, предотвращая образование зубного камня и улучшая здоровье полости рта.</li></ul>Мы обладаем многолетним опытом и знаем, как заботиться о ваших питомцах.<ul><li>Натуральные ингредиенты. Мы используем только высококачественные компоненты, соответствующие всем ветеринарным требованиям и стандартам. Никаких консервантов и химических добавок!</li><li>Контроль качества. Каждый этап производства проходит строгий контроль, что гарантирует свежесть и безопасность нашей продукции.</li><li>Уникальная технология сушки. Благодаря специальному процессу, все полезные вещества сохраняются в каждом кусочке, принося максимальную пользу вашему питомцу.</li><li>Удобная упаковка. Лакомства удобно хранить и брать с собой в поездки или на прогулки.<br/><br/>Почему стоит взять несколько вкусов?<ul><li> Разнообразие. Ваш питомец забудет о скучных перекусах, если вы будете чередовать разные вкусы!</li><li> Эксперименты. Найдите тот самый любимый вкус, который станет хитом у вашего друга!</li><li>Соблюдение баланса. Разнообразие помогает обеспечить поступление всех необходимых витаминов и минералов.</li></ul></li></ul>",,аорта для собак;лакомства для собак;лакомство для собак;кость для собак крупных пород;корм для собак;лакомства для собак крупных пород; лакомство аорта;аорта говяжья для собак;shepherd;сушеные лакомства;говяжья кость для собак,группа 9,125х30х420,Бумажный пакет;Вакуумная упаковка,,"2309109000 - МАРКИРОВКА РФ - Прочий корм для собак или кошек, расфасованный для розничной продажи",Россия,Аорта;Палочки,Говядина,Хрустящие,,,,Мясо,,Крупный;Малый;Средний,Профилактика зубного налета,Без ГМО;Без ароматизаторов;Без вкусовых добавок,В сухом месте;Не подвергать воздействию прямого солнечного света,287,25.8,22.7,"100% говяжья аорта

",Нет,,
78,SPRD-02368,"Рубец говяжий молотый 500г, витаминная добавка в корм для собак и кошек SHEPHERD TM","2,679.00","3,827.00",Не облагается,Нет,Нет,,4680614023686,510,135,50,220,https://cdn1.ozone.ru/s3/multimedia-1-g/6956181772.jpg,"https://cdn1.ozone.ru/s3/multimedia-1-h/6956181773.jpg
https://cdn1.ozone.ru/s3/multimedia-1-7/6956181799.jpg
https://cdn1.ozone.ru/s3/multimedia-1-8/7217789444.jpg
https://cdn1.ozone.ru/s3/multimedia-1-9/7217789445.jpg
https://cdn1.ozone.ru/s3/multimedia-1-p/7079530741.jpg
https://cdn1.ozone.ru/s3/multimedia-1-q/7209988694.jpg
https://cdn1.ozone.ru/s3/multimedia-1-k/6956181776.jpg
https://cdn1.ozone.ru/s3/multimedia-1-1/7210683973.jpg
https://cdn1.ozone.ru/s3/multimedia-1-2/6956181794.jpg
https://cdn1.ozone.ru/s3/multimedia-1-4/7210683976.jpg
https://cdn1.ozone.ru/s3/multimedia-1-l/6956181813.jpg
https://cdn1.ozone.ru/s3/multimedia-1-c/6956181840.jpg
https://cdn1.ozone.ru/s3/multimedia-1-y/6956181826.jpg
https://cdn1.ozone.ru/s3/multimedia-1-e/6956181806.jpg
https://cdn1.ozone.ru/s3/multimedia-1-2/6956181830.jpg
https://cdn1.ozone.ru/s3/multimedia-1-9/6956181801.jpg
https://cdn1.ozone.ru/s3/multimedia-1-i/6956181846.jpg
https://cdn1.ozone.ru/s3/multimedia-1-z/6956181791.jpg
https://cdn1.ozone.ru/s3/multimedia-1-q/6956181854.jpg
https://cdn1.ozone.ru/s3/multimedia-1-n/6956181779.jpg",,,SHEPHERD,"Рубец говяжий молотый, натуральный сушёный для собак.",500,1,1,Лакомство,Для собак;Для кошек,365,Для взрослых;Для маленьких;Для пожилых,#лакомстводлясобак #лакомствадлясобак #лакомство_для_собак #вкусняшки_для_собак #вкусняшка_для_собак #вкусняшкадлясобак #лакомстводляпитомцев #молотыйрубец #сушеныйрубец #рубецдлясобак,"Пониженная активность питомца? Рубец говяжий для собак молотый решит эту проблему!<br/><br/>Рубец говяжий представляет собой часть желудка , точнее - первый из его преджелудков, в котором содержится полезная микрофлора.<br/><br/>Основные преимущества:<ul><li>Молотый рубец для собак имеет высокое содержание белка (14%) и жиров (5%) для поддержания энергии и мышечной массы.</li><li>Рубец молотый для собак содержит пищевые волокна для улучшения пищеварения и поддержки микрофлоры кишечника.</li><li>Сушеный рубец для собак легко добавляется в рацион, улучшает аппетит и обогащает питание.</li><li>Поддерживает иммунную систему вашей собаки и общее самочувствие.<br/><br/>Рекомендации:<br/><br/>Для использования молотого рубца рекомендуется добавлять его непосредственно в сухой корм или сырые рационы.</li><li>Чайная ложка на 10 кг веса животного к порции, 4−5 р в неделю. Подходит всем собакам с 2-х месяцев.<br/><br/>Можно замачивать тёплой водой, добавлять в одно из кормлений.</li><li>Эти вкусняшки не просто корм или лакомства для собак, они являются настоящими деликатесами для животных. Рубец говяжий для собак прекрасно подойдет как лакомство для щенков, так и для собак крупных пород. Благодаря удобной упаковке товар легко хранить и брать с собой в поездки .<br/><br/>Выбирайте молотый говяжий рубец прямо сейчас — натуральную добавку для здоровья вашей собаки! У нас всегда большой выбор лакомств для собак и кошек!<br/><br/></li></ul>",,"говяжий рубец молотый;витаминная добавка для собак; кормовая добавка для собак;говяжий рубец для собак, молотый рубец для собак;лакомства для собак;лакомство для собак;ламинария для собак;Шепард;для собак;для кошек;рубец говяжий для собак молотый",группа 2,220х135х50,Вакуумная упаковка;Пластиковая банка,рубец говяжий для собак молотый,"2309903100 - Прочие продукты, используемые в кормлении животных, не содержащие крахмала или содержащие его 10 мас.% или менее, не содержащие молочных продуктов или содержащие менее 10 мас.% таких продуктов",Россия,Рубец,Говядина,Мягкие,,,,Мясо,,Крупный;Малый;Средний,При плохом аппетите,Без ГМО;Без ароматизаторов;Без вкусовых добавок,В сухом месте;Не подвергать воздействию прямого солнечного света,97,14.8,4.2,100% говяжий рубец,Нет,,
79,SPRD-02264,Лакомство для собак утиная голова 500г Shepherd TM,"1,320.00","2,560.00",Не облагается,Нет,Нет,,4680614022641,534,251,83,285,https://cdn1.ozone.ru/s3/multimedia-1-n/7302631415.jpg,"https://cdn1.ozone.ru/s3/multimedia-1-9/7302631437.jpg
https://cdn1.ozone.ru/s3/multimedia-1-5/7517659433.jpg
https://cdn1.ozone.ru/s3/multimedia-1-j/7302631339.jpg
https://cdn1.ozone.ru/s3/multimedia-1-i/7517662506.jpg
https://cdn1.ozone.ru/s3/multimedia-1-r/7517659563.jpg
https://cdn1.ozone.ru/s3/multimedia-1-9/7302631401.jpg
https://cdn1.ozone.ru/s3/multimedia-1-f/7302631371.jpg
https://cdn1.ozone.ru/s3/multimedia-1-c/7302631368.jpg
https://cdn1.ozone.ru/s3/multimedia-1-t/7517659493.jpg
https://cdn1.ozone.ru/s3/multimedia-1-3/7517659539.jpg
https://cdn1.ozone.ru/s3/multimedia-1-9/7517659401.jpg
https://cdn1.ozone.ru/s3/multimedia-1-6/7517659542.jpg
https://cdn1.ozone.ru/s3/multimedia-1-a/7302631474.jpg
https://cdn1.ozone.ru/s3/multimedia-1-0/7302631356.jpg
https://cdn1.ozone.ru/s3/multimedia-1-6/7517659434.jpg
https://cdn1.ozone.ru/s3/multimedia-1-f/7517662503.jpg
https://cdn1.ozone.ru/s3/multimedia-1-y/7517662486.jpg
https://cdn1.ozone.ru/s3/multimedia-1-v/7302631387.jpg
https://cdn1.ozone.ru/s3/multimedia-1-s/7302631456.jpg
https://cdn1.ozone.ru/s3/multimedia-1-0/7302631428.jpg
https://cdn1.ozone.ru/s3/multimedia-1-j/7302631483.jpg
https://cdn1.ozone.ru/s3/multimedia-1-m/7517662474.jpg
https://cdn1.ozone.ru/s3/multimedia-1-o/7517662512.jpg",,,SHEPHERD,"Утиная голова, сушеная для собак, 100% натуральное.",500,1,,Лакомство,Для собак,365,Для взрослых;Для маленьких;Для пожилых,,"«Занять вашего друга будет легко и вкусно!»<br/><br/>Утиные головы - уникальное сочетание удовольствия и пользы!<br/><br/>Польза:<ul><li>100% натуральный продукт. Богат витаминами и минералами для здоровья вашего четвероногого друга.</li></ul><ul><li>Поддержка здоровья. Витамин В12 укрепляет мышцы и иммунитет щенков с 3-х месяцев.</li><li>Забота о сустава. Хондроитин и глюкозамин – для суставов активных и пожилых собак.</li><li>Красивая шерсть и кожа. Омега-3 и омега-6 для блестящей шерсти и здоровья кожи.</li><li>Безопасность. Нет искусственных добавок, только натуральные ингредиенты.</li><li>Очищение зубов. Хрустящая текстура способствует естественному очищению зубов.<br/><br/>Почему стоит взять несколько вкусов?<ul><li> Разнообразие. Ваш питомец забудет о скучных перекусах, если вы будете чередовать разные вкусы!</li><li>Эксперименты. Найдите тот самый любимый вкус, который станет хитом у вашего друга!</li><li> Соблюдение баланса. Разнообразие помогает обеспечить поступление всех необходимых витаминов и минералов.</li></ul></li></ul>",,Шепард; Shepherd;лакомства для собак;лакомство для собак;утиные головы для собак;утиная;аорта говяжья для собак;головы утиные для собак;лакомство для собак;лакомства для собак;для мелких пород;средних пород;сушеные лакомства для собак; мясо для собак; утка для собак; долгоиграющие лакомства для собак; для зубов собак; кости; косточки; чистка зубов собаке,группа 18,165х30х225,Вакуумная упаковка,,"2309109000 - МАРКИРОВКА РФ - Прочий корм для собак или кошек, расфасованный для розничной продажи",Россия,Голова,Утка,Твердые,,,,Мясо,,Крупный;Малый;Средний,Профилактика зубного налета,Без ГМО;Без ароматизаторов;Без вкусовых добавок,В сухом месте,401,45,23.5,"100% утиная голова.
Назначение: долгоиграющее лакомство
очищает зубы от налета и камня, тренирует челюсть.
Питательная ценность в 100 г:
белки 49.1 г, жиры 23,5 г, кал. 408 кКал.
Срок годности: 12 мес.",Нет,,
80,SPRD-02239,Лакомство для собак бараньи трахеи SHEPHERD TM 500г,"2,695.00","3,850.00",Не облагается,Нет,Нет,,4680614022399,515,300,40,400,https://cdn1.ozone.ru/s3/multimedia-1-q/7294612238.jpg,"https://cdn1.ozone.ru/s3/multimedia-1-m/7294612234.jpg
https://cdn1.ozone.ru/s3/multimedia-1-8/7294612220.jpg
https://cdn1.ozone.ru/s3/multimedia-1-g/7254402892.jpg
https://cdn1.ozone.ru/s3/multimedia-1-c/7254411600.jpg
https://cdn1.ozone.ru/s3/multimedia-1-k/7294612232.jpg
https://cdn1.ozone.ru/s3/multimedia-1-r/7254402939.jpg
https://cdn1.ozone.ru/s3/multimedia-1-p/7254402937.jpg
https://cdn1.ozone.ru/s3/multimedia-1-n/7254402899.jpg
https://cdn1.ozone.ru/s3/multimedia-1-f/7254402891.jpg
https://cdn1.ozone.ru/s3/multimedia-1-e/7294612226.jpg
https://cdn1.ozone.ru/s3/multimedia-1-t/7294612241.jpg
https://cdn1.ozone.ru/s3/multimedia-1-9/7294612221.jpg
https://cdn1.ozone.ru/s3/multimedia-1-f/7294612263.jpg
https://cdn1.ozone.ru/s3/multimedia-1-z/7294612247.jpg
https://cdn1.ozone.ru/s3/multimedia-1-g/7294612228.jpg
https://cdn1.ozone.ru/s3/multimedia-1-j/7294612231.jpg
https://cdn1.ozone.ru/s3/multimedia-1-h/7294612229.jpg
https://cdn1.ozone.ru/s3/multimedia-1-6/7294612218.jpg",,,SHEPHERD,"Бараньи трахеи, сушёное для собак, 100% натуральное",500,1,1,Лакомство,Для собак,365,Для взрослых;Для маленьких;Для пожилых,,"Трахея баранья для собак – это натуральное лакомство, сочетающее вкус и пользу. Хрустящая текстура доставляет удовольствие от жевания, а богатый состав обеспечивает множество преимуществ для здоровья питомца.<br/><br/>Польза:<ul><li>Высокое содержание белка. Способствует росту мышц и повышению энергии.</li><li>Минералы. Фосфор для костей, железо для крови, цинк для иммунитета.</li><li>Кальций. Важен для щенков и собак с проблемами суставов.</li><li>Натуральный состав. 100% баранина без добавок, красителей и консервантов.</li></ul>Идеально подходит как вкусняшки для щенков, лакомство для дрессировки или дополнение рациона собак мелких пород.<br/><br/>Позаботьтесь о здоровье вашего питомца с натуральными лакомствами от SHEPHERD!",,Лакомство для собак;лакомства для собак;лакомства для собак мелких пород;shepherd;трахея баранья для собак;для собак вкусняшки;вкусняшки для грызунов;собачье лакомство;вкусняшки для щенков;трахея для собак;баранина;лакомство для дрессировки собак;трахея,группа 13,400х300х40,Дой-пак;Вакуумная упаковка,"Сушеные трахеи для собак – это ароматные и хрустящие лакомства, которые обязательно понравятся вашему питомцу. Эти деликатесы обогащены хрящевой и соединительной тканью, предоставляя вашему четвероногому другу жевательное удовольствие и множество полезных питательных веществ.","2309109000 - МАРКИРОВКА РФ - Прочий корм для собак или кошек, расфасованный для розничной продажи",Россия,Трахея,Баранина,Твердые,,,,Мясо,,Крупный;Малый;Средний,Профилактика зубного налета,Без ароматизаторов;Без вкусовых добавок;Без ГМО,В сухом месте;Не подвергать воздействию прямого солнечного света,489,33.7,39.3,100% баранья трахея,Нет,,
81,SPRD-02233,Лакомство для собак бараний рубец мелкорубленый SHEPHERD TM 100г,811.00,"1,158.00",Не облагается,Нет,Нет,,4680614022337,119,239,67,273,https://cdn1.ozone.ru/s3/multimedia-b/6868481519.jpg,"https://cdn1.ozone.ru/s3/multimedia-1-g/7217761912.jpg
https://cdn1.ozone.ru/s3/multimedia-1-c/7217761908.jpg
https://cdn1.ozone.ru/s3/multimedia-1-j/7208702119.jpg
https://cdn1.ozone.ru/s3/multimedia-1-m/7209984514.jpg
https://cdn1.ozone.ru/s3/multimedia-j/6868481527.jpg
https://cdn1.ozone.ru/s3/multimedia-1-c/7210671384.jpg
https://cdn1.ozone.ru/s3/multimedia-p/6868481497.jpg
https://cdn1.ozone.ru/s3/multimedia-1-2/7210671446.jpg
https://cdn1.ozone.ru/s3/multimedia-h/6868481525.jpg
https://cdn1.ozone.ru/s3/multimedia-s/6868481500.jpg
https://cdn1.ozone.ru/s3/multimedia-d/6868481485.jpg
https://cdn1.ozone.ru/s3/multimedia-q/6868481498.jpg
https://cdn1.ozone.ru/s3/multimedia-m/6868481494.jpg
https://cdn1.ozone.ru/s3/multimedia-j/6868481491.jpg
https://cdn1.ozone.ru/s3/multimedia-t/6868481501.jpg
https://cdn1.ozone.ru/s3/multimedia-k/6868481528.jpg
https://cdn1.ozone.ru/s3/multimedia-g/6868481488.jpg
https://cdn1.ozone.ru/s3/multimedia-u/6868481502.jpg
https://cdn1.ozone.ru/s3/multimedia-r/6868481499.jpg
https://cdn1.ozone.ru/s3/multimedia-q/6868481534.jpg",,,SHEPHERD,Бараний рубец мелкорубленый,100,,1,Лакомство,Для собак,365,Для пожилых;Для маленьких;Для взрослых,,"Бараний рубец мелкорубленый от SHEPHERD – это превосходное дополнение к рациону вашей собаки, которое сочетает в себе натуральность и высокую питательную ценность.<br/><br/> Польза:<br/><br/>- Улучшение пищеварения. Ферменты помогают улучшить работу пищеварительной системы и способствуют более эффективному перевариванию пищи, что особенно важно для собак с чувствительным желудком.<br/><br/>- Здоровая шерсть. Аминокислоты способствуют улучшению структуры шерсти, делая её более густой, блестящей и здоровой. Помогают поддерживать естественный барьер кожи, защищая её от внешних раздражителей и сухости.<br/><br/>- Витамин РР. Поддерживает здоровье кожи, нормализует работу нервной системы и способствует правильному обмену веществ, что делает вашего питомца более энергичным и жизнерадостным.<br/><br/>- Здоровые кости. Кальций, сера, магний, натрий и калий – все эти элементы поддерживают здоровье костей, зубов, мышц и внутренних органов, обеспечивая организм энергией и силой.<br/><br/>Выбирая продукты от SHEPHERD, вы заботитесь о долголетии и благополучии вашего четвероногого друга. Дайте своему питомцу всё самое лучшее!","{
  ""content"": [
    {
      ""widgetName"": ""raShowcase"",
      ""type"": ""billboard"",
      ""blocks"": [
        {
          ""imgLink"": ""https://www.ozon.ru/seller/shepherd-1468751/products/?miniapp=seller_1468751"",
          ""img"": {
            ""src"": ""https://cdn1.ozone.ru/s3/multimedia-1-f/7435712823.jpg"",
            ""srcMobile"": ""https://cdn1.ozone.ru/s3/multimedia-1-f/7435712823.jpg"",
            ""alt"": """",
            ""position"": ""width_one_third"",
            ""positionMobile"": ""width_full"",
            ""widthMobile"": 1182,
            ""heightMobile"": 1182
          },
          ""title"": {
            ""items"": [
              {
                ""type"": ""text"",
                ""content"": ""Shepherd TM""
              }
            ],
            ""size"": ""size7"",
            ""align"": ""center"",
            ""color"": ""color1""
          },
          ""text"": {
            ""size"": ""size2"",
            ""align"": ""center"",
            ""color"": ""color1"",
            ""items"": [
              {
                ""type"": ""text"",
                ""content"": ""Мы специализируемся на производстве\r""
              },
              {
                ""type"": ""br""
              },
              {
                ""type"": ""text"",
                ""content"": ""100% натуральных лакомств и сбалансированных рационов для животных.""
              },
              {
                ""type"": ""br""
              },
              {
                ""type"": ""text"",
                ""content"": ""У нас большой выбор на любой вкус. Ваши питомцы останутся довольны.""
              },
              {
                ""type"": ""br""
              }
            ]
          }
        }
      ]
    },
    {
      ""widgetName"": ""raTextBlock"",
      ""title"": {
        ""items"": [
          {
            ""type"": ""text"",
            ""content"": ""Бараний рубец мелкорубленый для собак""
          }
        ],
        ""size"": ""size4"",
        ""color"": ""color1"",
        ""align"": ""center""
      },
      ""theme"": ""tertiary"",
      ""padding"": ""type2"",
      ""gapSize"": ""s"",
      ""text"": {
        ""size"": ""size2"",
        ""align"": ""left"",
        ""color"": ""color1"",
        ""items"": [
          {
            ""type"": ""text"",
            ""content"": ""Бараний рубец мелкорубленый от SHEPHERD – это превосходное дополнение к рациону вашей собаки, которое сочетает в себе натуральность и высокую питательную ценность.\r""
          },
          {
            ""type"": ""br""
          },
          {
            ""type"": ""text"",
            ""content"": ""\r""
          },
          {
            ""type"": ""br""
          },
          {
            ""type"": ""text"",
            ""content"": "" Польза:\r""
          },
          {
            ""type"": ""br""
          },
          {
            ""type"": ""text"",
            ""content"": ""\r""
          },
          {
            ""type"": ""br""
          },
          {
            ""type"": ""text"",
            ""content"": ""- Улучшение пищеварения. Ферменты помогают улучшить работу пищеварительной системы и способствуют более эффективному перевариванию пищи, что особенно важно для собак с чувствительным желудком.\r""
          },
          {
            ""type"": ""br""
          },
          {
            ""type"": ""text"",
            ""content"": ""\r""
          },
          {
            ""type"": ""br""
          },
          {
            ""type"": ""text"",
            ""content"": ""- Здоровая шерсть. Аминокислоты способствуют улучшению структуры шерсти, делая её более густой, блестящей и здоровой. Помогают поддерживать естественный барьер кожи, защищая её от внешних раздражителей и сухости.\r""
          },
          {
            ""type"": ""br""
          },
          {
            ""type"": ""text"",
            ""content"": ""\r""
          },
          {
            ""type"": ""br""
          },
          {
            ""type"": ""text"",
            ""content"": ""- Витамин РР. Поддерживает здоровье кожи, нормализует работу нервной системы и способствует правильному обмену веществ, что делает вашего питомца более энергичным и жизнерадостным.\r""
          },
          {
            ""type"": ""br""
          },
          {
            ""type"": ""text"",
            ""content"": ""\r""
          },
          {
            ""type"": ""br""
          },
          {
            ""type"": ""text"",
            ""content"": ""- Здоровые кости. Кальций, сера, магний, натрий и калий – все эти элементы поддерживают здоровье костей, зубов, мышц и внутренних органов, обеспечивая организм энергией и силой.\r""
          },
          {
            ""type"": ""br""
          },
          {
            ""type"": ""text"",
            ""content"": ""\r""
          },
          {
            ""type"": ""br""
          },
          {
            ""type"": ""text"",
            ""content"": ""Выбирая продукты от SHEPHERD, вы заботитесь о долголетии и благополучии вашего четвероногого друга. Дайте своему питомцу всё самое лучшее!""
          }
        ]
      }
    },
    {
      ""widgetName"": ""raShowcase"",
      ""type"": ""chess"",
      ""blocks"": [
        {
          ""img"": {
            ""src"": ""https://cdn1.ozone.ru/s3/multimedia-1-j/7439662495.jpg"",
            ""srcMobile"": ""https://cdn1.ozone.ru/s3/multimedia-1-j/7439662495.jpg"",
            ""alt"": """",
            ""position"": ""to_the_edge"",
            ""positionMobile"": ""fill"",
            ""widthMobile"": 1680,
            ""heightMobile"": 1680
          },
          ""imgLink"": """",
          ""title"": {
            ""items"": [
              {
                ""type"": ""text"",
                ""content"": ""С любовью и заботой ""
              }
            ],
            ""size"": ""size6"",
            ""align"": ""center"",
            ""color"": ""color1""
          },
          ""text"": {
            ""size"": ""size2"",
            ""align"": ""center"",
            ""color"": ""color1"",
            ""items"": [
              {
                ""type"": ""text"",
                ""content"": ""Мы используем только качественное мясо и тщательно следим за стандартами, чтобы обеспечить здоровье ваших питомцев. Наши лакомства – это продукты, созданные с любовью и заботой.""
              }
            ]
          },
          ""reverse"": false
        },
        {
          ""img"": {
            ""src"": ""https://cdn1.ozone.ru/s3/multimedia-1-p/7435712833.jpg"",
            ""srcMobile"": ""https://cdn1.ozone.ru/s3/multimedia-1-p/7435712833.jpg"",
            ""alt"": """",
            ""position"": ""fill"",
            ""positionMobile"": ""fill"",
            ""widthMobile"": 866,
            ""heightMobile"": 831
          },
          ""imgLink"": """",
          ""title"": {
            ""items"": [
              {
                ""type"": ""text"",
                ""content"": ""Технология""
              }
            ],
            ""size"": ""size6"",
            ""align"": ""center"",
            ""color"": ""color1""
          },
          ""text"": {
            ""size"": ""size2"",
            ""align"": ""left"",
            ""color"": ""color1"",
            ""items"": [
              {
                ""type"": ""text"",
                ""content"": ""Мы производим натуральные лакомства и сбалансированные рационы для собак, не используя консерванты и химические добавки.""
              }
            ]
          },
          ""reverse"": true
        }
      ]
    }
  ],
  ""version"": 0.3
}",лакомства для собак;вкусняшки для собак;лакомство для собак;вкусняшки для собак мелких пород;лакомства для собак мелких пород;для собак лакомство;рубец;рубец для собак;лакомство для собак мелких;лакомство;баранина;лакомства для собак средних пород;вкусняшки для собак крупных пород;лакомства для собак крупных пород;молотый рубец для собак;рубец молотый для собак;бараний молотый рубец,группа 16,400х200х30,Вакуумная упаковка,,"2309109000 - МАРКИРОВКА РФ - Прочий корм для собак или кошек, расфасованный для розничной продажи",Россия,Рубец,Баранина,Твердые,,,,Мясо,,Крупный;Малый;Средний,Профилактика зубного налета,Без ГМО;Без ароматизаторов;Без вкусовых добавок,В сухом месте;Не подвергать воздействию прямого солнечного света,82,11.5,4,100% бараний рубец,Нет,,
